{"type":"FeatureCollection", "features": [
{"type":"Feature","geometry":{"type":"Polygon","coordinates":[[[151.6313,-33.1771],[151.6354,-33.1746],[151.6327,-33.1718],[151.6321,-33.1667],[151.6363,-33.1659],[151.6358,-33.1608],[151.6319,-33.1605],[151.63,-33.1581],[151.6315,-33.1517],[151.6354,-33.1466],[151.6382,-33.1467],[151.6417,-33.1425],[151.6446,-33.1367],[151.6431,-33.1307],[151.6471,-33.1288],[151.6483,-33.1215],[151.6467,-33.1159],[151.6474,-33.1117],[151.6531,-33.1017],[151.6586,-33.0993],[151.6592,-33.0968],[151.6654,-33.0901],[151.6651,-33.087],[151.6629,-33.083],[151.6603,-33.0834],[151.6584,-33.0803],[151.6581,-33.0725],[151.6613,-33.0632],[151.6684,-33.0531],[151.6733,-33.0475],[151.6761,-33.0456],[151.6819,-33.0398],[151.6909,-33.0331],[151.7076,-33.022],[151.7205,-33.0148],[151.7253,-33.0143],[151.7282,-33.0113],[151.7299,-33.0069],[151.732,-32.9981],[151.7305,-32.9934],[151.7322,-32.9894],[151.7297,-32.9856],[151.728,-32.9777],[151.7299,-32.9745],[151.7345,-32.9704],[151.7373,-32.9698],[151.738,-32.9648],[151.7409,-32.9611],[151.7467,-32.9569],[151.7562,-32.952],[151.7572,-32.9483],[151.772,-32.9393],[151.7766,-32.9387],[151.7822,-32.9353],[151.7846,-32.9315],[151.7883,-32.9298],[151.7915,-32.9302],[151.7936,-32.9266],[151.793,-32.9234],[151.7996,-32.9176],[151.8038,-32.9154],[151.799,-32.9129],[151.7936,-32.9147],[151.7913,-32.914],[151.7886,-32.9091],[151.7885,-32.9062],[151.7918,-32.8974],[151.7969,-32.8899],[151.8032,-32.8835],[151.8106,-32.8779],[151.8184,-32.8734],[151.8234,-32.8699],[151.8461,-32.8573],[151.8802,-32.8405],[151.8997,-32.8321],[151.9127,-32.827],[151.9185,-32.8251],[151.9343,-32.819],[151.9473,-32.8146],[151.9787,-32.8043],[151.9809,-32.8033],[151.9963,-32.7985],[152.004,-32.797],[152.0117,-32.7947],[152.0317,-32.7901],[152.0372,-32.7883],[152.0573,-32.785],[152.0656,-32.7841],[152.0743,-32.7841],[152.0777,-32.7859],[152.0795,-32.7891],[152.0827,-32.7878],[152.0853,-32.7897],[152.0875,-32.7883],[152.092,-32.791],[152.1032,-32.789],[152.1063,-32.7889],[152.1101,-32.7916],[152.1152,-32.7928],[152.1155,-32.7878],[152.1211,-32.7884],[152.1227,-32.7858],[152.121,-32.7797],[152.1177,-32.7796],[152.1169,-32.7763],[152.1196,-32.7713],[152.1238,-32.7679],[152.1325,-32.7646],[152.1343,-32.7661],[152.1398,-32.7651],[152.1428,-32.7664],[152.1479,-32.765],[152.1572,-32.7655],[152.1609,-32.7634],[152.1611,-32.7599],[152.166,-32.761],[152.171,-32.7605],[152.1753,-32.7543],[152.1733,-32.7523],[152.1749,-32.7498],[152.1721,-32.7488],[152.1709,-32.7456],[152.1721,-32.7431],[152.1787,-32.74],[152.1846,-32.7408],[152.1896,-32.7434],[152.1891,-32.7458],[152.1855,-32.7496],[152.1904,-32.7513],[152.194,-32.7485],[152.1983,-32.7466],[152.2027,-32.7488],[152.2036,-32.7476],[152.2003,-32.7409],[152.1938,-32.7398],[152.1901,-32.7422],[152.1873,-32.7412],[152.184,-32.7376],[152.1843,-32.7336],[152.1832,-32.73],[152.1846,-32.7271],[152.1837,-32.7252],[152.1863,-32.7187],[152.1885,-32.7167],[152.1884,-32.7121],[152.2047,-32.7014],[152.2086,-32.6978],[152.2079,-32.6945],[152.2014,-32.6937],[152.1971,-32.6944],[152.1919,-32.6937],[152.1895,-32.6908],[152.1872,-32.6849],[152.1865,-32.6805],[152.1872,-32.6696],[152.1886,-32.6634],[152.1909,-32.6572],[152.1949,-32.6495],[152.1992,-32.644],[152.2089,-32.633],[152.2159,-32.6266],[152.2217,-32.6219],[152.2315,-32.6153],[152.2478,-32.607],[152.2635,-32.6019],[152.2698,-32.6007],[152.2727,-32.5982],[152.2842,-32.5953],[152.2873,-32.5922],[152.2898,-32.5877],[152.2988,-32.5671],[152.3012,-32.5627],[152.311,-32.5492],[152.324,-32.5366],[152.3371,-32.5262],[152.3461,-32.5201],[152.3619,-32.5106],[152.3761,-32.5031],[152.3962,-32.4942],[152.4068,-32.4904],[152.4112,-32.4866],[152.4177,-32.4833],[152.4344,-32.4764],[152.4482,-32.471],[152.4641,-32.4657],[152.4729,-32.4633],[152.4795,-32.4609],[152.4954,-32.4572],[152.4981,-32.4575],[152.5087,-32.4541],[152.5173,-32.4524],[152.5207,-32.4536],[152.5198,-32.4477],[152.5278,-32.4441],[152.5331,-32.4428],[152.5396,-32.4427],[152.539,-32.4373],[152.5372,-32.4335],[152.5343,-32.4348],[152.5295,-32.4346],[152.5253,-32.4304],[152.5227,-32.4309],[152.5194,-32.4267],[152.517,-32.4163],[152.518,-32.4125],[152.5165,-32.409],[152.5194,-32.4023],[152.5183,-32.3995],[152.5222,-32.3895],[152.5277,-32.3812],[152.5319,-32.3785],[152.5328,-32.3719],[152.5304,-32.3709],[152.5327,-32.3663],[152.5351,-32.3556],[152.5397,-32.3502],[152.5443,-32.3484],[152.5414,-32.3465],[152.5416,-32.3435],[152.5462,-32.337],[152.5517,-32.3347],[152.5472,-32.328],[152.5404,-32.3304],[152.5354,-32.3278],[152.5332,-32.3222],[152.5293,-32.3194],[152.5306,-32.3167],[152.5279,-32.3144],[152.5229,-32.3121],[152.5224,-32.309],[152.5234,-32.297],[152.5261,-32.2823],[152.5317,-32.268],[152.5356,-32.261],[152.5422,-32.251],[152.552,-32.2391],[152.5574,-32.2342],[152.5668,-32.2291],[152.5658,-32.2264],[152.5677,-32.2244],[152.5653,-32.2227],[152.5672,-32.2189],[152.5712,-32.2157],[152.5692,-32.2126],[152.5658,-32.2104],[152.5619,-32.2094],[152.5599,-32.2067],[152.5543,-32.2057],[152.553,-32.2042],[152.5464,-32.2034],[152.5432,-32.2011],[152.543,-32.1982],[152.541,-32.1952],[152.5382,-32.1951],[152.5368,-32.1888],[152.5371,-32.1849],[152.536,-32.1829],[152.5303,-32.1805],[152.5253,-32.1805],[152.5228,-32.1794],[152.5139,-32.178],[152.5108,-32.1727],[152.5085,-32.1722],[152.5061,-32.1621],[152.5059,-32.1485],[152.5068,-32.1413],[152.509,-32.129],[152.5133,-32.1159],[152.5169,-32.1081],[152.5231,-32.0984],[152.5288,-32.0917],[152.5368,-32.0842],[152.5453,-32.0802],[152.5448,-32.0789],[152.5484,-32.0732],[152.5478,-32.0709],[152.545,-32.0704],[152.5434,-32.0671],[152.5449,-32.0626],[152.548,-32.0576],[152.5462,-32.0542],[152.5437,-32.0521],[152.5414,-32.047],[152.543,-32.0384],[152.5453,-32.0328],[152.5522,-32.022],[152.5561,-32.0177],[152.5654,-32.0102],[152.5697,-32.0098],[152.5658,-32.0059],[152.5675,-32.0018],[152.573,-31.9972],[152.573,-31.9938],[152.5747,-31.9907],[152.5823,-31.981],[152.5888,-31.9746],[152.5947,-31.9699],[152.6022,-31.9579],[152.6132,-31.9438],[152.6302,-31.9256],[152.6471,-31.9109],[152.6576,-31.9032],[152.6692,-31.894],[152.6832,-31.8847],[152.6912,-31.8785],[152.7021,-31.8764],[152.7025,-31.8745],[152.707,-31.8701],[152.7133,-31.8652],[152.7306,-31.8538],[152.7438,-31.8472],[152.7483,-31.8454],[152.7516,-31.8461],[152.7546,-31.8449],[152.7547,-31.8411],[152.7508,-31.838],[152.7446,-31.8419],[152.7407,-31.8403],[152.7375,-31.8371],[152.7344,-31.8303],[152.7336,-31.8219],[152.7356,-31.8136],[152.7405,-31.8023],[152.7438,-31.796],[152.7512,-31.785],[152.7638,-31.7692],[152.7706,-31.7624],[152.7835,-31.7487],[152.7977,-31.7341],[152.8023,-31.7324],[152.8043,-31.7281],[152.7855,-31.725],[152.7849,-31.726],[152.7526,-31.7215],[152.7472,-31.721],[152.7375,-31.7244],[152.7359,-31.7232],[152.7444,-31.7166],[152.7394,-31.7159],[152.7331,-31.7102],[152.7299,-31.7042],[152.73,-31.7009],[152.726,-31.7027],[152.7215,-31.7095],[152.6862,-31.7047],[152.6844,-31.7011],[152.6805,-31.704],[152.6751,-31.7023],[152.6642,-31.7004],[152.648,-31.6987],[152.639,-31.6973],[152.6393,-31.6956],[152.617,-31.6931],[152.6077,-31.6925],[152.6013,-31.6927],[152.6008,-31.696],[152.5948,-31.6952],[152.5955,-31.6914],[152.5903,-31.6911],[152.5768,-31.6893],[152.5773,-31.6861],[152.5671,-31.6853],[152.5678,-31.6816],[152.5568,-31.6797],[152.5578,-31.6745],[152.5512,-31.6737],[152.5466,-31.6745],[152.5433,-31.6722],[152.5358,-31.6711],[152.5369,-31.6653],[152.5151,-31.6617],[152.5149,-31.6628],[152.5017,-31.6609],[152.4995,-31.6564],[152.5033,-31.6372],[152.4976,-31.6394],[152.4904,-31.6405],[152.4796,-31.6389],[152.4751,-31.6422],[152.4649,-31.6409],[152.4622,-31.6428],[152.4595,-31.6475],[152.4521,-31.6465],[152.4451,-31.6479],[152.4443,-31.6519],[152.4397,-31.6511],[152.4393,-31.6528],[152.4334,-31.652],[152.4338,-31.6499],[152.4266,-31.6489],[152.427,-31.647],[152.4206,-31.6468],[152.4193,-31.6496],[152.4191,-31.6539],[152.4155,-31.6537],[152.4135,-31.656],[152.4104,-31.6565],[152.4076,-31.6608],[152.409,-31.6634],[152.4071,-31.6682],[152.4039,-31.6669],[152.4004,-31.6674],[152.3972,-31.6658],[152.3917,-31.665],[152.3939,-31.6606],[152.3949,-31.6559],[152.3855,-31.6546],[152.3861,-31.6514],[152.3822,-31.65],[152.3763,-31.6516],[152.371,-31.6499],[152.3579,-31.6527],[152.353,-31.6517],[152.3504,-31.6499],[152.3522,-31.6465],[152.3561,-31.625],[152.347,-31.6237],[152.3484,-31.6163],[152.3352,-31.6144],[152.3334,-31.6232],[152.328,-31.6234],[152.3228,-31.6222],[152.3188,-31.6245],[152.3153,-31.6244],[152.3117,-31.6273],[152.3084,-31.6247],[152.3127,-31.6237],[152.3119,-31.6197],[152.3137,-31.6162],[152.3174,-31.6119],[152.318,-31.6064],[152.3175,-31.6016],[152.319,-31.5998],[152.3239,-31.6],[152.3294,-31.5926],[152.328,-31.5893],[152.3334,-31.5874],[152.3356,-31.5835],[152.3385,-31.583],[152.3428,-31.5842],[152.3445,-31.5832],[152.3473,-31.5784],[152.3469,-31.5756],[152.3409,-31.5741],[152.3408,-31.5718],[152.3383,-31.5687],[152.342,-31.5666],[152.3426,-31.5644],[152.3411,-31.5603],[152.3424,-31.5577],[152.3331,-31.5554],[152.3377,-31.5527],[152.3416,-31.5528],[152.3366,-31.545],[152.3314,-31.5412],[152.3322,-31.5387],[152.3366,-31.534],[152.34,-31.5342],[152.3449,-31.531],[152.3418,-31.5286],[152.3429,-31.5253],[152.3374,-31.5246],[152.3318,-31.5248],[152.3335,-31.5212],[152.3326,-31.5176],[152.3349,-31.5166],[152.3293,-31.5131],[152.3254,-31.5135],[152.32,-31.5122],[152.3171,-31.5133],[152.3121,-31.5126],[152.3052,-31.513],[152.3029,-31.5155],[152.3022,-31.5183],[152.299,-31.5203],[152.2964,-31.5243],[152.2945,-31.5246],[152.2925,-31.521],[152.2896,-31.519],[152.2846,-31.5215],[152.2826,-31.524],[152.2788,-31.5217],[152.2812,-31.5174],[152.2777,-31.514],[152.2701,-31.5026],[152.2716,-31.5005],[152.2689,-31.4985],[152.2672,-31.4935],[152.2627,-31.4918],[152.2545,-31.4873],[152.2514,-31.4899],[152.2537,-31.4916],[152.2508,-31.498],[152.2445,-31.5044],[152.2413,-31.5029],[152.2387,-31.5057],[152.2379,-31.5085],[152.23,-31.5095],[152.2235,-31.5089],[152.2174,-31.5074],[152.2152,-31.5113],[152.215,-31.5151],[152.2173,-31.5163],[152.217,-31.5188],[152.2097,-31.5294],[152.2124,-31.5304],[152.2132,-31.5329],[152.2096,-31.5367],[152.2097,-31.5381],[152.2051,-31.5401],[152.2015,-31.5379],[152.1979,-31.5379],[152.1937,-31.534],[152.1904,-31.5289],[152.1907,-31.527],[152.1825,-31.5232],[152.1811,-31.5204],[152.1782,-31.5191],[152.1798,-31.5167],[152.1795,-31.5124],[152.1822,-31.5082],[152.1806,-31.5066],[152.1814,-31.5031],[152.1815,-31.497],[152.1832,-31.4903],[152.1875,-31.4868],[152.188,-31.479],[152.186,-31.4776],[152.1795,-31.4766],[152.1773,-31.4747],[152.1752,-31.4699],[152.177,-31.4566],[152.1727,-31.4543],[152.1721,-31.4521],[152.1668,-31.4504],[152.164,-31.4459],[152.1599,-31.4443],[152.154,-31.4456],[152.1475,-31.4424],[152.1485,-31.45],[152.1511,-31.4576],[152.1507,-31.4682],[152.154,-31.475],[152.1542,-31.4797],[152.1586,-31.4818],[152.16,-31.4849],[152.1602,-31.491],[152.164,-31.4948],[152.1657,-31.5002],[152.1634,-31.5066],[152.1652,-31.5137],[152.1641,-31.5171],[152.0858,-31.5073],[152.0851,-31.5021],[152.0838,-31.5005],[152.07,-31.4984],[152.0069,-31.49],[151.9807,-31.4862],[151.9765,-31.4859],[151.9484,-31.4817],[151.9128,-31.4767],[151.9108,-31.4793],[151.9108,-31.4821],[151.9142,-31.4818],[151.915,-31.4843],[151.9119,-31.4849],[151.9116,-31.4913],[151.9147,-31.4936],[151.913,-31.4975],[151.9111,-31.4992],[151.913,-31.5038],[151.917,-31.5042],[151.9183,-31.5083],[151.9158,-31.5101],[151.8446,-31.4994],[151.8428,-31.509],[151.8179,-31.5057],[151.8175,-31.5072],[151.8026,-31.505],[151.7975,-31.5071],[151.7955,-31.5109],[151.7895,-31.5151],[151.7806,-31.5136],[151.7774,-31.5117],[151.7744,-31.5131],[151.7616,-31.5112],[151.7607,-31.5154],[151.7533,-31.5143],[151.7547,-31.5184],[151.7566,-31.5203],[151.7537,-31.5244],[151.7548,-31.527],[151.7597,-31.5307],[151.7585,-31.5354],[151.7617,-31.5374],[151.7639,-31.5409],[151.7734,-31.5444],[151.7804,-31.5452],[151.7831,-31.5472],[151.7866,-31.5478],[151.7875,-31.5495],[151.7882,-31.5599],[151.7928,-31.5648],[151.8004,-31.5676],[151.8025,-31.5739],[151.7832,-31.5857],[151.7816,-31.5926],[151.7751,-31.5917],[151.7753,-31.5904],[151.7571,-31.6017],[151.7573,-31.6075],[151.7553,-31.6114],[151.7576,-31.6144],[151.7584,-31.6191],[151.7562,-31.6215],[151.7588,-31.6251],[151.7558,-31.6254],[151.7559,-31.6308],[151.7538,-31.6339],[151.7566,-31.6381],[151.74,-31.6359],[151.7331,-31.6285],[151.7263,-31.6269],[151.7247,-31.6291],[151.7202,-31.6272],[151.7135,-31.6207],[151.7111,-31.6235],[151.7089,-31.6236],[151.7013,-31.62],[151.7,-31.6228],[151.6961,-31.622],[151.6901,-31.6223],[151.6882,-31.6183],[151.6915,-31.6158],[151.684,-31.6112],[151.6823,-31.6088],[151.6788,-31.6097],[151.6752,-31.6127],[151.6674,-31.6114],[151.6651,-31.6131],[151.66,-31.6122],[151.6591,-31.609],[151.6562,-31.6078],[151.656,-31.6041],[151.65,-31.6025],[151.6497,-31.6051],[151.6475,-31.6069],[151.6422,-31.6057],[151.6438,-31.6113],[151.6368,-31.6104],[151.6328,-31.6133],[151.6287,-31.6121],[151.6277,-31.608],[151.6245,-31.6068],[151.6198,-31.6083],[151.6118,-31.6068],[151.6094,-31.6029],[151.601,-31.5957],[151.5961,-31.6001],[151.5936,-31.5992],[151.591,-31.6025],[151.5856,-31.6025],[151.5849,-31.6043],[151.5801,-31.6048],[151.5764,-31.6025],[151.5754,-31.6047],[151.5707,-31.6065],[151.5699,-31.6097],[151.564,-31.6072],[151.558,-31.603],[151.5572,-31.6008],[151.5505,-31.602],[151.5437,-31.6019],[151.5363,-31.5981],[151.5366,-31.5963],[151.5297,-31.5925],[151.5252,-31.5927],[151.5241,-31.5907],[151.5208,-31.5891],[151.5187,-31.5866],[151.5147,-31.5882],[151.5124,-31.5844],[151.5134,-31.5804],[151.5112,-31.5783],[151.5074,-31.5798],[151.5029,-31.5752],[151.4982,-31.5753],[151.495,-31.5715],[151.4933,-31.5741],[151.4899,-31.5716],[151.4857,-31.5666],[151.4665,-31.564],[151.4576,-31.6097],[151.4554,-31.6104],[151.4482,-31.6052],[151.4489,-31.6011],[151.4442,-31.6005],[151.4405,-31.5965],[151.4402,-31.5943],[151.4355,-31.5958],[151.4332,-31.5913],[151.4374,-31.5866],[151.4346,-31.5846],[151.4384,-31.5812],[151.4353,-31.5754],[151.4311,-31.575],[151.4305,-31.5695],[151.4269,-31.5649],[151.4234,-31.5695],[151.419,-31.5673],[151.4212,-31.5658],[151.4209,-31.5634],[151.4123,-31.5636],[151.4064,-31.5659],[151.4057,-31.5638],[151.401,-31.5582],[151.3998,-31.5605],[151.3948,-31.5601],[151.3927,-31.5625],[151.3897,-31.5604],[151.3934,-31.555],[151.3904,-31.5542],[151.3888,-31.5562],[151.3828,-31.557],[151.3823,-31.5587],[151.377,-31.562],[151.374,-31.5605],[151.3717,-31.5575],[151.3685,-31.5596],[151.3642,-31.5602],[151.3615,-31.5588],[151.3569,-31.5607],[151.3538,-31.5593],[151.3515,-31.5637],[151.3492,-31.5605],[151.3468,-31.561],[151.3434,-31.5561],[151.337,-31.5584],[151.3383,-31.5619],[151.3355,-31.5646],[151.3318,-31.5624],[151.3265,-31.5641],[151.328,-31.5664],[151.3233,-31.568],[151.3232,-31.5712],[151.326,-31.5715],[151.3256,-31.5759],[151.3194,-31.5763],[151.3202,-31.5782],[151.3169,-31.5806],[151.3118,-31.5793],[151.3106,-31.5812],[151.3052,-31.5833],[151.3057,-31.5872],[151.3013,-31.586],[151.2988,-31.5874],[151.2965,-31.5852],[151.2938,-31.5862],[151.2926,-31.5939],[151.2888,-31.5956],[151.2848,-31.601],[151.2809,-31.5999],[151.2788,-31.6042],[151.2699,-31.6126],[151.2657,-31.6139],[151.262,-31.6184],[151.2562,-31.6175],[151.2552,-31.6232],[151.2519,-31.6226],[151.2472,-31.6472],[151.2382,-31.6461],[151.2352,-31.6619],[151.2306,-31.6533],[151.2257,-31.6522],[151.2226,-31.6487],[151.2095,-31.6441],[151.2051,-31.642],[151.2011,-31.6416],[151.1953,-31.6396],[151.1876,-31.6355],[151.185,-31.6328],[151.1791,-31.6314],[151.1755,-31.6289],[151.1688,-31.6322],[151.1655,-31.6326],[151.1533,-31.6262],[151.1486,-31.628],[151.1446,-31.6282],[151.1392,-31.6264],[151.1334,-31.6288],[151.1276,-31.6293],[151.1239,-31.631],[151.1168,-31.6317],[151.1146,-31.6286],[151.1104,-31.6191],[151.1015,-31.618],[151.0992,-31.6163],[151.0923,-31.6167],[151.0897,-31.6116],[151.0823,-31.609],[151.0762,-31.6079],[151.0759,-31.6019],[151.0712,-31.5989],[151.0676,-31.5948],[151.0633,-31.5965],[151.0497,-31.5986],[151.0425,-31.599],[151.0367,-31.5976],[151.0329,-31.5953],[151.0277,-31.5954],[151.024,-31.598],[151.0191,-31.6001],[151.0152,-31.6004],[151.0109,-31.6021],[151.0067,-31.6013],[151.0046,-31.6026],[150.9985,-31.6034],[150.9939,-31.612],[150.9944,-31.6148],[150.9915,-31.6206],[150.9944,-31.6247],[150.9941,-31.6275],[150.9984,-31.633],[150.9991,-31.635],[150.9967,-31.6375],[150.9854,-31.6421],[150.9797,-31.6424],[150.9775,-31.645],[150.9723,-31.6469],[150.9672,-31.6446],[150.9582,-31.6431],[150.9541,-31.6438],[150.9485,-31.6419],[150.9441,-31.6417],[150.932,-31.64],[150.9301,-31.6501],[150.9141,-31.6479],[150.9133,-31.6515],[150.9087,-31.6552],[150.9045,-31.6558],[150.9019,-31.6579],[150.9002,-31.6617],[150.8939,-31.6648],[150.9101,-31.6671],[150.9108,-31.6697],[150.9064,-31.6691],[150.904,-31.6816],[150.8964,-31.6805],[150.8953,-31.6825],[150.8977,-31.686],[150.8995,-31.6911],[150.8935,-31.6951],[150.8892,-31.6969],[150.8881,-31.6954],[150.8868,-31.6888],[150.8799,-31.689],[150.8817,-31.6952],[150.8857,-31.6998],[150.886,-31.7025],[150.8788,-31.7002],[150.8755,-31.697],[150.8711,-31.6992],[150.8658,-31.6993],[150.8626,-31.7154],[150.8554,-31.7143],[150.8521,-31.7166],[150.849,-31.7305],[150.8404,-31.7288],[150.8359,-31.7323],[150.8312,-31.7337],[150.8259,-31.7315],[150.8166,-31.7314],[150.8139,-31.7325],[150.8098,-31.7311],[150.8023,-31.7332],[150.7969,-31.7365],[150.7958,-31.7423],[150.7935,-31.7436],[150.7928,-31.7472],[150.7896,-31.7475],[150.7881,-31.7498],[150.7786,-31.7554],[150.7806,-31.7576],[150.779,-31.7656],[150.7705,-31.7643],[150.7698,-31.7676],[150.7673,-31.7673],[150.7666,-31.7708],[150.7624,-31.7704],[150.7599,-31.7823],[150.7386,-31.7793],[150.7355,-31.79],[150.7267,-31.7918],[150.7189,-31.7961],[150.7129,-31.8047],[150.7196,-31.8088],[150.7212,-31.8107],[150.7286,-31.8143],[150.7288,-31.8203],[150.7271,-31.8251],[150.723,-31.8275],[150.725,-31.8336],[150.7234,-31.8386],[150.7179,-31.8396],[150.7115,-31.8388],[150.708,-31.8397],[150.7051,-31.8389],[150.7033,-31.8415],[150.6999,-31.8424],[150.6927,-31.8392],[150.6868,-31.8399],[150.6841,-31.8415],[150.6809,-31.8408],[150.679,-31.8423],[150.6735,-31.8414],[150.6711,-31.8445],[150.6644,-31.8437],[150.6601,-31.8422],[150.654,-31.8446],[150.6498,-31.8441],[150.6478,-31.8424],[150.6349,-31.8447],[150.6284,-31.8381],[150.6219,-31.8424],[150.6164,-31.8444],[150.6128,-31.8475],[150.6096,-31.8476],[150.6062,-31.8434],[150.6027,-31.8428],[150.5967,-31.8435],[150.5942,-31.8467],[150.5918,-31.8467],[150.5856,-31.8435],[150.5813,-31.8437],[150.5775,-31.8457],[150.5732,-31.8463],[150.5709,-31.8444],[150.5663,-31.8445],[150.5636,-31.8468],[150.5582,-31.8475],[150.5542,-31.8494],[150.5529,-31.8547],[150.5466,-31.8582],[150.5361,-31.8551],[150.5325,-31.8511],[150.5278,-31.8501],[150.5247,-31.8467],[150.5249,-31.8439],[150.5184,-31.8437],[150.5075,-31.8382],[150.5062,-31.8344],[150.4954,-31.8334],[150.4914,-31.8345],[150.4878,-31.8313],[150.4823,-31.8315],[150.4719,-31.8367],[150.4709,-31.8397],[150.466,-31.8445],[150.4621,-31.8462],[150.458,-31.8512],[150.451,-31.8536],[150.4431,-31.8548],[150.4389,-31.8517],[150.4328,-31.8501],[150.4312,-31.8476],[150.4309,-31.843],[150.4262,-31.8408],[150.4148,-31.8388],[150.4126,-31.8352],[150.4075,-31.8334],[150.4003,-31.8361],[150.3978,-31.8389],[150.3928,-31.8379],[150.3886,-31.8388],[150.3827,-31.842],[150.3767,-31.8417],[150.3737,-31.8401],[150.3677,-31.8425],[150.3615,-31.8384],[150.3582,-31.8314],[150.3529,-31.8298],[150.3463,-31.8292],[150.3382,-31.8258],[150.3346,-31.8254],[150.3304,-31.8271],[150.3272,-31.8267],[150.3232,-31.8287],[150.3199,-31.8321],[150.315,-31.8325],[150.3073,-31.8366],[150.3057,-31.8395],[150.3066,-31.8427],[150.301,-31.8456],[150.2988,-31.8478],[150.2937,-31.8489],[150.2858,-31.8427],[150.281,-31.844],[150.2773,-31.8421],[150.2724,-31.8415],[150.2688,-31.8386],[150.2638,-31.8368],[150.2547,-31.8359],[150.2518,-31.8339],[150.2442,-31.8264],[150.2418,-31.8255],[150.2369,-31.8271],[150.2287,-31.8266],[150.2244,-31.8257],[150.2222,-31.8237],[150.2169,-31.8245],[150.2115,-31.8237],[150.2097,-31.8224],[150.2016,-31.8243],[150.1988,-31.8231],[150.189,-31.8153],[150.1851,-31.8137],[150.1855,-31.8098],[150.1817,-31.8043],[150.1842,-31.8012],[150.1825,-31.7992],[150.1774,-31.7982],[150.1724,-31.795],[150.171,-31.7905],[150.1676,-31.7889],[150.1659,-31.7857],[150.1628,-31.7843],[150.1614,-31.7796],[150.1561,-31.7737],[150.1517,-31.7659],[150.1404,-31.7667],[150.1352,-31.7685],[150.1256,-31.7628],[150.1272,-31.7596],[150.1247,-31.7539],[150.1156,-31.7529],[150.1106,-31.7461],[150.1103,-31.7489],[150.1059,-31.7484],[150.0999,-31.749],[150.0942,-31.7525],[150.0894,-31.7544],[150.0842,-31.7585],[150.0768,-31.7624],[150.0744,-31.7626],[150.0692,-31.7664],[150.0687,-31.7729],[150.0651,-31.7758],[150.0617,-31.777],[150.0497,-31.7865],[150.0475,-31.7906],[150.0461,-31.7967],[150.0412,-31.7986],[150.041,-31.8046],[150.0364,-31.812],[150.0343,-31.8169],[150.0292,-31.8211],[150.0257,-31.825],[150.0241,-31.8286],[150.0185,-31.8311],[150.0154,-31.8346],[150.0132,-31.8346],[150.01,-31.8374],[150.0047,-31.8362],[150.0022,-31.8397],[149.9973,-31.8422],[149.9922,-31.8435],[149.991,-31.8463],[149.9861,-31.8498],[149.9806,-31.8513],[149.9786,-31.8536],[149.9774,-31.8574],[149.9733,-31.8577],[149.9686,-31.8615],[149.9666,-31.8609],[149.9601,-31.8632],[149.9587,-31.8648],[149.9539,-31.8663],[149.9519,-31.8694],[149.9487,-31.8689],[149.9462,-31.8724],[149.9472,-31.8739],[149.9408,-31.8791],[149.9346,-31.8815],[149.9281,-31.8818],[149.9246,-31.8862],[149.9224,-31.885],[149.9186,-31.8906],[149.9202,-31.893],[149.914,-31.8964],[149.9139,-31.8988],[149.9048,-31.9047],[149.8998,-31.9116],[149.8969,-31.9141],[149.8986,-31.9185],[149.8909,-31.9268],[149.8879,-31.9268],[149.8883,-31.9297],[149.8864,-31.9342],[149.8832,-31.9344],[149.8834,-31.9379],[149.8783,-31.939],[149.8759,-31.9427],[149.8721,-31.9453],[149.8717,-31.9499],[149.8694,-31.9505],[149.8692,-31.9536],[149.8662,-31.9569],[149.8661,-31.9615],[149.8635,-31.9614],[149.8614,-31.9649],[149.8573,-31.9662],[149.8567,-31.97],[149.8513,-31.9709],[149.8486,-31.9725],[149.849,-31.9752],[149.846,-31.981],[149.8422,-31.9826],[149.8391,-31.9874],[149.8578,-31.9895],[149.8589,-31.9826],[149.8756,-31.9845],[149.8738,-31.9959],[149.8825,-31.9969],[149.8797,-31.9999],[149.8735,-32.012],[149.874,-32.0171],[149.873,-32.0194],[149.8749,-32.0311],[149.8685,-32.0302],[149.8697,-32.0238],[149.8598,-32.0225],[149.8584,-32.0304],[149.8566,-32.03],[149.8499,-32.0256],[149.8406,-32.0308],[149.8276,-32.0342],[149.8257,-32.0373],[149.8219,-32.0385],[149.8133,-32.0397],[149.8082,-32.0393],[149.8053,-32.0552],[149.8029,-32.0579],[149.7957,-32.0581],[149.7916,-32.0794],[149.7975,-32.0802],[149.7952,-32.0927],[149.8022,-32.0937],[149.803,-32.0893],[149.8125,-32.0907],[149.8121,-32.0929],[149.8164,-32.0935],[149.816,-32.0957],[149.8208,-32.0964],[149.8194,-32.1036],[149.8288,-32.1048],[149.829,-32.1039],[149.846,-32.1061],[149.8459,-32.1123],[149.8452,-32.117],[149.8485,-32.1174],[149.8498,-32.1092],[149.8609,-32.1106],[149.8612,-32.1086],[149.8923,-32.1127],[149.8923,-32.118],[149.894,-32.1199],[149.9219,-32.123],[149.9228,-32.1181],[149.9323,-32.1192],[149.9303,-32.1311],[149.9219,-32.1301],[149.9207,-32.1375],[149.9341,-32.1335],[149.9405,-32.1346],[149.9481,-32.1349],[149.9452,-32.1391],[149.9449,-32.1411],[149.9404,-32.1527],[149.9393,-32.157],[149.9646,-32.1602],[149.9608,-32.1819],[149.9826,-32.1847],[149.9851,-32.1706],[149.9894,-32.1711],[149.9907,-32.1637],[150.0006,-32.1647],[150.0011,-32.1616],[150.0095,-32.1627],[150.0092,-32.1697],[150.0081,-32.1766],[150.0155,-32.1784],[150.014,-32.1866],[150.0171,-32.1867],[150.0231,-32.1836],[150.0265,-32.1872],[150.0287,-32.1873],[150.0269,-32.1949],[150.0348,-32.1959],[150.0381,-32.1982],[150.0358,-32.1903],[150.0366,-32.189],[150.0414,-32.1887],[150.0439,-32.1931],[150.0477,-32.1927],[150.0525,-32.1885],[150.0543,-32.1884],[150.0589,-32.1928],[150.0609,-32.1922],[150.0621,-32.1849],[150.0637,-32.1842],[150.0698,-32.1881],[150.0722,-32.1918],[150.069,-32.1959],[150.0658,-32.1966],[150.064,-32.201],[150.0627,-32.2081],[150.0589,-32.2076],[150.0577,-32.2147],[150.0514,-32.2139],[150.0488,-32.2163],[150.0479,-32.2215],[150.0516,-32.226],[150.0603,-32.2273],[150.0589,-32.2351],[150.0553,-32.2389],[150.0571,-32.2412],[150.0612,-32.2425],[150.063,-32.2457],[150.0594,-32.2501],[150.0574,-32.2507],[150.0464,-32.244],[150.0459,-32.2515],[150.0516,-32.2536],[150.0526,-32.259],[150.0457,-32.2619],[150.0419,-32.2623],[150.043,-32.2685],[150.0456,-32.2756],[150.0438,-32.2791],[150.0438,-32.2821],[150.0418,-32.286],[150.0353,-32.2856],[150.0331,-32.29],[150.037,-32.2919],[150.0349,-32.2954],[150.0298,-32.2914],[150.028,-32.2915],[150.0267,-32.2962],[150.0218,-32.3038],[150.0219,-32.3057],[150.0266,-32.3113],[150.0317,-32.3148],[150.0318,-32.3167],[150.0276,-32.3252],[150.0288,-32.3328],[150.0316,-32.3337],[150.0367,-32.3284],[150.04,-32.3286],[150.0424,-32.3322],[150.0469,-32.337],[150.0505,-32.346],[150.053,-32.35],[150.0624,-32.3547],[150.067,-32.3561],[150.0694,-32.3547],[150.0654,-32.3456],[150.0672,-32.3437],[150.0765,-32.3445],[150.08,-32.3431],[150.0914,-32.342],[150.1022,-32.3428],[150.1143,-32.3408],[150.1171,-32.3395],[150.1243,-32.3413],[150.1275,-32.3411],[150.1314,-32.3374],[150.1332,-32.337],[150.139,-32.3406],[150.1421,-32.3416],[150.1451,-32.34],[150.1464,-32.3375],[150.1496,-32.3351],[150.1517,-32.3297],[150.1546,-32.3273],[150.1596,-32.3266],[150.1594,-32.3303],[150.1625,-32.3336],[150.1656,-32.3291],[150.1638,-32.3211],[150.1656,-32.32],[150.1694,-32.3219],[150.1712,-32.3247],[150.1767,-32.3257],[150.1785,-32.3274],[150.1792,-32.3332],[150.1841,-32.3326],[150.1879,-32.3346],[150.1862,-32.3428],[150.1871,-32.3489],[150.1899,-32.3497],[150.1903,-32.3456],[150.1919,-32.3422],[150.1958,-32.3389],[150.1957,-32.3349],[150.1971,-32.3325],[150.2042,-32.3332],[150.2065,-32.3343],[150.207,-32.339],[150.2096,-32.3395],[150.216,-32.3384],[150.2179,-32.3366],[150.2149,-32.3325],[150.2152,-32.3297],[150.2132,-32.3279],[150.2079,-32.3268],[150.2062,-32.3246],[150.2071,-32.3204],[150.2114,-32.3181],[150.2144,-32.3233],[150.218,-32.3216],[150.2208,-32.3154],[150.224,-32.3143],[150.2316,-32.3142],[150.2351,-32.3088],[150.2397,-32.3088],[150.2424,-32.3118],[150.2464,-32.3121],[150.2474,-32.3081],[150.2493,-32.3057],[150.2549,-32.3028],[150.2525,-32.3091],[150.2571,-32.315],[150.2616,-32.3149],[150.2608,-32.3178],[150.2558,-32.3197],[150.2522,-32.3228],[150.2523,-32.3255],[150.2593,-32.3276],[150.2613,-32.3268],[150.2666,-32.3213],[150.2699,-32.3212],[150.2706,-32.3246],[150.2603,-32.3344],[150.2596,-32.3388],[150.2612,-32.3428],[150.2605,-32.3462],[150.2619,-32.3485],[150.2615,-32.352],[150.2642,-32.3543],[150.2632,-32.356],[150.2585,-32.3566],[150.2596,-32.3596],[150.264,-32.362],[150.2651,-32.369],[150.268,-32.3713],[150.2667,-32.3757],[150.2709,-32.378],[150.2734,-32.3806],[150.2767,-32.3811],[150.279,-32.3758],[150.2832,-32.3742],[150.2861,-32.3759],[150.2876,-32.3797],[150.2815,-32.3831],[150.2843,-32.3863],[150.2877,-32.3868],[150.2959,-32.3839],[150.2978,-32.3804],[150.3002,-32.3786],[150.302,-32.375],[150.3055,-32.3735],[150.307,-32.3752],[150.3062,-32.3795],[150.3092,-32.3861],[150.3166,-32.3851],[150.319,-32.3874],[150.3192,-32.3907],[150.3161,-32.3919],[150.3146,-32.3948],[150.3156,-32.3984],[150.3151,-32.4013],[150.3161,-32.4044],[150.3186,-32.4068],[150.3178,-32.4096],[150.3106,-32.4092],[150.3096,-32.4141],[150.3028,-32.4153],[150.2997,-32.4194],[150.2915,-32.4208],[150.2879,-32.4225],[150.2835,-32.4205],[150.2795,-32.4225],[150.2789,-32.4269],[150.2798,-32.429],[150.2761,-32.4316],[150.2769,-32.4344],[150.2731,-32.4359],[150.2694,-32.4441],[150.2691,-32.4475],[150.2653,-32.4508],[150.2579,-32.4546],[150.254,-32.458],[150.247,-32.4603],[150.2455,-32.4577],[150.2408,-32.4586],[150.236,-32.4569],[150.2344,-32.4543],[150.2274,-32.4557],[150.2267,-32.4629],[150.2313,-32.4651],[150.2383,-32.4729],[150.2365,-32.4761],[150.2373,-32.4797],[150.2402,-32.4806],[150.2459,-32.4805],[150.2475,-32.4828],[150.2465,-32.4883],[150.2405,-32.4944],[150.2402,-32.4983],[150.2423,-32.501],[150.243,-32.5052],[150.2414,-32.5089],[150.2415,-32.5127],[150.2469,-32.5189],[150.2487,-32.5236],[150.2436,-32.5263],[150.2433,-32.532],[150.2418,-32.5384],[150.2436,-32.5413],[150.2429,-32.5476],[150.2475,-32.55],[150.2426,-32.5574],[150.2376,-32.5668],[150.2368,-32.574],[150.266,-32.5777],[150.262,-32.5866],[150.2606,-32.5957],[150.2595,-32.5977],[150.2527,-32.6008],[150.2474,-32.6003],[150.2436,-32.6016],[150.2397,-32.6016],[150.2369,-32.6058],[150.2364,-32.6084],[150.232,-32.6096],[150.2277,-32.6123],[150.2512,-32.6153],[150.3113,-32.6469],[150.3202,-32.6479],[150.3189,-32.6551],[150.3204,-32.6553],[150.3193,-32.6608],[150.3133,-32.664],[150.3081,-32.6652],[150.308,-32.6685],[150.3061,-32.6712],[150.3063,-32.6744],[150.3049,-32.6784],[150.306,-32.6802],[150.3025,-32.6831],[150.3,-32.6897],[150.2969,-32.6916],[150.2908,-32.7209],[150.2801,-32.7292],[150.2774,-32.732],[150.2755,-32.7476],[150.2819,-32.7553],[150.2826,-32.7575],[150.2886,-32.7651],[150.2937,-32.765],[150.2973,-32.7671],[150.3001,-32.7722],[150.3025,-32.7742],[150.3073,-32.7755],[150.3141,-32.7799],[150.3177,-32.7845],[150.3207,-32.7834],[150.3252,-32.7859],[150.3293,-32.7844],[150.3321,-32.7885],[150.3379,-32.7903],[150.3414,-32.7946],[150.3384,-32.798],[150.3398,-32.8012],[150.3374,-32.804],[150.3385,-32.809],[150.3425,-32.8149],[150.3495,-32.8184],[150.3508,-32.8269],[150.3558,-32.84],[150.3621,-32.845],[150.3621,-32.8493],[150.3607,-32.8526],[150.3608,-32.8569],[150.3589,-32.8596],[150.3617,-32.8668],[150.3601,-32.8687],[150.3569,-32.8686],[150.351,-32.8708],[150.3424,-32.8701],[150.3405,-32.8719],[150.3405,-32.8756],[150.3359,-32.8803],[150.3356,-32.8833],[150.3403,-32.8878],[150.3438,-32.8879],[150.3472,-32.8908],[150.3466,-32.8955],[150.35,-32.9007],[150.3505,-32.9031],[150.349,-32.9095],[150.353,-32.9103],[150.3532,-32.9142],[150.3552,-32.9177],[150.353,-32.9235],[150.3553,-32.9253],[150.3594,-32.9251],[150.3641,-32.9341],[150.3697,-32.9411],[150.368,-32.9451],[150.3686,-32.948],[150.3673,-32.9509],[150.3686,-32.9541],[150.3725,-32.9546],[150.3724,-32.9565],[150.3765,-32.9588],[150.376,-32.9648],[150.3708,-32.9668],[150.3712,-32.9708],[150.367,-32.9718],[150.3761,-32.9891],[150.3765,-32.9984],[150.3742,-33.0051],[150.3697,-33.0115],[150.3709,-33.0159],[150.3761,-33.0179],[150.3788,-33.0206],[150.3803,-33.0248],[150.3868,-33.0276],[150.39,-33.0306],[150.3919,-33.034],[150.3933,-33.0394],[150.3992,-33.0353],[150.4042,-33.0288],[150.4051,-33.0249],[150.4075,-33.024],[150.4132,-33.0242],[150.4194,-33.028],[150.4258,-33.0293],[150.4314,-33.0358],[150.4378,-33.0347],[150.4416,-33.0376],[150.4486,-33.0356],[150.4514,-33.0369],[150.4533,-33.0408],[150.4586,-33.0422],[150.4608,-33.0448],[150.4662,-33.047],[150.4702,-33.0458],[150.4755,-33.0471],[150.4784,-33.0466],[150.4847,-33.0486],[150.4888,-33.0479],[150.4915,-33.0463],[150.4919,-33.0434],[150.4964,-33.0342],[150.4982,-33.0355],[150.5033,-33.0354],[150.5088,-33.0376],[150.5142,-33.0366],[150.5181,-33.0343],[150.5218,-33.0361],[150.5318,-33.0374],[150.5336,-33.0406],[150.538,-33.042],[150.5411,-33.0404],[150.544,-33.0428],[150.548,-33.0432],[150.5493,-33.0447],[150.5483,-33.048],[150.5523,-33.0516],[150.5532,-33.0551],[150.5527,-33.0595],[150.5574,-33.0602],[150.5614,-33.0591],[150.5716,-33.0587],[150.5788,-33.0628],[150.5834,-33.0631],[150.5875,-33.0622],[150.5905,-33.0657],[150.5957,-33.066],[150.6038,-33.0697],[150.6092,-33.0688],[150.6107,-33.0662],[150.6283,-33.061],[150.6302,-33.0586],[150.7279,-33.072],[150.7181,-33.0687],[150.7166,-33.0653],[150.7083,-33.0597],[150.7054,-33.0561],[150.7063,-33.0494],[150.7056,-33.0447],[150.7002,-33.0424],[150.6947,-33.0421],[150.6909,-33.0441],[150.6821,-33.0447],[150.6814,-33.0415],[150.6831,-33.0401],[150.6817,-33.034],[150.6819,-33.0315],[150.679,-33.0277],[150.6724,-33.0268],[150.6722,-33.0215],[150.6752,-33.018],[150.6772,-33.0133],[150.6837,-33.0088],[150.6873,-33.0014],[150.6858,-32.9968],[150.6967,-32.9964],[150.6972,-32.999],[150.6998,-32.9995],[150.7038,-33.0058],[150.7029,-33.0104],[150.7094,-33.0114],[150.7112,-33.0133],[150.7148,-33.014],[150.7166,-33.012],[150.7234,-33.0126],[150.7315,-33.0174],[150.7357,-33.0162],[150.741,-33.0195],[150.7446,-33.0198],[150.7458,-33.0219],[150.7512,-33.0206],[150.7518,-33.0179],[150.7566,-33.0154],[150.7611,-33.0148],[150.7638,-33.0003],[150.8048,-33.006],[150.8067,-33.0111],[150.8119,-33.0117],[150.8139,-33.0152],[150.8162,-33.0161],[150.819,-33.0145],[150.8203,-33.0174],[150.8175,-33.0184],[150.8184,-33.0233],[150.8259,-33.0255],[150.827,-33.0284],[150.8323,-33.033],[150.8356,-33.0306],[150.8395,-33.0346],[150.8425,-33.0334],[150.847,-33.0352],[150.8518,-33.0303],[150.8553,-33.0326],[150.8528,-33.0365],[150.854,-33.0383],[150.8579,-33.0399],[150.858,-33.0431],[150.8534,-33.0436],[150.851,-33.0422],[150.8498,-33.0459],[150.8544,-33.0461],[150.8521,-33.0523],[150.8547,-33.0551],[150.8537,-33.0595],[150.859,-33.0611],[150.8573,-33.0639],[150.8535,-33.0636],[150.8513,-33.0662],[150.8557,-33.0697],[150.8523,-33.0729],[150.8484,-33.0745],[150.849,-33.0799],[150.8531,-33.0838],[150.8492,-33.0868],[150.8514,-33.0908],[150.8483,-33.0928],[150.8475,-33.0985],[150.8514,-33.0976],[150.8538,-33.094],[150.8596,-33.0948],[150.8617,-33.0976],[150.8653,-33.0993],[150.8667,-33.1025],[150.8725,-33.1045],[150.8708,-33.1072],[150.8723,-33.1087],[150.8734,-33.1142],[150.8849,-33.1191],[150.9,-33.1212],[150.9052,-33.1158],[150.9114,-33.1145],[150.9164,-33.1116],[150.9196,-33.1126],[150.9241,-33.1111],[150.9286,-33.1131],[150.9314,-33.1131],[150.9336,-33.1157],[150.9339,-33.1192],[150.939,-33.1204],[150.942,-33.1232],[150.9456,-33.1219],[150.9502,-33.1227],[150.9513,-33.1249],[150.9613,-33.1268],[150.9659,-33.1299],[150.9712,-33.1299],[150.9758,-33.1289],[150.9813,-33.1263],[150.9856,-33.128],[150.9879,-33.125],[150.9948,-33.1225],[150.9969,-33.1247],[151,-33.1241],[151.0038,-33.126],[151.0062,-33.1248],[151.0117,-33.124],[151.0128,-33.1218],[151.0178,-33.1216],[151.0211,-33.1226],[151.0244,-33.1257],[151.0299,-33.1236],[151.0372,-33.1235],[151.0354,-33.1175],[151.0386,-33.1108],[151.0391,-33.107],[151.0378,-33.1054],[151.0402,-33.0959],[151.0424,-33.094],[151.0418,-33.0913],[151.0467,-33.0882],[151.0502,-33.0823],[151.0525,-33.0799],[151.0597,-33.0797],[151.063,-33.0813],[151.0696,-33.0798],[151.0704,-33.0775],[151.0759,-33.0773],[151.0839,-33.0752],[151.0892,-33.0782],[151.093,-33.0767],[151.0983,-33.0783],[151.104,-33.077],[151.1085,-33.0839],[151.1091,-33.086],[151.1123,-33.0882],[151.1145,-33.0912],[151.1171,-33.0905],[151.125,-33.0927],[151.1272,-33.0915],[151.13,-33.0951],[151.1308,-33.1011],[151.1343,-33.1042],[151.1357,-33.1098],[151.1393,-33.1113],[151.143,-33.1111],[151.1514,-33.1135],[151.1554,-33.1182],[151.1598,-33.1205],[151.1627,-33.1242],[151.1729,-33.1285],[151.1762,-33.129],[151.1824,-33.1314],[151.1856,-33.1336],[151.1915,-33.1341],[151.1957,-33.1374],[151.1996,-33.1375],[151.2025,-33.139],[151.2053,-33.1367],[151.205,-33.1347],[151.2088,-33.1332],[151.2137,-33.1294],[151.2181,-33.1294],[151.2184,-33.1248],[151.2206,-33.1216],[151.2295,-33.115],[151.2321,-33.114],[151.2306,-33.1099],[151.2351,-33.1077],[151.2382,-33.1086],[151.244,-33.1057],[151.2443,-33.1029],[151.2508,-33.0998],[151.2556,-33.1016],[151.2601,-33.1004],[151.2623,-33.0973],[151.2598,-33.0952],[151.2621,-33.0909],[151.2622,-33.0871],[151.2644,-33.0806],[151.2624,-33.0775],[151.2623,-33.0746],[151.2646,-33.073],[151.2673,-33.0636],[151.2667,-33.0586],[151.2708,-33.0577],[151.2826,-33.0577],[151.289,-33.0551],[151.2928,-33.0557],[151.2962,-33.0547],[151.2992,-33.0522],[151.3019,-33.045],[151.3059,-33.0439],[151.3096,-33.0477],[151.3155,-33.0482],[151.3197,-33.0531],[151.3224,-33.0542],[151.327,-33.0603],[151.3314,-33.0621],[151.333,-33.0691],[151.3383,-33.0727],[151.3452,-33.0749],[151.352,-33.0781],[151.3569,-33.0817],[151.3567,-33.0898],[151.3604,-33.0906],[151.3634,-33.0939],[151.3719,-33.0945],[151.3742,-33.0969],[151.379,-33.0998],[151.3791,-33.1045],[151.3827,-33.1096],[151.3805,-33.1124],[151.3821,-33.1169],[151.3801,-33.1197],[151.3813,-33.1229],[151.3808,-33.1265],[151.3833,-33.1288],[151.3831,-33.1398],[151.3874,-33.1433],[151.3878,-33.1488],[151.3923,-33.152],[151.3925,-33.1579],[151.3971,-33.1651],[151.3958,-33.1672],[151.3993,-33.1729],[151.4041,-33.1736],[151.4035,-33.1763],[151.4006,-33.1759],[151.3986,-33.1857],[151.411,-33.1874],[151.4124,-33.1892],[151.411,-33.1941],[151.4179,-33.1952],[151.4185,-33.1921],[151.4332,-33.1942],[151.4315,-33.1993],[151.4354,-33.1999],[151.4386,-33.1953],[151.4445,-33.1933],[151.443,-33.201],[151.4474,-33.2012],[151.4552,-33.2029],[151.4613,-33.1997],[151.4644,-33.1938],[151.4688,-33.1932],[151.4746,-33.1895],[151.4821,-33.1899],[151.4876,-33.189],[151.4904,-33.1868],[151.5032,-33.1926],[151.5122,-33.1943],[151.5145,-33.1889],[151.5155,-33.1839],[151.5218,-33.1815],[151.5242,-33.1818],[151.5277,-33.1796],[151.5263,-33.1738],[151.5297,-33.1689],[151.5283,-33.159],[151.5306,-33.1598],[151.5329,-33.1536],[151.5347,-33.1521],[151.5348,-33.148],[151.5399,-33.143],[151.5421,-33.1442],[151.5416,-33.1476],[151.5441,-33.1503],[151.5445,-33.1567],[151.5494,-33.1573],[151.5536,-33.1591],[151.554,-33.163],[151.5579,-33.1671],[151.5616,-33.1727],[151.5676,-33.1745],[151.5687,-33.1704],[151.568,-33.1677],[151.5644,-33.168],[151.5662,-33.1634],[151.5717,-33.1568],[151.5716,-33.155],[151.5681,-33.1515],[151.5644,-33.1497],[151.5562,-33.1476],[151.5525,-33.1456],[151.5555,-33.141],[151.557,-33.1312],[151.5668,-33.1358],[151.5703,-33.1318],[151.5734,-33.1315],[151.5784,-33.1271],[151.5791,-33.1246],[151.5835,-33.1228],[151.5847,-33.1191],[151.5824,-33.1126],[151.5849,-33.1104],[151.5881,-33.1146],[151.5907,-33.1198],[151.5896,-33.1238],[151.5857,-33.1255],[151.586,-33.1294],[151.5917,-33.1329],[151.5876,-33.1379],[151.5908,-33.1394],[151.5917,-33.142],[151.5883,-33.1495],[151.5906,-33.1513],[151.5951,-33.1568],[151.5959,-33.1633],[151.5987,-33.1637],[151.597,-33.172],[151.6313,-33.1771]]]},"properties":{"name":"Hunter"}},
{"type":"Feature","geometry":{"type":"MultiPolygon","coordinates":[[[[148.2007,-36.7987],[148.3233,-36.8487],[148.422,-36.8889],[148.5012,-36.9211],[148.5809,-36.9533],[148.6799,-36.9933],[148.8132,-37.0469],[148.9449,-37.0996],[149.0046,-37.1235],[149.0958,-37.1596],[149.1905,-37.1971],[149.2753,-37.2311],[149.3886,-37.2757],[149.5012,-37.32],[149.5901,-37.3548],[149.678,-37.3892],[149.7946,-37.4345],[149.8816,-37.4683],[149.9768,-37.5051],[149.9777,-37.5007],[149.9745,-37.4986],[149.975,-37.4948],[149.9774,-37.4932],[149.9755,-37.489],[149.9757,-37.4783],[149.9767,-37.4745],[149.9761,-37.4711],[149.9723,-37.4669],[149.9727,-37.4629],[149.9744,-37.4591],[149.977,-37.4566],[149.9755,-37.4549],[149.972,-37.4408],[149.9689,-37.4414],[149.9663,-37.4388],[149.9676,-37.4364],[149.9641,-37.4335],[149.9638,-37.4305],[149.9609,-37.4259],[149.957,-37.4235],[149.9572,-37.4186],[149.9548,-37.4134],[149.9539,-37.4091],[149.9555,-37.406],[149.9557,-37.4017],[149.9541,-37.3952],[149.9555,-37.3886],[149.954,-37.3821],[149.9518,-37.376],[149.95,-37.3734],[149.9505,-37.37],[149.9535,-37.3605],[149.9589,-37.3472],[149.9634,-37.3397],[149.9691,-37.3362],[149.9701,-37.3335],[149.9691,-37.3305],[149.9726,-37.3284],[149.9709,-37.3208],[149.9683,-37.3165],[149.9704,-37.31],[149.966,-37.3072],[149.9644,-37.3044],[149.9577,-37.2983],[149.951,-37.2949],[149.9523,-37.2926],[149.9512,-37.2879],[149.9437,-37.2831],[149.943,-37.2807],[149.9453,-37.2742],[149.9516,-37.2644],[149.9565,-37.2591],[149.965,-37.2519],[149.9672,-37.2516],[149.9684,-37.2483],[149.9765,-37.2435],[149.9863,-37.2401],[149.9905,-37.2403],[149.9927,-37.2445],[149.998,-37.246],[150.0017,-37.2484],[150.0099,-37.2503],[150.0113,-37.2546],[150.0161,-37.2552],[150.0246,-37.2579],[150.0297,-37.2586],[150.0298,-37.2561],[150.0404,-37.2596],[150.0445,-37.2591],[150.0493,-37.2635],[150.0507,-37.2602],[150.0445,-37.2521],[150.0427,-37.2516],[150.0411,-37.2474],[150.0379,-37.2459],[150.0356,-37.2431],[150.0353,-37.2391],[150.0311,-37.238],[150.0322,-37.2349],[150.0299,-37.23],[150.0311,-37.2285],[150.0287,-37.223],[150.0263,-37.2205],[150.0221,-37.2195],[150.0213,-37.2171],[150.0184,-37.2149],[150.0185,-37.2129],[150.0237,-37.2133],[150.023,-37.2073],[150.0207,-37.2051],[150.0211,-37.2026],[150.0158,-37.1997],[150.0195,-37.1974],[150.0181,-37.1915],[150.0205,-37.1903],[150.0212,-37.1865],[150.0192,-37.1834],[150.0149,-37.1822],[150.0119,-37.1803],[150.0125,-37.1768],[150.0097,-37.1733],[150.0093,-37.1709],[150.0042,-37.1703],[150.0034,-37.166],[150.0054,-37.1616],[150.0082,-37.1619],[150.008,-37.157],[150.0068,-37.1554],[150.0075,-37.1495],[150.005,-37.1446],[150.0046,-37.1412],[150.0012,-37.1418],[149.9932,-37.138],[149.9875,-37.1406],[149.9798,-37.1298],[149.9768,-37.1305],[149.9749,-37.1266],[149.9703,-37.1276],[149.9685,-37.1254],[149.972,-37.1185],[149.9592,-37.113],[149.957,-37.1091],[149.9526,-37.1078],[149.9542,-37.1048],[149.9537,-37.1008],[149.9487,-37.1041],[149.9436,-37.1049],[149.9413,-37.1036],[149.9376,-37.098],[149.9326,-37.0992],[149.9282,-37.1018],[149.9302,-37.1092],[149.9284,-37.111],[149.9239,-37.1117],[149.9206,-37.11],[149.9129,-37.1101],[149.9111,-37.1117],[149.9058,-37.1098],[149.8991,-37.1048],[149.895,-37.099],[149.8915,-37.0979],[149.8868,-37.1034],[149.8837,-37.1034],[149.8774,-37.1],[149.8728,-37.0929],[149.8739,-37.0886],[149.8736,-37.0822],[149.8766,-37.0813],[149.8784,-37.0774],[149.8836,-37.0764],[149.8905,-37.0777],[149.8909,-37.0751],[149.8978,-37.0719],[149.9013,-37.0693],[149.9046,-37.0715],[149.9092,-37.0715],[149.9101,-37.0755],[149.915,-37.0758],[149.9175,-37.0724],[149.9126,-37.0695],[149.912,-37.0662],[149.9101,-37.0642],[149.9104,-37.0615],[149.9152,-37.0531],[149.9202,-37.0485],[149.9238,-37.0463],[149.9323,-37.0504],[149.9366,-37.05],[149.9422,-37.0545],[149.9451,-37.0539],[149.9448,-37.0492],[149.9414,-37.0445],[149.9446,-37.0421],[149.9396,-37.0389],[149.9411,-37.0346],[149.9405,-37.0285],[149.9439,-37.0245],[149.9441,-37.0183],[149.9402,-37.0163],[149.9381,-37.0131],[149.9397,-37.0114],[149.9379,-37.0086],[149.9332,-37.0097],[149.9297,-37.0061],[149.9278,-36.9991],[149.9274,-36.9913],[149.9284,-36.9793],[149.9302,-36.9711],[149.9326,-36.9625],[149.9382,-36.9521],[149.9399,-36.9505],[149.9447,-36.9492],[149.9347,-36.9462],[149.9335,-36.9464],[149.9288,-36.9415],[149.9239,-36.9428],[149.922,-36.9458],[149.9149,-36.945],[149.9091,-36.9391],[149.9065,-36.9342],[149.9043,-36.9249],[149.9045,-36.9173],[149.9074,-36.9085],[149.9125,-36.9006],[149.9159,-36.8975],[149.9205,-36.8947],[149.9261,-36.8974],[149.9331,-36.9028],[149.9382,-36.902],[149.9373,-36.8996],[149.9311,-36.8972],[149.9299,-36.891],[149.9326,-36.8882],[149.9346,-36.8833],[149.9314,-36.8833],[149.9304,-36.881],[149.9303,-36.8757],[149.9316,-36.8705],[149.936,-36.8616],[149.941,-36.8562],[149.9455,-36.8537],[149.9459,-36.8515],[149.9406,-36.8502],[149.9387,-36.8463],[149.9358,-36.8455],[149.9343,-36.8416],[149.9344,-36.8361],[149.9372,-36.8252],[149.94,-36.8208],[149.9394,-36.8176],[149.941,-36.8113],[149.9435,-36.8059],[149.9475,-36.7998],[149.9539,-36.7921],[149.9555,-36.7893],[149.9625,-36.7916],[149.9641,-36.7881],[149.9667,-36.787],[149.9708,-36.7812],[149.9695,-36.7793],[149.9729,-36.7775],[149.9744,-36.7727],[149.9763,-36.7709],[149.9782,-36.7659],[149.9811,-36.7614],[149.9812,-36.7576],[149.9827,-36.7541],[149.982,-36.751],[149.9842,-36.7475],[149.9815,-36.7445],[149.9846,-36.7437],[149.983,-36.7392],[149.9869,-36.7352],[149.9872,-36.7329],[149.9908,-36.7302],[149.99,-36.7277],[149.9842,-36.7268],[149.9809,-36.7239],[149.9789,-36.7191],[149.9794,-36.7117],[149.9823,-36.7033],[149.991,-36.6966],[149.9902,-36.6943],[149.9968,-36.692],[149.9928,-36.6895],[149.9944,-36.6861],[149.9992,-36.6852],[149.9985,-36.6817],[149.9944,-36.6793],[149.9949,-36.6757],[149.999,-36.6693],[150.0005,-36.664],[150.0082,-36.6524],[150.0088,-36.649],[150.0128,-36.6453],[150.0154,-36.645],[150.0154,-36.6398],[150.0195,-36.6324],[150.0205,-36.6294],[150.0292,-36.6187],[150.0311,-36.6108],[150.0369,-36.6041],[150.0391,-36.6],[150.0426,-36.5966],[150.0424,-36.5947],[150.0454,-36.5925],[150.0436,-36.5901],[150.0465,-36.5865],[150.0538,-36.585],[150.0575,-36.5802],[150.0556,-36.5722],[150.0606,-36.5627],[150.0628,-36.5561],[150.068,-36.554],[150.0651,-36.547],[150.0628,-36.5443],[150.0569,-36.5431],[150.0544,-36.5402],[150.0557,-36.5376],[150.0557,-36.5328],[150.0573,-36.5265],[150.0605,-36.5251],[150.0611,-36.5162],[150.0606,-36.5119],[150.0624,-36.5062],[150.062,-36.5033],[150.0585,-36.5013],[150.0603,-36.4972],[150.0551,-36.4951],[150.0553,-36.4877],[150.0567,-36.4817],[150.0597,-36.4741],[150.0653,-36.4659],[150.0702,-36.4608],[150.0728,-36.4601],[150.0738,-36.457],[150.0716,-36.4534],[150.0727,-36.4445],[150.0753,-36.4426],[150.0762,-36.4357],[150.079,-36.4323],[150.0841,-36.4293],[150.0839,-36.4257],[150.082,-36.4228],[150.0779,-36.4252],[150.0747,-36.422],[150.0705,-36.4223],[150.0684,-36.4201],[150.0656,-36.4098],[150.0663,-36.4028],[150.0682,-36.3955],[150.0716,-36.3879],[150.0777,-36.3792],[150.0803,-36.3785],[150.083,-36.3712],[150.081,-36.3682],[150.0829,-36.3642],[150.0904,-36.3535],[150.1048,-36.3372],[150.112,-36.331],[150.1167,-36.3292],[150.1155,-36.3275],[150.1233,-36.3214],[150.1275,-36.3207],[150.1282,-36.318],[150.1309,-36.3172],[150.1318,-36.3144],[150.1355,-36.3111],[150.138,-36.3046],[150.1341,-36.3018],[150.1351,-36.2981],[150.1328,-36.2955],[150.1317,-36.2872],[150.1341,-36.2825],[150.1394,-36.2746],[150.1428,-36.2718],[150.1487,-36.2652],[150.1453,-36.2599],[150.1459,-36.2519],[150.1439,-36.2515],[150.1442,-36.2461],[150.1463,-36.2391],[150.1467,-36.2327],[150.1443,-36.2319],[150.1431,-36.2275],[150.1414,-36.2259],[150.1417,-36.2199],[150.1428,-36.2173],[150.1385,-36.2148],[150.1321,-36.208],[150.1315,-36.2035],[150.1321,-36.1961],[150.1339,-36.1913],[150.1327,-36.1903],[150.1327,-36.1764],[150.136,-36.1723],[150.1328,-36.169],[150.1337,-36.1654],[150.1261,-36.1602],[150.1249,-36.1553],[150.1254,-36.1482],[150.1247,-36.1394],[150.127,-36.1263],[150.1319,-36.1122],[150.1352,-36.106],[150.1386,-36.1033],[150.1368,-36.1021],[150.1372,-36.0985],[150.1415,-36.0941],[150.1345,-36.091],[150.1355,-36.0859],[150.1332,-36.0813],[150.1351,-36.0711],[150.1351,-36.0676],[150.1385,-36.0639],[150.1413,-36.0638],[150.142,-36.0588],[150.1448,-36.0574],[150.1421,-36.0538],[150.1428,-36.0455],[150.1465,-36.0352],[150.1526,-36.0236],[150.1608,-36.0139],[150.158,-36.0097],[150.1574,-36.0063],[150.1593,-36.0027],[150.1587,-36.0004],[150.162,-35.9952],[150.16,-35.9917],[150.1552,-35.9921],[150.1532,-35.9894],[150.154,-35.985],[150.1519,-35.9802],[150.1524,-35.9726],[150.1544,-35.9686],[150.1541,-35.9662],[150.1572,-35.9593],[150.1608,-35.9548],[150.1568,-35.9506],[150.1555,-35.9475],[150.1563,-35.9406],[150.1613,-35.9325],[150.159,-35.9296],[150.1568,-35.9231],[150.1577,-35.9151],[150.159,-35.9113],[150.162,-35.9084],[150.1533,-35.9078],[150.1512,-35.9046],[150.1501,-35.9003],[150.1499,-35.8947],[150.1507,-35.8901],[150.1554,-35.8782],[150.1607,-35.8703],[150.1686,-35.8629],[150.1747,-35.8596],[150.1811,-35.8619],[150.1829,-35.859],[150.1875,-35.861],[150.1907,-35.8609],[150.1921,-35.8576],[150.1896,-35.8544],[150.1842,-35.8572],[150.1798,-35.8547],[150.1777,-35.8498],[150.1779,-35.845],[150.1817,-35.8429],[150.1865,-35.8383],[150.1853,-35.8365],[150.1873,-35.8327],[150.1909,-35.8326],[150.1985,-35.8289],[150.2045,-35.8302],[150.2091,-35.8341],[150.2124,-35.8316],[150.2177,-35.8308],[150.2231,-35.8313],[150.231,-35.8356],[150.2353,-35.8355],[150.2345,-35.8328],[150.2296,-35.8286],[150.2249,-35.8274],[150.2273,-35.8231],[150.2275,-35.8185],[150.2303,-35.8195],[150.2365,-35.818],[150.2362,-35.8164],[150.2301,-35.8179],[150.2267,-35.8155],[150.2261,-35.8077],[150.2288,-35.8063],[150.229,-35.8038],[150.2331,-35.8036],[150.2355,-35.8048],[150.2373,-35.8017],[150.2315,-35.8005],[150.2319,-35.7917],[150.2366,-35.7919],[150.235,-35.789],[150.2367,-35.7864],[150.2343,-35.7839],[150.2361,-35.7795],[150.2342,-35.7752],[150.2314,-35.7748],[150.2327,-35.7717],[150.2279,-35.7717],[150.2261,-35.7695],[150.2218,-35.7674],[150.221,-35.7637],[150.2142,-35.762],[150.2118,-35.7592],[150.213,-35.7524],[150.2165,-35.7436],[150.2121,-35.7414],[150.2085,-35.7367],[150.2075,-35.7333],[150.2132,-35.7093],[150.2229,-35.7045],[150.2298,-35.7026],[150.2343,-35.7031],[150.2374,-35.7068],[150.2423,-35.7097],[150.2475,-35.7102],[150.2507,-35.7121],[150.2506,-35.7153],[150.2531,-35.7186],[150.2568,-35.7157],[150.2624,-35.7181],[150.2638,-35.7223],[150.268,-35.7202],[150.2727,-35.7191],[150.2768,-35.7218],[150.2776,-35.7174],[150.2771,-35.7112],[150.2796,-35.7111],[150.2819,-35.7082],[150.2804,-35.7064],[150.2806,-35.703],[150.2855,-35.7022],[150.2874,-35.6979],[150.29,-35.6963],[150.2906,-35.6938],[150.2983,-35.6939],[150.297,-35.686],[150.2989,-35.6839],[150.3039,-35.6833],[150.3002,-35.6796],[150.3047,-35.6778],[150.3016,-35.6746],[150.3058,-35.6696],[150.3009,-35.6655],[150.2982,-35.6648],[150.2964,-35.6611],[150.2977,-35.6586],[150.2957,-35.6569],[150.2978,-35.6498],[150.3032,-35.6423],[150.3077,-35.6386],[150.3021,-35.6386],[150.2944,-35.6446],[150.2861,-35.6377],[150.2867,-35.6358],[150.2941,-35.6357],[150.2886,-35.6327],[150.2819,-35.6356],[150.2845,-35.6375],[150.2808,-35.6399],[150.2754,-35.6368],[150.2732,-35.6337],[150.2747,-35.6319],[150.2719,-35.6291],[150.2724,-35.6244],[150.2687,-35.6236],[150.2702,-35.6175],[150.2671,-35.6174],[150.2608,-35.6217],[150.2588,-35.6276],[150.2531,-35.6299],[150.2513,-35.6243],[150.2555,-35.6172],[150.2564,-35.603],[150.2538,-35.5965],[150.2563,-35.5931],[150.2583,-35.585],[150.2599,-35.5836],[150.256,-35.5763],[150.2579,-35.5708],[150.2546,-35.5659],[150.2467,-35.5625],[150.2414,-35.5582],[150.2396,-35.5522],[150.2345,-35.5542],[150.2322,-35.5503],[150.2296,-35.5503],[150.224,-35.5454],[150.2199,-35.5486],[150.2141,-35.5447],[150.2142,-35.5482],[150.2121,-35.5493],[150.2076,-35.5472],[150.2058,-35.5436],[150.2012,-35.5469],[150.198,-35.5503],[150.1993,-35.5529],[150.1947,-35.5533],[150.1927,-35.5499],[150.1883,-35.5559],[150.1828,-35.5589],[150.1805,-35.5619],[150.1823,-35.5678],[150.181,-35.5711],[150.1725,-35.5751],[150.1707,-35.5723],[150.1661,-35.5707],[150.1617,-35.5748],[150.1572,-35.5697],[150.1515,-35.5733],[150.1459,-35.5736],[150.1424,-35.5728],[150.1401,-35.5684],[150.1354,-35.568],[150.1369,-35.5655],[150.1341,-35.5629],[150.132,-35.5632],[150.131,-35.569],[150.1228,-35.5729],[150.1192,-35.5759],[150.1174,-35.5733],[150.1143,-35.5731],[150.1128,-35.5706],[150.1083,-35.5705],[150.1072,-35.5736],[150.1004,-35.5746],[150.0969,-35.5766],[150.0952,-35.5751],[150.0918,-35.5791],[150.0852,-35.5797],[150.0779,-35.5786],[150.0755,-35.574],[150.072,-35.5789],[150.0668,-35.5783],[150.0686,-35.5749],[150.0552,-35.5763],[150.0518,-35.5743],[150.0514,-35.5704],[150.0481,-35.5702],[150.0472,-35.5674],[150.0421,-35.5657],[150.0367,-35.5613],[150.031,-35.5602],[150.025,-35.5602],[150.0233,-35.5542],[150.0192,-35.554],[150.0148,-35.5509],[150.0114,-35.5519],[150.0083,-35.549],[150.006,-35.5444],[150.0021,-35.5413],[150.0025,-35.5391],[150.0006,-35.5365],[150.0015,-35.5328],[149.9976,-35.5303],[149.9955,-35.5262],[149.9947,-35.5218],[149.9884,-35.5174],[149.9842,-35.5101],[149.9801,-35.5092],[149.9815,-35.5056],[149.9793,-35.5027],[149.9804,-35.4984],[149.9774,-35.4921],[149.9774,-35.4902],[149.984,-35.4864],[149.9987,-35.4787],[150.0021,-35.4753],[150.0035,-35.4718],[150.004,-35.4631],[150.0059,-35.4605],[150.0055,-35.4541],[150.0043,-35.4511],[150.0054,-35.4492],[150.0054,-35.4446],[150.0066,-35.443],[150.0112,-35.4415],[150.0141,-35.4381],[150.0076,-35.4309],[150.0073,-35.4291],[150.0109,-35.424],[150.0179,-35.4192],[150.0199,-35.4133],[150.0232,-35.4111],[150.0284,-35.4111],[150.0327,-35.41],[150.0381,-35.4062],[150.0382,-35.4001],[150.0411,-35.3941],[150.0409,-35.3919],[150.042,-35.3831],[150.0387,-35.3754],[150.0384,-35.3712],[150.037,-35.3674],[150.0411,-35.3645],[150.0449,-35.3585],[150.044,-35.3547],[150.0467,-35.3474],[150.0421,-35.3456],[150.0426,-35.3417],[150.038,-35.3342],[150.038,-35.3316],[150.0402,-35.3284],[150.0416,-35.3238],[150.0447,-35.3178],[150.0474,-35.3157],[150.0511,-35.3156],[150.0498,-35.3124],[150.0511,-35.3091],[150.0531,-35.3091],[150.0598,-35.3066],[150.0629,-35.3064],[150.0678,-35.3092],[150.0749,-35.3068],[150.0809,-35.3042],[150.0854,-35.3053],[150.0873,-35.3009],[150.0845,-35.2978],[150.0826,-35.2927],[150.086,-35.2911],[150.09,-35.2925],[150.0974,-35.2933],[150.1017,-35.2905],[150.103,-35.2858],[150.1067,-35.2854],[150.1138,-35.2909],[150.1148,-35.2938],[150.1203,-35.2922],[150.1214,-35.2908],[150.121,-35.2857],[150.1253,-35.282],[150.1335,-35.2794],[150.134,-35.2769],[150.1377,-35.2735],[150.1441,-35.2706],[150.1478,-35.2701],[150.1519,-35.2668],[150.1559,-35.2691],[150.1644,-35.2698],[150.1669,-35.2664],[150.1644,-35.2645],[150.161,-35.2575],[150.162,-35.2546],[150.1677,-35.2531],[150.1721,-35.2486],[150.1687,-35.2456],[150.1675,-35.2412],[150.17,-35.2387],[150.1738,-35.2393],[150.176,-35.2372],[150.179,-35.2377],[150.1829,-35.2363],[150.1852,-35.2316],[150.1894,-35.2304],[150.1902,-35.2333],[150.1937,-35.2329],[150.1975,-35.2302],[150.1959,-35.2265],[150.1974,-35.2251],[150.1951,-35.2222],[150.195,-35.2192],[150.1878,-35.2191],[150.1905,-35.2159],[150.1885,-35.2091],[150.1856,-35.2079],[150.188,-35.2032],[150.1863,-35.1998],[150.1921,-35.1985],[150.1987,-35.1989],[150.2034,-35.2028],[150.2083,-35.2037],[150.2157,-35.201],[150.2147,-35.1943],[150.2114,-35.1907],[150.2114,-35.1884],[150.2043,-35.1776],[150.2051,-35.1729],[150.2043,-35.171],[150.2007,-35.1701],[150.1963,-35.1711],[150.1879,-35.166],[150.1808,-35.165],[150.1758,-35.1654],[150.1731,-35.1605],[150.1748,-35.1581],[150.1719,-35.1565],[150.1704,-35.1495],[150.1687,-35.1482],[150.164,-35.1486],[150.1614,-35.1509],[150.1544,-35.1447],[150.151,-35.1434],[150.1423,-35.1448],[150.1409,-35.1426],[150.1427,-35.1317],[150.1397,-35.1248],[150.1396,-35.118],[150.136,-35.1166],[150.1338,-35.1141],[150.1291,-35.1129],[150.1337,-35.1073],[150.1308,-35.1028],[150.1276,-35.1013],[150.1296,-35.0972],[150.1224,-35.0933],[150.1197,-35.0892],[150.1145,-35.0886],[150.1086,-35.0843],[150.1068,-35.0862],[150.1032,-35.082],[150.1035,-35.0784],[150.1062,-35.0762],[150.1061,-35.0714],[150.1025,-35.072],[150.1012,-35.0696],[150.089,-35.0674],[150.086,-35.0636],[150.088,-35.0595],[150.0819,-35.0568],[150.0802,-35.0532],[150.0746,-35.0521],[150.072,-35.0485],[150.076,-35.0437],[150.076,-35.0422],[150.0716,-35.0398],[150.0678,-35.0404],[150.0661,-35.0383],[150.0617,-35.0363],[150.0643,-35.0301],[150.0636,-35.0285],[150.0646,-35.0219],[150.061,-35.0216],[150.0529,-35.0172],[150.0544,-35.015],[150.0514,-35.013],[150.0498,-35.0087],[150.0541,-35.008],[150.0613,-35.0055],[150.066,-35.0046],[150.0705,-35.0021],[150.0788,-34.9951],[150.0843,-34.9912],[150.0857,-34.9877],[150.08,-34.9772],[150.078,-34.9755],[150.0702,-34.9735],[150.0674,-34.9721],[150.0589,-34.9697],[150.0558,-34.9677],[150.0555,-34.9653],[150.0585,-34.9568],[150.0611,-34.9512],[150.0677,-34.9454],[150.0684,-34.9431],[150.0674,-34.9383],[150.0684,-34.9359],[150.0756,-34.9337],[150.0827,-34.928],[150.0882,-34.9249],[150.0884,-34.9224],[150.086,-34.915],[150.087,-34.9121],[150.0853,-34.9089],[150.082,-34.9058],[150.0817,-34.9001],[150.0876,-34.8962],[150.086,-34.8931],[150.0815,-34.8938],[150.0797,-34.8965],[150.0757,-34.8976],[150.0744,-34.8948],[150.0653,-34.8897],[150.0585,-34.8822],[150.0536,-34.8824],[150.052,-34.8809],[150.0533,-34.8772],[150.0516,-34.8703],[150.0474,-34.8688],[150.0462,-34.8627],[150.0406,-34.8602],[150.0417,-34.8574],[150.0422,-34.8514],[150.0383,-34.8464],[150.0374,-34.8439],[150.0432,-34.8309],[150.0438,-34.8278],[150.0395,-34.8216],[150.0372,-34.8136],[150.0364,-34.8075],[150.0383,-34.8049],[150.0438,-34.8064],[150.0467,-34.8047],[150.0454,-34.8007],[150.0418,-34.798],[150.0403,-34.7955],[150.042,-34.7932],[150.0486,-34.7894],[150.0529,-34.7851],[150.0625,-34.7849],[150.066,-34.7841],[150.0674,-34.7789],[150.0613,-34.7745],[150.0551,-34.7737],[150.0562,-34.7705],[150.0605,-34.7683],[150.0679,-34.7672],[150.0742,-34.7681],[150.0762,-34.7735],[150.0814,-34.7737],[150.086,-34.7782],[150.0923,-34.7805],[150.1001,-34.7862],[150.1054,-34.7889],[150.1071,-34.7954],[150.1101,-34.7991],[150.1155,-34.7994],[150.1214,-34.8037],[150.1253,-34.808],[150.1254,-34.8135],[150.1271,-34.8174],[150.1341,-34.8196],[150.1376,-34.8193],[150.1483,-34.8203],[150.1566,-34.8226],[150.1627,-34.8231],[150.1674,-34.8222],[150.1777,-34.8182],[150.1842,-34.8197],[150.1896,-34.819],[150.1937,-34.8197],[150.2041,-34.8166],[150.2105,-34.8137],[150.2147,-34.8078],[150.2184,-34.8046],[150.2234,-34.8031],[150.2316,-34.8017],[150.2346,-34.7997],[150.2361,-34.7942],[150.2407,-34.7921],[150.2463,-34.7915],[150.2512,-34.7922],[150.2576,-34.7902],[150.2597,-34.7855],[150.2679,-34.7744],[150.2765,-34.7692],[150.2842,-34.768],[150.2878,-34.7647],[150.2946,-34.7659],[150.3028,-34.7663],[150.3056,-34.7673],[150.3102,-34.7721],[150.3149,-34.7736],[150.3136,-34.7699],[150.3234,-34.7633],[150.3271,-34.7622],[150.3302,-34.7593],[150.3337,-34.7522],[150.3384,-34.7484],[150.3434,-34.7489],[150.3555,-34.7487],[150.3589,-34.7483],[150.3712,-34.7438],[150.3739,-34.7397],[150.3771,-34.7378],[150.3766,-34.7344],[150.3801,-34.7325],[150.3824,-34.7239],[150.3865,-34.7206],[150.3903,-34.7193],[150.3892,-34.7129],[150.3942,-34.7087],[150.3938,-34.7072],[150.4011,-34.7053],[150.401,-34.7032],[150.4059,-34.7012],[150.4125,-34.7006],[150.4159,-34.7014],[150.4179,-34.6989],[150.422,-34.699],[150.4247,-34.6978],[150.4276,-34.6941],[150.4334,-34.6899],[150.4351,-34.6915],[150.4418,-34.6902],[150.4447,-34.6914],[150.4518,-34.6918],[150.4584,-34.6872],[150.4605,-34.6839],[150.4676,-34.6799],[150.4693,-34.6782],[150.4983,-34.6819],[150.5008,-34.6802],[150.5008,-34.6753],[150.5055,-34.6732],[150.5015,-34.6706],[150.5043,-34.6668],[150.5084,-34.6667],[150.5142,-34.6644],[150.5173,-34.6651],[150.5186,-34.661],[150.5267,-34.659],[150.5311,-34.657],[150.5346,-34.66],[150.5358,-34.6639],[150.539,-34.6648],[150.5388,-34.6599],[150.5416,-34.6569],[150.5416,-34.6521],[150.5464,-34.6441],[150.548,-34.6452],[150.5483,-34.6505],[150.5523,-34.6505],[150.5514,-34.646],[150.5526,-34.6429],[150.555,-34.6413],[150.5602,-34.641],[150.5572,-34.6443],[150.5594,-34.6484],[150.5629,-34.6516],[150.5655,-34.6558],[150.5676,-34.669],[150.5673,-34.6735],[150.5631,-34.6791],[150.5634,-34.6811],[150.5609,-34.6842],[150.5687,-34.6825],[150.5643,-34.6861],[150.5651,-34.6903],[150.5685,-34.6965],[150.5771,-34.6955],[150.5796,-34.6935],[150.5803,-34.6859],[150.5799,-34.6813],[150.5768,-34.6755],[150.5767,-34.6697],[150.5804,-34.6669],[150.5828,-34.6674],[150.5829,-34.6617],[150.5905,-34.6587],[150.5921,-34.6534],[150.5919,-34.6489],[150.5941,-34.6475],[150.5975,-34.6497],[150.6035,-34.6518],[150.6114,-34.6462],[150.6176,-34.6443],[150.6231,-34.6445],[150.6256,-34.6406],[150.6283,-34.6393],[150.629,-34.6367],[150.6325,-34.634],[150.6331,-34.6282],[150.6424,-34.6252],[150.6506,-34.6249],[150.6569,-34.6235],[150.6622,-34.6194],[150.667,-34.6192],[150.6662,-34.6138],[150.6679,-34.6098],[150.6746,-34.6097],[150.6809,-34.608],[150.6904,-34.6083],[150.6931,-34.6073],[150.6938,-34.6039],[150.6886,-34.6016],[150.6794,-34.6003],[150.6696,-34.5929],[150.6674,-34.5891],[150.6632,-34.5839],[150.6642,-34.5812],[150.6619,-34.5803],[150.6566,-34.5815],[150.6438,-34.5797],[150.6384,-34.5745],[150.6393,-34.5669],[150.6389,-34.565],[150.6407,-34.5591],[150.6455,-34.5571],[150.6497,-34.5525],[150.655,-34.5482],[150.6553,-34.5466],[150.6493,-34.5456],[150.6488,-34.5481],[150.6363,-34.5461],[150.6351,-34.5432],[150.6893,-34.4422],[150.7457,-34.3374],[150.6346,-34.3197],[150.6015,-34.3145],[150.5939,-34.3187],[150.5809,-34.3174],[150.5621,-34.3312],[150.5603,-34.3244],[150.5657,-34.3234],[150.5624,-34.3115],[150.5656,-34.3109],[150.564,-34.3062],[150.5617,-34.3049],[150.5631,-34.2975],[150.5418,-34.2945],[150.5395,-34.2886],[150.546,-34.2834],[150.546,-34.2803],[150.5481,-34.2793],[150.5486,-34.2746],[150.5503,-34.2726],[150.5514,-34.2669],[150.548,-34.2644],[150.5094,-34.2594],[150.4421,-34.2484],[150.3572,-34.2369],[150.3567,-34.2397],[150.3518,-34.239],[150.3529,-34.2347],[150.347,-34.2339],[150.3453,-34.2351],[150.3412,-34.2344],[150.3345,-34.2367],[150.3304,-34.2369],[150.3313,-34.2322],[150.2865,-34.2257],[150.2859,-34.2285],[150.2777,-34.2269],[150.2782,-34.2245],[150.2716,-34.2227],[150.271,-34.2175],[150.2696,-34.2142],[150.2662,-34.2126],[150.261,-34.2151],[150.2592,-34.2192],[150.254,-34.2253],[150.2448,-34.226],[150.2327,-34.229],[150.2299,-34.2318],[150.2297,-34.2349],[150.231,-34.2398],[150.2307,-34.2469],[150.2255,-34.2615],[150.225,-34.2712],[150.2227,-34.2746],[150.213,-34.2793],[150.2114,-34.2814],[150.2109,-34.2894],[150.2082,-34.2941],[150.1985,-34.3033],[150.197,-34.3041],[150.1874,-34.3034],[150.1781,-34.3078],[150.1715,-34.3071],[150.1647,-34.3081],[150.1569,-34.3058],[150.1531,-34.2975],[150.1499,-34.2955],[150.1468,-34.2954],[150.1409,-34.2993],[150.1372,-34.2985],[150.1365,-34.2955],[150.1335,-34.293],[150.1265,-34.2931],[150.1247,-34.2881],[150.1222,-34.2855],[150.1171,-34.2828],[150.1091,-34.2801],[150.1023,-34.2787],[150.0984,-34.2788],[150.0962,-34.277],[150.0982,-34.2684],[150.0962,-34.2664],[150.0913,-34.2664],[150.0864,-34.271],[150.0802,-34.2721],[150.072,-34.2681],[150.0612,-34.2688],[150.058,-34.2655],[150.0571,-34.2604],[150.0601,-34.2578],[150.0579,-34.252],[150.0529,-34.2501],[150.054,-34.2476],[150.058,-34.2469],[150.0576,-34.2435],[150.06,-34.2424],[150.0615,-34.2387],[150.0576,-34.2348],[150.0504,-34.2352],[150.0529,-34.2312],[150.0515,-34.2254],[150.0562,-34.2221],[150.0597,-34.2174],[150.0572,-34.2107],[150.0602,-34.2066],[150.0639,-34.2061],[150.0631,-34.2005],[150.066,-34.1953],[150.0628,-34.1893],[150.0634,-34.1831],[150.0593,-34.1774],[150.0619,-34.1764],[150.061,-34.174],[150.055,-34.1734],[150.0538,-34.1692],[150.051,-34.1656],[150.0501,-34.1615],[150.0473,-34.1609],[150.0463,-34.1546],[150.0447,-34.1521],[150.0466,-34.15],[150.042,-34.1482],[150.0367,-34.1472],[150.034,-34.1487],[150.0311,-34.1447],[150.0243,-34.1461],[150.0224,-34.1442],[150.0172,-34.1455],[150.0155,-34.1417],[150.019,-34.1388],[150.0216,-34.1292],[150.0302,-34.1282],[150.0331,-34.1266],[150.0376,-34.1208],[150.0315,-34.1168],[150.0239,-34.1155],[150.0117,-34.1097],[150.0121,-34.1066],[150.0053,-34.1032],[150.0028,-34.0973],[150.003,-34.0933],[150.0073,-34.0853],[150.0026,-34.0839],[149.9989,-34.084],[149.9938,-34.0822],[149.9859,-34.0824],[149.9815,-34.0803],[149.9767,-34.0805],[149.971,-34.0779],[149.9676,-34.0795],[149.9641,-34.0787],[149.9593,-34.0793],[149.9544,-34.0882],[149.9502,-34.086],[149.9449,-34.0917],[149.9354,-34.0855],[149.9332,-34.0826],[149.9325,-34.0905],[149.9331,-34.0953],[149.9353,-34.0971],[149.9349,-34.101],[149.9314,-34.1044],[149.9318,-34.1167],[149.9366,-34.1165],[149.9419,-34.1174],[149.9458,-34.1238],[149.9494,-34.1246],[149.9472,-34.1289],[149.9477,-34.131],[149.9434,-34.1408],[149.9446,-34.144],[149.9426,-34.1456],[149.9409,-34.1497],[149.9382,-34.1515],[149.936,-34.1591],[149.9376,-34.1624],[149.9375,-34.1685],[149.9325,-34.1689],[149.9332,-34.1712],[149.9264,-34.1743],[149.925,-34.1772],[149.9182,-34.1832],[149.9169,-34.1819],[149.9108,-34.1835],[149.9041,-34.1821],[149.9016,-34.184],[149.8913,-34.1827],[149.8876,-34.1808],[149.8861,-34.1833],[149.8779,-34.1872],[149.8733,-34.1884],[149.8656,-34.1848],[149.8635,-34.1861],[149.8565,-34.1874],[149.8546,-34.1856],[149.8499,-34.1837],[149.8478,-34.1864],[149.8434,-34.186],[149.8329,-34.1906],[149.832,-34.1938],[149.8286,-34.1928],[149.8281,-34.197],[149.8246,-34.1978],[149.8184,-34.2009],[149.816,-34.2008],[149.8142,-34.1974],[149.8116,-34.1997],[149.8077,-34.1982],[149.8044,-34.1988],[149.8047,-34.2026],[149.8,-34.2027],[149.7986,-34.2053],[149.7956,-34.2057],[149.7935,-34.2037],[149.7936,-34.2006],[149.7874,-34.1997],[149.7814,-34.198],[149.7815,-34.195],[149.7729,-34.1935],[149.7711,-34.1908],[149.7666,-34.1903],[149.7655,-34.1926],[149.7616,-34.1943],[149.7602,-34.1924],[149.7539,-34.1886],[149.7489,-34.189],[149.7455,-34.1908],[149.7436,-34.1888],[149.7406,-34.1897],[149.7441,-34.1942],[149.7368,-34.194],[149.7335,-34.1971],[149.7297,-34.1929],[149.7287,-34.1904],[149.7259,-34.1908],[149.7259,-34.1985],[149.7236,-34.1984],[149.7213,-34.194],[149.7174,-34.1909],[149.7156,-34.1942],[149.7131,-34.1946],[149.7108,-34.1982],[149.7083,-34.1956],[149.7053,-34.1986],[149.7023,-34.197],[149.6992,-34.1975],[149.6962,-34.2026],[149.6942,-34.2024],[149.6951,-34.1943],[149.6923,-34.1931],[149.6908,-34.1972],[149.6878,-34.199],[149.6825,-34.1992],[149.6811,-34.1971],[149.6817,-34.1915],[149.6789,-34.1904],[149.6785,-34.1875],[149.6759,-34.1851],[149.6772,-34.1835],[149.674,-34.1809],[149.6762,-34.173],[149.6725,-34.1725],[149.6705,-34.1743],[149.6648,-34.1731],[149.6635,-34.1717],[149.6651,-34.1661],[149.662,-34.165],[149.6583,-34.1703],[149.6565,-34.1675],[149.6596,-34.1629],[149.6575,-34.1593],[149.6506,-34.1595],[149.6491,-34.1582],[149.6539,-34.1519],[149.6537,-34.1499],[149.6493,-34.1467],[149.6458,-34.1479],[149.6432,-34.1463],[149.6464,-34.1405],[149.64,-34.1392],[149.6434,-34.1353],[149.637,-34.1355],[149.6369,-34.1292],[149.6384,-34.1268],[149.6374,-34.1245],[149.6333,-34.1208],[149.6294,-34.1141],[149.6272,-34.1142],[149.6278,-34.1238],[149.6264,-34.1279],[149.6221,-34.1279],[149.6234,-34.1246],[149.6215,-34.1191],[149.619,-34.1167],[149.6229,-34.1155],[149.6235,-34.113],[149.6208,-34.106],[149.618,-34.1054],[149.6146,-34.1095],[149.6125,-34.1163],[149.6088,-34.1213],[149.6064,-34.1227],[149.6021,-34.1215],[149.602,-34.117],[149.5968,-34.1114],[149.592,-34.1116],[149.5878,-34.1099],[149.5888,-34.106],[149.5868,-34.1049],[149.5825,-34.1073],[149.5811,-34.1046],[149.5767,-34.1007],[149.5777,-34.0973],[149.5798,-34.0951],[149.5774,-34.0927],[149.5735,-34.0964],[149.5711,-34.0959],[149.5699,-34.0913],[149.5646,-34.0877],[149.5625,-34.0916],[149.5648,-34.094],[149.5635,-34.0961],[149.5596,-34.0944],[149.5576,-34.0899],[149.5541,-34.0882],[149.5529,-34.0937],[149.5501,-34.0926],[149.551,-34.086],[149.5462,-34.0849],[149.5466,-34.0825],[149.5445,-34.0783],[149.5414,-34.0763],[149.5456,-34.0738],[149.5451,-34.0708],[149.5422,-34.0696],[149.5392,-34.0724],[149.5364,-34.0686],[149.5374,-34.0644],[149.5313,-34.0616],[149.5277,-34.0611],[149.525,-34.0579],[149.5291,-34.0559],[149.5236,-34.0525],[149.5161,-34.0534],[149.5124,-34.0482],[149.5153,-34.0438],[149.5184,-34.0413],[149.5159,-34.0382],[149.5132,-34.032],[149.509,-34.0367],[149.5059,-34.0317],[149.4989,-34.0283],[149.4948,-34.0299],[149.4923,-34.0288],[149.4936,-34.0241],[149.4907,-34.0215],[149.4839,-34.0219],[149.4813,-34.019],[149.4802,-34.0154],[149.4744,-34.0142],[149.4641,-34.0107],[149.4612,-34.0132],[149.4587,-34.0132],[149.4588,-34.0167],[149.4559,-34.0244],[149.4563,-34.0287],[149.4506,-34.0265],[149.4466,-34.0267],[149.4446,-34.0231],[149.4347,-34.0229],[149.4224,-34.0156],[149.4209,-34.0131],[149.4177,-34.0117],[149.4136,-34.0118],[149.4131,-34.0085],[149.4085,-34.0087],[149.4032,-34.0062],[149.4012,-34.0017],[149.4012,-33.9983],[149.3988,-33.9959],[149.3956,-33.9974],[149.3925,-33.9962],[149.3859,-33.9915],[149.3838,-33.9882],[149.3837,-33.9807],[149.3806,-33.9798],[149.3773,-33.9842],[149.373,-33.9834],[149.3708,-33.9776],[149.3682,-33.9767],[149.3645,-33.978],[149.3624,-33.9751],[149.3639,-33.9704],[149.3619,-33.9692],[149.3543,-33.9722],[149.3518,-33.9702],[149.352,-33.9638],[149.3536,-33.959],[149.3488,-33.9546],[149.34,-33.953],[149.3355,-33.9531],[149.3326,-33.9508],[149.3305,-33.9512],[149.3234,-33.9565],[149.3198,-33.9546],[149.3127,-33.9559],[149.3094,-33.9528],[149.3062,-33.9523],[149.3026,-33.9541],[149.3013,-33.9482],[149.2968,-33.9469],[149.2949,-33.951],[149.2893,-33.9527],[149.2854,-33.9494],[149.2795,-33.9483],[149.2783,-33.9513],[149.2746,-33.9555],[149.2757,-33.9584],[149.274,-33.9596],[149.2685,-33.9597],[149.2646,-33.9613],[149.2629,-33.964],[149.2574,-33.9633],[149.255,-33.9665],[149.2511,-33.9666],[149.2445,-33.9698],[149.242,-33.9698],[149.2373,-33.9675],[149.2341,-33.9674],[149.232,-33.9701],[149.2332,-33.9731],[149.2361,-33.976],[149.2351,-33.9794],[149.2299,-33.9746],[149.2254,-33.9732],[149.227,-33.9703],[149.2256,-33.9664],[149.2217,-33.9681],[149.2207,-33.9654],[149.2168,-33.9641],[149.216,-33.9673],[149.2131,-33.9708],[149.2107,-33.9713],[149.2074,-33.9683],[149.2028,-33.9691],[149.2002,-33.9748],[149.1991,-33.9839],[149.1977,-33.9849],[149.1793,-33.9847],[149.1769,-33.9825],[149.1761,-33.9796],[149.1731,-33.9767],[149.1698,-33.9757],[149.1649,-33.978],[149.1632,-33.972],[149.1604,-33.9696],[149.1526,-33.967],[149.1496,-33.9629],[149.1445,-33.9579],[149.1467,-33.9547],[149.1404,-33.9455],[149.1406,-33.9443],[149.1475,-33.939],[149.1533,-33.9363],[149.1537,-33.9314],[149.1552,-33.9285],[149.1487,-33.9186],[149.147,-33.9137],[149.1413,-33.9122],[149.1375,-33.9097],[149.1392,-33.9031],[149.1363,-33.9017],[149.1309,-33.9011],[149.1315,-33.8955],[149.1303,-33.894],[149.1203,-33.8883],[149.1168,-33.894],[149.1048,-33.8943],[149.1062,-33.8986],[149.1037,-33.9],[149.0977,-33.9004],[149.0967,-33.9077],[149.0927,-33.9108],[149.0821,-33.9129],[149.079,-33.9109],[149.078,-33.905],[149.0713,-33.901],[149.0698,-33.8986],[149.0736,-33.8959],[149.0733,-33.8924],[149.0678,-33.892],[149.0645,-33.8932],[149.062,-33.8965],[149.0547,-33.9027],[149.0552,-33.9079],[149.0536,-33.9113],[149.0504,-33.9132],[149.0476,-33.913],[149.0419,-33.9106],[149.0361,-33.9101],[149.0335,-33.9112],[149.0246,-33.9194],[149.0248,-33.9257],[149.026,-33.9292],[149.0251,-33.9321],[149.0203,-33.9341],[149.0163,-33.9341],[149.0114,-33.9328],[149.0076,-33.9301],[149.004,-33.9262],[149.0012,-33.9254],[148.9931,-33.9256],[148.9821,-33.9242],[148.9795,-33.9259],[148.9784,-33.9325],[148.9779,-33.9424],[148.9808,-33.9487],[148.9804,-33.9511],[148.9739,-33.9526],[148.9702,-33.9561],[148.9689,-33.96],[148.9679,-33.9687],[148.9665,-33.97],[148.9619,-33.97],[148.9567,-33.9712],[148.9525,-33.971],[148.9455,-33.9692],[148.9414,-33.9698],[148.9396,-33.9727],[148.9414,-33.9763],[148.9397,-33.9792],[148.9331,-33.9821],[148.9277,-33.9813],[148.9253,-33.9772],[148.9207,-33.9731],[148.9137,-33.9703],[148.9101,-33.9745],[148.9071,-33.9756],[148.9025,-33.9733],[148.8992,-33.9685],[148.8941,-33.9668],[148.8898,-33.9634],[148.888,-33.9593],[148.8885,-33.9523],[148.8921,-33.9455],[148.8913,-33.9407],[148.8892,-33.9386],[148.8857,-33.9404],[148.8858,-33.9443],[148.8811,-33.9479],[148.8707,-33.9465],[148.8518,-33.952],[148.8482,-33.9521],[148.8342,-33.947],[148.8317,-33.9455],[148.829,-33.9596],[148.8247,-33.959],[148.8225,-33.962],[148.8215,-33.9658],[148.8079,-33.9639],[148.8047,-33.9814],[148.8039,-33.9838],[148.7997,-33.985],[148.7918,-33.9841],[148.7906,-33.9852],[148.7855,-33.9826],[148.7815,-33.9838],[148.7789,-33.9859],[148.7711,-33.9809],[148.7674,-33.982],[148.7677,-33.9873],[148.766,-33.9887],[148.7658,-33.9924],[148.7621,-33.9939],[148.7654,-34.0006],[148.7527,-33.9992],[148.7552,-34.001],[148.7537,-34.009],[148.7462,-34.008],[148.7437,-34.0207],[148.7518,-34.0244],[148.7574,-34.0343],[148.7631,-34.0383],[148.7591,-34.0437],[148.7589,-34.0489],[148.7532,-34.0495],[148.748,-34.0518],[148.7468,-34.0552],[148.7477,-34.0589],[148.7418,-34.0581],[148.7392,-34.0699],[148.7369,-34.0707],[148.7324,-34.0701],[148.7313,-34.0787],[148.7235,-34.0778],[148.7182,-34.074],[148.7093,-34.082],[148.7024,-34.0803],[148.6911,-34.0829],[148.6869,-34.0821],[148.679,-34.0873],[148.6761,-34.0905],[148.6771,-34.0942],[148.6705,-34.0972],[148.6703,-34.0948],[148.6676,-34.0937],[148.6675,-34.0892],[148.6636,-34.0849],[148.6607,-34.0831],[148.6597,-34.0804],[148.6604,-34.0751],[148.6524,-34.0708],[148.6521,-34.0662],[148.6439,-34.0697],[148.6405,-34.067],[148.6365,-34.0697],[148.6337,-34.0677],[148.6316,-34.0705],[148.6249,-34.0727],[148.6189,-34.0713],[148.6108,-34.0622],[148.6084,-34.058],[148.6035,-34.0569],[148.5991,-34.0582],[148.5966,-34.0571],[148.5948,-34.0534],[148.5854,-34.0543],[148.5781,-34.0525],[148.5754,-34.05],[148.5734,-34.046],[148.5772,-34.0432],[148.5722,-34.0385],[148.5748,-34.0362],[148.569,-34.0308],[148.5677,-34.0333],[148.563,-34.0327],[148.561,-34.0263],[148.5613,-34.0232],[148.551,-34.0195],[148.5478,-34.022],[148.5472,-34.0266],[148.5446,-34.0278],[148.5453,-34.0334],[148.5304,-34.0309],[148.5116,-34.0284],[148.4929,-34.0256],[148.4942,-34.0186],[148.4419,-34.0119],[148.4392,-34.0267],[148.4401,-34.0269],[148.4372,-34.0415],[148.4394,-34.0442],[148.4377,-34.0532],[148.4395,-34.0555],[148.4396,-34.0595],[148.4418,-34.0598],[148.4391,-34.0739],[148.4219,-34.0716],[148.4173,-34.0741],[148.4132,-34.0775],[148.4094,-34.0771],[148.4078,-34.0808],[148.4094,-34.0875],[148.4065,-34.0886],[148.402,-34.0942],[148.4003,-34.0981],[148.3963,-34.0975],[148.3908,-34.1027],[148.3892,-34.1093],[148.3913,-34.1126],[148.3905,-34.1174],[148.3861,-34.1244],[148.3845,-34.1306],[148.3761,-34.1295],[148.3765,-34.1271],[148.364,-34.1253],[148.3651,-34.1212],[148.3638,-34.1173],[148.3498,-34.1154],[148.3493,-34.1115],[148.3512,-34.101],[148.3384,-34.0993],[148.3396,-34.0935],[148.3326,-34.0926],[148.3337,-34.0866],[148.3061,-34.083],[148.2957,-34.0836],[148.2935,-34.0853],[148.2825,-34.0826],[148.2781,-34.0765],[148.2734,-34.0761],[148.2698,-34.0778],[148.2645,-34.0745],[148.2621,-34.0688],[148.259,-34.067],[148.244,-34.0648],[148.2374,-34.0555],[148.2238,-34.0537],[148.2212,-34.0669],[148.2061,-34.0649],[148.205,-34.0701],[148.2023,-34.0687],[148.199,-34.0625],[148.1927,-34.0627],[148.1799,-34.061],[148.1797,-34.0643],[148.1768,-34.0648],[148.1706,-34.0642],[148.1642,-34.0613],[148.1647,-34.0591],[148.1527,-34.0574],[148.1485,-34.08],[148.1462,-34.0805],[148.1432,-34.0768],[148.1399,-34.0777],[148.1356,-34.073],[148.1327,-34.0717],[148.1294,-34.0684],[148.1188,-34.0697],[148.1141,-34.068],[148.1129,-34.0636],[148.1151,-34.0593],[148.1125,-34.0561],[148.1083,-34.0566],[148.1057,-34.0524],[148.1014,-34.0492],[148.0908,-34.0501],[148.0879,-34.0528],[148.0853,-34.0499],[148.0816,-34.0507],[148.0825,-34.0432],[148.0773,-34.0411],[148.0702,-34.0359],[148.0666,-34.0317],[148.0633,-34.03],[148.059,-34.0315],[148.0565,-34.0343],[148.0524,-34.0343],[148.0498,-34.033],[148.0468,-34.0294],[148.0402,-34.0306],[148.0372,-34.0298],[148.0343,-34.0309],[148.0325,-34.029],[148.0287,-34.0282],[148.0263,-34.0292],[148.0226,-34.0331],[148.0171,-34.0289],[148.0148,-34.0294],[148.0128,-34.0419],[148.0159,-34.0423],[148.0257,-34.1176],[148.006,-34.1039],[148.0069,-34.0992],[148.0053,-34.0976],[147.9796,-34.0944],[147.9787,-34.0992],[147.9422,-34.0941],[147.9376,-34.1167],[147.8782,-34.1178],[147.8731,-34.1143],[147.8636,-34.1127],[147.8565,-34.1127],[147.855,-34.1153],[147.8506,-34.1168],[147.8476,-34.1161],[147.8445,-34.1191],[147.8342,-34.1211],[147.8309,-34.1183],[147.8236,-34.1173],[147.8213,-34.1208],[147.8188,-34.1219],[147.8166,-34.1251],[147.8107,-34.1251],[147.806,-34.1277],[147.8053,-34.1326],[147.8021,-34.1321],[147.8003,-34.1353],[147.7974,-34.1353],[147.7933,-34.1381],[147.7877,-34.1378],[147.784,-34.1407],[147.7769,-34.1426],[147.7702,-34.1394],[147.7668,-34.1397],[147.7623,-34.1432],[147.7592,-34.1423],[147.7564,-34.1408],[147.7513,-34.1422],[147.749,-34.1405],[147.7437,-34.1411],[147.7391,-34.1454],[147.7305,-34.1489],[147.7305,-34.1507],[147.7259,-34.1526],[147.7242,-34.1552],[147.7198,-34.1564],[147.718,-34.1607],[147.7151,-34.1627],[147.7116,-34.1623],[147.7137,-34.1689],[147.7123,-34.1705],[147.7134,-34.1737],[147.7127,-34.1768],[147.7163,-34.1772],[147.7188,-34.1792],[147.7207,-34.1827],[147.7266,-34.1846],[147.728,-34.1863],[147.7341,-34.1849],[147.7348,-34.183],[147.7443,-34.1801],[147.7435,-34.1828],[147.7462,-34.1859],[147.7512,-34.1835],[147.7548,-34.1861],[147.7529,-34.1877],[147.7558,-34.1915],[147.7584,-34.193],[147.757,-34.1969],[147.7592,-34.1991],[147.7587,-34.2038],[147.7637,-34.2025],[147.7677,-34.2059],[147.7772,-34.2059],[147.7792,-34.2079],[147.7776,-34.2119],[147.7806,-34.213],[147.7814,-34.2163],[147.7852,-34.2188],[147.7835,-34.2236],[147.7753,-34.2226],[147.7801,-34.2269],[147.7818,-34.2303],[147.7821,-34.2383],[147.7873,-34.2391],[147.7891,-34.2416],[147.7871,-34.2444],[147.7871,-34.2498],[147.7851,-34.2506],[147.7874,-34.257],[147.7919,-34.2586],[147.7985,-34.2693],[147.7969,-34.2718],[147.7994,-34.2748],[147.7961,-34.2765],[147.7963,-34.2826],[147.7945,-34.2848],[147.7969,-34.2879],[147.7967,-34.2905],[147.8027,-34.2944],[147.8027,-34.2967],[147.8062,-34.3001],[147.806,-34.3039],[147.8109,-34.308],[147.8148,-34.3123],[147.8178,-34.3188],[147.8202,-34.3205],[147.8209,-34.3259],[147.8243,-34.3353],[147.8245,-34.3401],[147.8945,-34.348],[147.8958,-34.3409],[147.9103,-34.3428],[147.9113,-34.3365],[148.0012,-34.3469],[148.0274,-34.3498],[148.0199,-34.3951],[148.019,-34.3953],[148.0158,-34.4131],[148.0383,-34.4155],[148.0397,-34.4098],[148.0598,-34.4121],[148.0576,-34.4256],[148.0675,-34.4269],[148.0662,-34.4348],[148.0781,-34.4362],[148.0774,-34.4398],[148.0873,-34.4409],[148.0987,-34.4581],[148.1013,-34.4569],[148.1027,-34.4612],[148.1076,-34.4668],[148.1192,-34.4616],[148.14,-34.4643],[148.14,-34.4652],[148.1567,-34.4673],[148.1566,-34.4687],[148.1678,-34.4706],[148.1642,-34.4848],[148.1762,-34.4865],[148.1869,-34.4873],[148.1986,-34.489],[148.2001,-34.4906],[148.1967,-34.4939],[148.1956,-34.4969],[148.1971,-34.4995],[148.1964,-34.505],[148.1966,-34.5116],[148.1982,-34.5141],[148.2036,-34.5169],[148.2049,-34.5243],[148.2099,-34.5261],[148.212,-34.5289],[148.2216,-34.5317],[148.2194,-34.5423],[148.2209,-34.5444],[148.2181,-34.5467],[148.2077,-34.5453],[148.2056,-34.5553],[148.2093,-34.5573],[148.2125,-34.5608],[148.2153,-34.561],[148.2231,-34.5586],[148.2285,-34.5594],[148.2244,-34.5807],[148.2371,-34.5823],[148.2361,-34.5874],[148.2288,-34.5864],[148.2285,-34.5877],[148.213,-34.5855],[148.2122,-34.5899],[148.2082,-34.5893],[148.209,-34.584],[148.2031,-34.5832],[148.202,-34.5882],[148.2037,-34.5885],[148.2026,-34.594],[148.1987,-34.5933],[148.1986,-34.6003],[148.2035,-34.6009],[148.2028,-34.6045],[148.2062,-34.6057],[148.204,-34.6159],[148.1942,-34.6149],[148.1928,-34.6215],[148.2012,-34.6228],[148.1997,-34.6301],[148.2041,-34.6307],[148.2049,-34.627],[148.2092,-34.6277],[148.2099,-34.6244],[148.2129,-34.6249],[148.2118,-34.63],[148.214,-34.6303],[148.2118,-34.6419],[148.2041,-34.6409],[148.2021,-34.6443],[148.1973,-34.6437],[148.1935,-34.6638],[148.2026,-34.665],[148.2023,-34.667],[148.2073,-34.6676],[148.2021,-34.6976],[148.2062,-34.6981],[148.207,-34.6936],[148.2152,-34.6946],[148.2201,-34.6936],[148.2193,-34.6977],[148.2268,-34.6987],[148.2264,-34.7006],[148.2358,-34.7018],[148.2345,-34.7096],[148.2301,-34.7092],[148.2278,-34.7234],[148.2233,-34.7229],[148.2225,-34.7271],[148.2248,-34.7274],[148.2239,-34.7317],[148.2259,-34.7319],[148.2251,-34.7361],[148.2313,-34.7368],[148.2306,-34.7408],[148.2401,-34.7421],[148.2415,-34.7391],[148.232,-34.7378],[148.2329,-34.7337],[148.2426,-34.735],[148.2432,-34.7321],[148.2469,-34.7326],[148.2466,-34.7354],[148.2605,-34.7373],[148.2668,-34.7402],[148.2692,-34.7442],[148.2675,-34.7471],[148.2615,-34.7508],[148.2621,-34.7566],[148.2654,-34.7605],[148.2625,-34.761],[148.261,-34.7648],[148.2576,-34.7668],[148.2561,-34.7709],[148.2605,-34.7734],[148.2646,-34.7794],[148.2672,-34.7792],[148.272,-34.7877],[148.2693,-34.791],[148.2737,-34.7951],[148.2727,-34.7979],[148.2784,-34.8032],[148.2799,-34.8066],[148.2795,-34.8094],[148.2856,-34.8165],[148.2898,-34.8176],[148.2882,-34.8217],[148.2899,-34.8254],[148.2923,-34.8263],[148.2982,-34.8306],[148.2975,-34.8345],[148.2982,-34.8464],[148.3014,-34.847],[148.3023,-34.8496],[148.3065,-34.8518],[148.3085,-34.8551],[148.3113,-34.8536],[148.314,-34.8548],[148.314,-34.8578],[148.3107,-34.8604],[148.3106,-34.8628],[148.3158,-34.8667],[148.3209,-34.8678],[148.3233,-34.8672],[148.3318,-34.8715],[148.336,-34.8714],[148.3476,-34.8679],[148.3535,-34.8626],[148.3566,-34.8519],[148.3629,-34.8526],[148.3715,-34.8576],[148.388,-34.8586],[148.3932,-34.8602],[148.3969,-34.8646],[148.4003,-34.8667],[148.399,-34.8779],[148.3953,-34.8808],[148.3856,-34.8916],[148.3859,-34.8977],[148.3877,-34.9016],[148.3911,-34.9059],[148.3948,-34.9072],[148.3988,-34.9058],[148.406,-34.902],[148.4093,-34.8992],[148.4171,-34.8968],[148.4201,-34.8984],[148.4307,-34.8992],[148.4381,-34.898],[148.4481,-34.9022],[148.4536,-34.9029],[148.4612,-34.9024],[148.4682,-34.9009],[148.486,-34.8986],[148.4921,-34.8989],[148.4977,-34.9017],[148.5012,-34.9026],[148.5159,-34.9026],[148.5207,-34.9009],[148.527,-34.9031],[148.5305,-34.9071],[148.5324,-34.9133],[148.5346,-34.9155],[148.5396,-34.9151],[148.5413,-34.9138],[148.5444,-34.9078],[148.5487,-34.9084],[148.5499,-34.9114],[148.5463,-34.9187],[148.5425,-34.9227],[148.5375,-34.9257],[148.536,-34.9285],[148.5357,-34.9347],[148.5421,-34.9464],[148.5428,-34.9541],[148.5386,-34.9646],[148.5326,-34.9738],[148.5315,-34.9813],[148.5322,-34.9859],[148.5309,-34.9878],[148.5321,-34.9913],[148.5345,-34.9939],[148.5408,-34.9948],[148.545,-34.994],[148.5535,-34.9887],[148.5587,-34.9876],[148.5614,-34.9893],[148.5634,-34.9947],[148.5592,-35.0011],[148.5609,-35.005],[148.5643,-35.005],[148.5729,-35.0014],[148.5831,-35.0026],[148.5722,-35.0186],[148.5755,-35.0207],[148.5764,-35.0244],[148.5737,-35.0337],[148.5738,-35.0385],[148.5755,-35.0416],[148.5719,-35.0496],[148.5665,-35.0522],[148.5646,-35.0572],[148.5674,-35.0607],[148.565,-35.0614],[148.5642,-35.0662],[148.565,-35.0683],[148.5691,-35.0692],[148.5674,-35.0723],[148.5681,-35.0744],[148.5727,-35.074],[148.5733,-35.0772],[148.5688,-35.0784],[148.5666,-35.0803],[148.567,-35.0829],[148.5649,-35.086],[148.5649,-35.0884],[148.5686,-35.0916],[148.567,-35.095],[148.5608,-35.098],[148.5559,-35.1052],[148.5509,-35.1076],[148.545,-35.1159],[148.5442,-35.1204],[148.5477,-35.1275],[148.5483,-35.1322],[148.5582,-35.1379],[148.5614,-35.1415],[148.5608,-35.1447],[148.5645,-35.1447],[148.5662,-35.147],[148.5708,-35.1502],[148.5749,-35.1492],[148.5821,-35.1517],[148.5791,-35.1592],[148.5812,-35.1632],[148.5823,-35.1679],[148.5772,-35.1779],[148.5793,-35.1854],[148.5785,-35.1878],[148.5816,-35.1923],[148.5801,-35.1964],[148.5734,-35.2018],[148.5705,-35.203],[148.5704,-35.2111],[148.5686,-35.2142],[148.5654,-35.2164],[148.5653,-35.2204],[148.5469,-35.228],[148.5492,-35.2316],[148.5481,-35.235],[148.5442,-35.2393],[148.6158,-35.249],[148.6166,-35.245],[148.678,-35.2533],[148.679,-35.2487],[148.6922,-35.2499],[148.7531,-35.2579],[148.752,-35.2635],[148.7671,-35.2733],[148.7648,-35.2793],[148.7654,-35.2833],[148.7643,-35.2875],[148.7665,-35.2914],[148.7632,-35.3005],[148.7652,-35.3027],[148.7635,-35.3081],[148.7649,-35.3139],[148.7639,-35.3169],[148.8037,-35.3168],[148.808,-35.3098],[148.8101,-35.3074],[148.9258,-35.2396],[149.0418,-35.1713],[149.0913,-35.1421],[149.0932,-35.1387],[149.1026,-35.1352],[149.1041,-35.1321],[149.1097,-35.1311],[149.1127,-35.1277],[149.1181,-35.1265],[149.1209,-35.1244],[149.1264,-35.1253],[149.1321,-35.1285],[149.1371,-35.1273],[149.1401,-35.1304],[149.1388,-35.1348],[149.1459,-35.136],[149.1496,-35.1384],[149.1502,-35.1451],[149.154,-35.1437],[149.1575,-35.1439],[149.1592,-35.1416],[149.1643,-35.1419],[149.1632,-35.1468],[149.1647,-35.1486],[149.1626,-35.1542],[149.1695,-35.1602],[149.1718,-35.1584],[149.1765,-35.1582],[149.1856,-35.1611],[149.1891,-35.1655],[149.1875,-35.17],[149.1836,-35.1757],[149.1859,-35.1779],[149.1914,-35.1793],[149.1955,-35.1845],[149.197,-35.1854],[149.1964,-35.1909],[149.1903,-35.1944],[149.1924,-35.2025],[149.1985,-35.2029],[149.2007,-35.2064],[149.2042,-35.209],[149.2059,-35.2116],[149.2085,-35.2115],[149.2076,-35.216],[149.2025,-35.2246],[149.205,-35.2291],[149.2098,-35.2265],[149.2138,-35.2196],[149.22,-35.2207],[149.2235,-35.2191],[149.227,-35.2198],[149.2288,-35.2217],[149.2344,-35.221],[149.2387,-35.2222],[149.2407,-35.225],[149.2455,-35.2267],[149.2468,-35.2291],[149.2428,-35.2336],[149.2412,-35.2368],[149.2346,-35.2405],[149.2406,-35.2458],[149.2472,-35.2465],[149.2503,-35.248],[149.2507,-35.2522],[149.253,-35.2522],[149.2573,-35.2572],[149.2613,-35.2569],[149.2629,-35.2585],[149.2677,-35.2594],[149.2732,-35.2592],[149.2738,-35.2632],[149.2716,-35.2708],[149.2724,-35.2734],[149.2754,-35.2751],[149.277,-35.2713],[149.2854,-35.2716],[149.2893,-35.2757],[149.2985,-35.2722],[149.3062,-35.2745],[149.3066,-35.2765],[149.3153,-35.2762],[149.3163,-35.2818],[149.3203,-35.2839],[149.3225,-35.2867],[149.3276,-35.2824],[149.33,-35.2844],[149.3377,-35.287],[149.3415,-35.2867],[149.3432,-35.292],[149.3479,-35.2916],[149.3505,-35.296],[149.3506,-35.2994],[149.355,-35.2997],[149.362,-35.3031],[149.3597,-35.3075],[149.3617,-35.309],[149.3699,-35.3083],[149.3738,-35.3048],[149.3837,-35.3065],[149.3842,-35.3043],[149.3897,-35.3027],[149.3948,-35.3032],[149.3945,-35.3092],[149.3973,-35.311],[149.3972,-35.3173],[149.3993,-35.3191],[149.3972,-35.3243],[149.3902,-35.3311],[149.3854,-35.3325],[149.3746,-35.3379],[149.3664,-35.3403],[149.365,-35.3422],[149.3651,-35.3464],[149.3636,-35.3483],[149.3596,-35.3485],[149.3563,-35.3506],[149.3514,-35.3513],[149.3475,-35.3502],[149.3412,-35.3451],[149.3388,-35.3409],[149.3361,-35.3397],[149.3119,-35.3358],[149.305,-35.3358],[149.3002,-35.333],[149.293,-35.3335],[149.2846,-35.3377],[149.2803,-35.3377],[149.277,-35.3361],[149.2684,-35.3351],[149.2614,-35.3312],[149.2586,-35.332],[149.2551,-35.3302],[149.2493,-35.3301],[149.2461,-35.3318],[149.2438,-35.3351],[149.2311,-35.3425],[149.2216,-35.3412],[149.2179,-35.3416],[149.2074,-35.3454],[149.2044,-35.3478],[149.1869,-35.3749],[149.1835,-35.3794],[149.1575,-35.407],[149.149,-35.4127],[149.1464,-35.4153],[149.1445,-35.4231],[149.1381,-35.4294],[149.1403,-35.434],[149.1454,-35.4332],[149.1529,-35.4335],[149.155,-35.4367],[149.1515,-35.4439],[149.1475,-35.4444],[149.1442,-35.4464],[149.1419,-35.4514],[149.1371,-35.4518],[149.1352,-35.4537],[149.1361,-35.4607],[149.138,-35.4636],[149.1386,-35.4683],[149.1435,-35.474],[149.1451,-35.4769],[149.1511,-35.491],[149.1516,-35.4932],[149.1514,-35.5058],[149.15,-35.5114],[149.1328,-35.5488],[149.1315,-35.5536],[149.1319,-35.5572],[149.1405,-35.5883],[149.1426,-35.5928],[149.1303,-35.591],[149.126,-35.5919],[149.1256,-35.5875],[149.1162,-35.5863],[149.1091,-35.5841],[149.0846,-35.5808],[149.0829,-35.5846],[149.0781,-35.5864],[149.0787,-35.5926],[149.0782,-35.5988],[149.0795,-35.6025],[149.0792,-35.6077],[149.0826,-35.6136],[149.0845,-35.6146],[149.0852,-35.6196],[149.0842,-35.6217],[149.0879,-35.6279],[149.0873,-35.6303],[149.0886,-35.6341],[149.0876,-35.6397],[149.0956,-35.6403],[149.0961,-35.6456],[149.0975,-35.6473],[149.096,-35.6543],[149.0985,-35.6572],[149.0962,-35.6604],[149.0966,-35.6646],[149.0957,-35.667],[149.0973,-35.6736],[149.095,-35.6768],[149.0959,-35.6804],[149.0994,-35.6839],[149.1044,-35.6849],[149.1038,-35.6898],[149.1059,-35.6911],[149.1094,-35.6966],[149.1075,-35.7023],[149.102,-35.7078],[149.1011,-35.7129],[149.0993,-35.7147],[149.1007,-35.719],[149.1039,-35.7233],[149.1037,-35.726],[149.0991,-35.7293],[149.1007,-35.7363],[149.0962,-35.7436],[149.097,-35.7474],[149.0951,-35.7504],[149.0964,-35.7528],[149.0929,-35.7591],[149.0936,-35.7619],[149.0907,-35.7656],[149.0933,-35.7708],[149.0916,-35.7739],[149.0974,-35.7774],[149.0931,-35.7832],[149.0935,-35.7872],[149.0961,-35.7872],[149.1001,-35.7897],[149.1002,-35.7941],[149.0971,-35.7968],[149.0971,-35.7997],[149.0998,-35.8018],[149.1011,-35.8051],[149.0983,-35.8079],[149.1005,-35.81],[149.1006,-35.8147],[149.096,-35.8197],[149.0936,-35.8241],[149.0947,-35.8286],[149.0937,-35.8339],[149.092,-35.8354],[149.0957,-35.8456],[149.089,-35.8482],[149.0866,-35.8482],[149.0822,-35.8531],[149.0798,-35.859],[149.0768,-35.8606],[149.0704,-35.8693],[149.0677,-35.8708],[149.0643,-35.8749],[149.0617,-35.8799],[149.0624,-35.8845],[149.0601,-35.8883],[149.0617,-35.8914],[149.0588,-35.8959],[149.0542,-35.8988],[149.0517,-35.9034],[149.0572,-35.9073],[149.0549,-35.9139],[149.049,-35.9202],[149.0449,-35.9193],[149.0441,-35.9163],[149.0415,-35.9144],[149.0363,-35.9138],[149.034,-35.911],[149.0278,-35.9127],[149.0251,-35.9103],[149.0229,-35.906],[149.0177,-35.9034],[149.0124,-35.8996],[149.0088,-35.9013],[149.0035,-35.9012],[148.9994,-35.9027],[148.9974,-35.901],[148.998,-35.8967],[148.9932,-35.8952],[148.9908,-35.8959],[148.9757,-35.8922],[148.9678,-35.894],[148.9663,-35.8972],[148.9616,-35.8967],[148.9592,-35.8954],[148.9584,-35.8917],[148.9529,-35.8883],[148.9446,-35.8814],[148.9405,-35.8758],[148.9322,-35.8729],[148.9322,-35.8705],[148.925,-35.8638],[148.9198,-35.8607],[148.92,-35.8572],[148.913,-35.8555],[148.9079,-35.8508],[148.9079,-35.8479],[148.904,-35.8425],[148.9053,-35.8397],[148.9031,-35.8353],[148.9066,-35.8321],[148.9071,-35.8296],[148.9036,-35.8261],[148.8976,-35.8247],[148.8966,-35.8179],[148.8925,-35.8166],[148.8911,-35.8139],[148.8867,-35.8101],[148.8892,-35.8076],[148.8908,-35.8036],[148.8978,-35.7947],[148.895,-35.7847],[148.8955,-35.7793],[148.8951,-35.7708],[148.8993,-35.7677],[148.9023,-35.7633],[148.9033,-35.7579],[148.8988,-35.7513],[148.8941,-35.7513],[148.893,-35.7461],[148.8904,-35.7395],[148.8881,-35.7371],[148.8884,-35.7337],[148.8925,-35.7305],[148.8923,-35.7284],[148.8867,-35.7192],[148.8838,-35.7172],[148.8777,-35.715],[148.8725,-35.7214],[148.871,-35.7268],[148.8672,-35.7319],[148.8641,-35.7339],[148.8674,-35.7387],[148.8649,-35.7424],[148.8639,-35.748],[148.8614,-35.7502],[148.8607,-35.7528],[148.8624,-35.7575],[148.8597,-35.7606],[148.8557,-35.761],[148.8549,-35.7593],[148.8561,-35.7535],[148.854,-35.7512],[148.8471,-35.7505],[148.841,-35.7466],[148.8347,-35.7405],[148.8329,-35.735],[148.8302,-35.7322],[148.8279,-35.7262],[148.8236,-35.7242],[148.8225,-35.721],[148.8187,-35.7187],[148.8142,-35.7199],[148.8086,-35.7172],[148.8041,-35.714],[148.8023,-35.7183],[148.8019,-35.7228],[148.794,-35.7241],[148.7867,-35.7307],[148.782,-35.7366],[148.7739,-35.7194],[148.7723,-35.7149],[148.7695,-35.7103],[148.7666,-35.7028],[148.7598,-35.7006],[148.7575,-35.6992],[148.7562,-35.6942],[148.7535,-35.6878],[148.7505,-35.6852],[148.7478,-35.6847],[148.7449,-35.6862],[148.7409,-35.6842],[148.7358,-35.6781],[148.7308,-35.6767],[148.7259,-35.6719],[148.72,-35.6674],[148.7111,-35.6662],[148.7062,-35.665],[148.7022,-35.6618],[148.6984,-35.6602],[148.685,-35.6582],[148.6777,-35.6564],[148.668,-35.6605],[148.6624,-35.6593],[148.6494,-35.6533],[148.6447,-35.6527],[148.6338,-35.6457],[148.6299,-35.6391],[148.6242,-35.6389],[148.6188,-35.6328],[148.6191,-35.6306],[148.6161,-35.6289],[148.6154,-35.6253],[148.6127,-35.6239],[148.6118,-35.6191],[148.6097,-35.6169],[148.6038,-35.615],[148.5994,-35.6174],[148.5925,-35.6164],[148.5891,-35.617],[148.5862,-35.6193],[148.5834,-35.6194],[148.5801,-35.6218],[148.5798,-35.6259],[148.5837,-35.629],[148.5862,-35.633],[148.5803,-35.64],[148.5812,-35.6454],[148.579,-35.6466],[148.5805,-35.6502],[148.5781,-35.6516],[148.5787,-35.6565],[148.5807,-35.659],[148.5772,-35.6638],[148.5716,-35.6625],[148.5692,-35.6654],[148.5703,-35.6687],[148.567,-35.6715],[148.5697,-35.6753],[148.5705,-35.6789],[148.5574,-35.6814],[148.5595,-35.6844],[148.5669,-35.6867],[148.5671,-35.6881],[148.5626,-35.6912],[148.5577,-35.6895],[148.5516,-35.6926],[148.55,-35.6985],[148.5519,-35.7053],[148.5492,-35.7056],[148.5475,-35.7135],[148.5446,-35.7155],[148.5377,-35.7173],[148.5301,-35.7212],[148.5255,-35.7291],[148.5262,-35.7357],[148.522,-35.7447],[148.518,-35.7493],[148.5172,-35.7537],[148.5117,-35.7605],[148.508,-35.762],[148.507,-35.7685],[148.5035,-35.7739],[148.5035,-35.778],[148.4943,-35.7796],[148.4903,-35.7825],[148.4884,-35.7867],[148.4841,-35.7907],[148.4797,-35.7927],[148.4744,-35.8041],[148.4734,-35.8077],[148.4689,-35.8156],[148.4688,-35.8218],[148.471,-35.8236],[148.4601,-35.8286],[148.457,-35.8334],[148.4566,-35.8367],[148.4538,-35.8391],[148.4524,-35.8428],[148.4532,-35.8464],[148.4515,-35.8541],[148.4469,-35.8592],[148.4501,-35.8619],[148.4506,-35.872],[148.4458,-35.8738],[148.4463,-35.8789],[148.4449,-35.8816],[148.4402,-35.8873],[148.4406,-35.8918],[148.4383,-35.8989],[148.4394,-35.9005],[148.4446,-35.9027],[148.4448,-35.905],[148.4512,-35.9062],[148.4556,-35.9056],[148.4628,-35.9077],[148.4641,-35.9095],[148.4714,-35.915],[148.4728,-35.9183],[148.4708,-35.9207],[148.4705,-35.9374],[148.4689,-35.9419],[148.4739,-35.9456],[148.4814,-35.9454],[148.4848,-35.9497],[148.4881,-35.9524],[148.4875,-35.9555],[148.4938,-35.9585],[148.4935,-35.9627],[148.4958,-35.9657],[148.5049,-35.973],[148.5121,-35.9764],[148.5174,-35.981],[148.5249,-35.9835],[148.5299,-35.9871],[148.5344,-35.9916],[148.5332,-35.9992],[148.5349,-36.0003],[148.5395,-35.9998],[148.5516,-36.001],[148.5555,-35.9995],[148.5581,-36],[148.5598,-36.0051],[148.5586,-36.0076],[148.559,-36.015],[148.5601,-36.0216],[148.558,-36.0314],[148.5582,-36.0366],[148.556,-36.04],[148.5562,-36.0428],[148.5592,-36.0492],[148.5615,-36.0524],[148.5604,-36.0568],[148.562,-36.0596],[148.5693,-36.066],[148.5697,-36.0703],[148.5655,-36.0744],[148.5639,-36.0814],[148.5603,-36.0841],[148.5636,-36.0879],[148.566,-36.0934],[148.5622,-36.1],[148.5612,-36.1054],[148.5525,-36.1057],[148.5498,-36.1026],[148.5381,-36.0995],[148.5323,-36.0958],[148.526,-36.088],[148.5221,-36.0903],[148.5129,-36.0877],[148.4914,-36.1003],[148.4878,-36.1004],[148.4864,-36.0984],[148.4821,-36.1006],[148.4806,-36.1042],[148.4769,-36.1062],[148.4789,-36.1136],[148.4728,-36.1162],[148.4707,-36.1189],[148.4657,-36.1197],[148.4609,-36.1182],[148.459,-36.1221],[148.454,-36.1259],[148.4539,-36.1276],[148.4575,-36.1307],[148.4587,-36.1402],[148.461,-36.1449],[148.4578,-36.1484],[148.4527,-36.1492],[148.4488,-36.156],[148.4467,-36.1615],[148.4452,-36.162],[148.4407,-36.1723],[148.4302,-36.1755],[148.4281,-36.1773],[148.4347,-36.1802],[148.4367,-36.182],[148.4383,-36.1868],[148.4372,-36.1949],[148.4349,-36.2024],[148.4281,-36.203],[148.4257,-36.2042],[148.4247,-36.2093],[148.426,-36.2158],[148.4244,-36.2202],[148.4281,-36.2263],[148.4275,-36.2339],[148.4295,-36.2361],[148.4342,-36.2386],[148.4338,-36.2493],[148.431,-36.2569],[148.4284,-36.2605],[148.4238,-36.2628],[148.4202,-36.2615],[148.4158,-36.2635],[148.411,-36.2704],[148.4101,-36.2778],[148.4052,-36.2791],[148.4042,-36.2818],[148.3964,-36.2906],[148.3911,-36.2884],[148.3826,-36.29],[148.3773,-36.2872],[148.3724,-36.2889],[148.3712,-36.2955],[148.3689,-36.2983],[148.369,-36.3007],[148.3733,-36.3039],[148.3746,-36.3093],[148.372,-36.3153],[148.3734,-36.3247],[148.3686,-36.3252],[148.3665,-36.3312],[148.3675,-36.3391],[148.3574,-36.3405],[148.3566,-36.344],[148.3535,-36.3482],[148.3549,-36.3518],[148.3511,-36.3577],[148.3463,-36.359],[148.3453,-36.3644],[148.3428,-36.368],[148.3366,-36.3714],[148.3324,-36.37],[148.3311,-36.3735],[148.3317,-36.3757],[148.3306,-36.3804],[148.3287,-36.3833],[148.3218,-36.3854],[148.318,-36.3882],[148.3153,-36.3917],[148.3071,-36.3927],[148.305,-36.3955],[148.3046,-36.4015],[148.3027,-36.4039],[148.2954,-36.408],[148.2902,-36.4101],[148.2878,-36.4122],[148.2861,-36.4186],[148.2804,-36.4221],[148.2786,-36.4314],[148.2702,-36.4356],[148.2714,-36.4381],[148.2699,-36.4421],[148.2666,-36.447],[148.2633,-36.4555],[148.264,-36.4572],[148.2714,-36.458],[148.273,-36.4618],[148.2697,-36.466],[148.2714,-36.4686],[148.2691,-36.4704],[148.2706,-36.4817],[148.2652,-36.4813],[148.2634,-36.4829],[148.263,-36.4861],[148.26,-36.4901],[148.2587,-36.496],[148.2591,-36.5001],[148.257,-36.5014],[148.2499,-36.5027],[148.247,-36.5102],[148.2478,-36.512],[148.2544,-36.5165],[148.2604,-36.5245],[148.261,-36.5283],[148.2572,-36.5341],[148.2514,-36.5401],[148.2504,-36.5428],[148.2537,-36.5463],[148.2602,-36.5481],[148.2684,-36.5488],[148.2702,-36.5505],[148.2698,-36.5543],[148.2709,-36.5588],[148.2773,-36.5603],[148.2801,-36.5637],[148.2876,-36.5689],[148.2958,-36.5809],[148.2973,-36.5873],[148.302,-36.591],[148.3089,-36.5938],[148.3113,-36.5956],[148.3038,-36.5991],[148.303,-36.6028],[148.3043,-36.6097],[148.2951,-36.6087],[148.2898,-36.6093],[148.2849,-36.6139],[148.2754,-36.6186],[148.2726,-36.619],[148.2658,-36.6176],[148.2614,-36.6182],[148.2572,-36.6168],[148.2549,-36.6189],[148.2527,-36.6237],[148.2474,-36.6266],[148.2471,-36.6283],[148.2496,-36.633],[148.2456,-36.6435],[148.2455,-36.6468],[148.2413,-36.6523],[148.2395,-36.6636],[148.2407,-36.6652],[148.2466,-36.6674],[148.2482,-36.6756],[148.2525,-36.6828],[148.2508,-36.6858],[148.2545,-36.6916],[148.2514,-36.706],[148.2453,-36.7052],[148.2411,-36.7054],[148.2385,-36.7069],[148.2383,-36.716],[148.2356,-36.7216],[148.2359,-36.7243],[148.2394,-36.7272],[148.2406,-36.7297],[148.2375,-36.7345],[148.2345,-36.7374],[148.2329,-36.7407],[148.2328,-36.7461],[148.2306,-36.7472],[148.2234,-36.7481],[148.2189,-36.7501],[148.2112,-36.7522],[148.2074,-36.7555],[148.2086,-36.7581],[148.2081,-36.7629],[148.2018,-36.7717],[148.2013,-36.7791],[148.2028,-36.7845],[148.2007,-36.7911],[148.2021,-36.7974],[148.2007,-36.7987]]],[[[150.2261,-36.2429],[150.2237,-36.2457],[150.2251,-36.2473],[150.2234,-36.2516],[150.2229,-36.2562],[150.2275,-36.2595],[150.2294,-36.2584],[150.2287,-36.255],[150.2296,-36.2471],[150.2309,-36.2436],[150.2261,-36.2429]]]]},"properties":{"name":"South East and Tablelands"}},
{"type":"Feature","geometry":{"type":"MultiPolygon","coordinates":[[[[150.3077,-35.6386],[150.3123,-35.6358],[150.3156,-35.635],[150.3201,-35.6355],[150.321,-35.6393],[150.3228,-35.6403],[150.3257,-35.6374],[150.3277,-35.6323],[150.3296,-35.6305],[150.3234,-35.6269],[150.3227,-35.6242],[150.3253,-35.6169],[150.3229,-35.6131],[150.3303,-35.6092],[150.3337,-35.6106],[150.3358,-35.6094],[150.334,-35.6041],[150.3386,-35.6051],[150.3447,-35.6032],[150.3423,-35.6007],[150.3436,-35.5955],[150.347,-35.5931],[150.3497,-35.5881],[150.3524,-35.5855],[150.3549,-35.5809],[150.3594,-35.5769],[150.3621,-35.5762],[150.363,-35.573],[150.3651,-35.5707],[150.3715,-35.5703],[150.3761,-35.5717],[150.3786,-35.5673],[150.3758,-35.566],[150.3762,-35.5638],[150.3799,-35.5615],[150.3839,-35.5636],[150.3873,-35.5619],[150.3875,-35.5588],[150.3826,-35.5575],[150.3817,-35.5556],[150.3828,-35.551],[150.3867,-35.5442],[150.3904,-35.5414],[150.3907,-35.5394],[150.3942,-35.5349],[150.3977,-35.533],[150.4076,-35.5303],[150.4063,-35.5266],[150.4034,-35.5247],[150.401,-35.5198],[150.4022,-35.5141],[150.3989,-35.5112],[150.3986,-35.5083],[150.4018,-35.5061],[150.3925,-35.5036],[150.3908,-35.4983],[150.3925,-35.4939],[150.3896,-35.4883],[150.3923,-35.4827],[150.3955,-35.4805],[150.3941,-35.4752],[150.3915,-35.4746],[150.3911,-35.4702],[150.3946,-35.4627],[150.3972,-35.4587],[150.4005,-35.4565],[150.402,-35.4516],[150.4075,-35.4453],[150.4112,-35.4439],[150.4109,-35.4368],[150.4188,-35.4259],[150.4255,-35.419],[150.4336,-35.4129],[150.4396,-35.41],[150.4454,-35.4106],[150.4453,-35.4082],[150.4486,-35.405],[150.4471,-35.4012],[150.449,-35.3943],[150.452,-35.3905],[150.4593,-35.3847],[150.4643,-35.3793],[150.4722,-35.3753],[150.4737,-35.373],[150.4802,-35.3678],[150.4859,-35.3663],[150.4891,-35.3678],[150.4919,-35.3668],[150.4905,-35.3618],[150.4858,-35.3595],[150.4838,-35.3604],[150.4798,-35.3593],[150.4783,-35.3531],[150.4844,-35.3544],[150.485,-35.3506],[150.4798,-35.349],[150.4762,-35.3466],[150.4789,-35.3421],[150.4748,-35.338],[150.4751,-35.3342],[150.4769,-35.3296],[150.4797,-35.3261],[150.4832,-35.3248],[150.4876,-35.3248],[150.4866,-35.3223],[150.4834,-35.322],[150.4721,-35.3164],[150.4732,-35.3079],[150.4767,-35.3042],[150.4743,-35.302],[150.4748,-35.2993],[150.4789,-35.2915],[150.4849,-35.2849],[150.4974,-35.2748],[150.5035,-35.2713],[150.5095,-35.2703],[150.514,-35.2706],[150.5148,-35.2646],[150.5194,-35.2606],[150.5225,-35.2594],[150.5277,-35.2597],[150.5269,-35.2564],[150.5344,-35.2506],[150.5377,-35.2497],[150.5403,-35.2507],[150.545,-35.2476],[150.5415,-35.2457],[150.5427,-35.243],[150.5349,-35.2446],[150.5315,-35.2399],[150.5313,-35.2313],[150.5319,-35.2295],[150.5405,-35.2196],[150.5397,-35.217],[150.5466,-35.2117],[150.5496,-35.211],[150.5553,-35.2074],[150.5557,-35.2058],[150.5608,-35.2028],[150.5648,-35.1978],[150.5723,-35.1934],[150.5777,-35.1911],[150.5877,-35.1886],[150.5933,-35.191],[150.5955,-35.1846],[150.5938,-35.1827],[150.5925,-35.1763],[150.5967,-35.171],[150.6016,-35.1704],[150.6029,-35.1664],[150.6015,-35.1644],[150.6059,-35.1569],[150.6058,-35.1536],[150.6034,-35.1519],[150.5996,-35.1525],[150.5959,-35.1514],[150.5953,-35.1473],[150.5971,-35.1457],[150.6043,-35.1457],[150.6073,-35.1437],[150.6153,-35.1484],[150.6216,-35.1475],[150.6273,-35.15],[150.6337,-35.149],[150.6382,-35.1459],[150.6423,-35.1419],[150.6437,-35.1392],[150.6469,-35.1373],[150.6511,-35.1318],[150.6574,-35.1293],[150.66,-35.1262],[150.6614,-35.1225],[150.6613,-35.1178],[150.7011,-35.1232],[150.7681,-35.1122],[150.7718,-35.1153],[150.7723,-35.1191],[150.7711,-35.1219],[150.804,-35.0945],[150.8064,-35.0944],[150.8138,-35.0863],[150.818,-35.0849],[150.8255,-35.0758],[150.8305,-35.0762],[150.8329,-35.0731],[150.8369,-35.0656],[150.8404,-35.0611],[150.8411,-35.055],[150.8433,-35.0506],[150.8391,-35.0503],[150.8359,-35.0477],[150.8356,-35.0447],[150.8318,-35.0409],[150.8353,-35.0397],[150.8358,-35.0327],[150.839,-35.0297],[150.8398,-35.0238],[150.8429,-35.022],[150.8445,-35.0185],[150.8494,-35.0125],[150.8466,-35.0117],[150.8464,-35.0083],[150.8424,-35.0042],[150.8378,-35.0058],[150.8344,-35.0032],[150.8294,-35.005],[150.8251,-35.0107],[150.8211,-35.0143],[150.818,-35.0148],[150.8102,-35.0122],[150.8051,-35.0092],[150.7985,-35.0041],[150.7942,-34.9988],[150.7925,-34.9951],[150.7877,-34.9905],[150.7817,-34.9794],[150.7798,-34.973],[150.7792,-34.9682],[150.7811,-34.9653],[150.7784,-34.9624],[150.7769,-34.9566],[150.7768,-34.9468],[150.7798,-34.9355],[150.7841,-34.9295],[150.7787,-34.9299],[150.7755,-34.9315],[150.769,-34.9261],[150.7664,-34.9181],[150.7659,-34.9124],[150.7668,-34.9079],[150.7692,-34.9044],[150.7719,-34.8986],[150.77,-34.8964],[150.7611,-34.8998],[150.756,-34.8964],[150.7508,-34.8888],[150.7495,-34.8847],[150.7486,-34.8719],[150.7497,-34.8655],[150.7496,-34.858],[150.7515,-34.8463],[150.7576,-34.828],[150.7629,-34.8173],[150.7684,-34.8082],[150.7773,-34.797],[150.7877,-34.7867],[150.7997,-34.7785],[150.8071,-34.775],[150.8121,-34.774],[150.8191,-34.7749],[150.8216,-34.7811],[150.8235,-34.7807],[150.8246,-34.7768],[150.8238,-34.7727],[150.8286,-34.7684],[150.8274,-34.7632],[150.8295,-34.7601],[150.8325,-34.7581],[150.8348,-34.7545],[150.833,-34.7518],[150.8367,-34.7468],[150.8366,-34.743],[150.8333,-34.7413],[150.8338,-34.7374],[150.8391,-34.7291],[150.8423,-34.7288],[150.848,-34.72],[150.8466,-34.717],[150.8525,-34.7138],[150.8504,-34.7073],[150.8507,-34.7038],[150.8561,-34.7005],[150.8532,-34.6974],[150.857,-34.6962],[150.8582,-34.6933],[150.8541,-34.6921],[150.856,-34.6899],[150.861,-34.689],[150.8591,-34.6862],[150.8607,-34.6827],[150.8575,-34.682],[150.8555,-34.6799],[150.8565,-34.6772],[150.8642,-34.6707],[150.8606,-34.6692],[150.8548,-34.6637],[150.8543,-34.6617],[150.856,-34.6566],[150.8577,-34.6544],[150.8638,-34.6543],[150.8631,-34.6474],[150.8596,-34.6488],[150.8569,-34.6464],[150.8554,-34.6402],[150.8572,-34.6358],[150.8619,-34.6324],[150.8626,-34.6284],[150.8616,-34.6261],[150.8568,-34.6213],[150.8558,-34.6178],[150.8563,-34.6145],[150.8617,-34.6105],[150.8654,-34.6104],[150.8661,-34.6046],[150.8716,-34.6039],[150.8754,-34.6079],[150.8825,-34.6065],[150.8844,-34.6027],[150.8878,-34.6022],[150.8899,-34.5981],[150.8948,-34.6011],[150.9036,-34.5977],[150.9012,-34.5926],[150.8908,-34.594],[150.8884,-34.5927],[150.8838,-34.594],[150.8781,-34.5918],[150.875,-34.5888],[150.8721,-34.5751],[150.8686,-34.5718],[150.8683,-34.5674],[150.8752,-34.5609],[150.8712,-34.5602],[150.8691,-34.5583],[150.8691,-34.5535],[150.8712,-34.5486],[150.8749,-34.5456],[150.8783,-34.5446],[150.8746,-34.5406],[150.8745,-34.5372],[150.8763,-34.5311],[150.8827,-34.5194],[150.8883,-34.5103],[150.8939,-34.504],[150.9056,-34.4949],[150.9084,-34.4936],[150.916,-34.4936],[150.9203,-34.4949],[150.9174,-34.4901],[150.9142,-34.4821],[150.9138,-34.4793],[150.9156,-34.4776],[150.9134,-34.4749],[150.914,-34.465],[150.9076,-34.463],[150.9024,-34.4626],[150.9013,-34.4597],[150.9007,-34.4535],[150.9007,-34.4436],[150.9033,-34.4317],[150.9077,-34.4238],[150.9107,-34.4226],[150.9095,-34.4201],[150.9043,-34.4207],[150.902,-34.4149],[150.903,-34.4113],[150.9022,-34.4074],[150.9041,-34.4007],[150.9085,-34.3926],[150.9162,-34.3841],[150.9213,-34.3777],[150.9262,-34.3758],[150.9274,-34.3727],[150.931,-34.3701],[150.9227,-34.3647],[150.9207,-34.3616],[150.9198,-34.357],[150.9215,-34.3496],[150.9246,-34.3475],[150.9231,-34.3459],[150.9252,-34.3409],[150.9286,-34.3389],[150.9254,-34.3373],[150.9273,-34.3298],[150.9248,-34.3277],[150.9254,-34.3225],[150.9294,-34.3152],[150.9348,-34.3094],[150.9353,-34.3073],[150.9409,-34.3028],[150.9421,-34.2969],[150.9466,-34.2938],[150.9497,-34.2868],[150.9563,-34.2814],[150.9578,-34.276],[150.964,-34.2689],[150.9679,-34.2674],[150.9683,-34.2623],[150.9739,-34.2582],[150.973,-34.2549],[150.9756,-34.2525],[150.9774,-34.245],[150.986,-34.2372],[150.9877,-34.2327],[150.9938,-34.2278],[150.9995,-34.2261],[151.0064,-34.2204],[151.0088,-34.2203],[151.0127,-34.2169],[151.0132,-34.2131],[151.0184,-34.2084],[151.0212,-34.2042],[151.0258,-34.2029],[151.0294,-34.2003],[151.033,-34.1963],[151.0386,-34.1952],[151.0395,-34.192],[151.0422,-34.191],[151.0443,-34.187],[151.0515,-34.1849],[151.0538,-34.1853],[151.0544,-34.181],[151.0567,-34.179],[151.0605,-34.1791],[151.0666,-34.1724],[151.0603,-34.1715],[151.0608,-34.1685],[151.0552,-34.1677],[151.0544,-34.1718],[151.0159,-34.1664],[151.0143,-34.1638],[151.0159,-34.1593],[151.0189,-34.156],[151.0137,-34.1545],[150.9909,-34.1459],[150.9808,-34.1388],[150.9226,-34.13],[150.9224,-34.1338],[150.9186,-34.137],[150.9181,-34.1394],[150.9197,-34.1423],[150.9188,-34.1459],[150.9151,-34.1503],[150.9166,-34.1525],[150.9141,-34.1591],[150.9069,-34.1646],[150.9063,-34.1704],[150.9052,-34.1725],[150.9037,-34.1851],[150.8995,-34.1868],[150.8994,-34.1896],[150.9022,-34.19],[150.907,-34.1929],[150.9108,-34.1978],[150.9071,-34.2023],[150.9043,-34.2093],[150.9089,-34.2112],[150.9082,-34.2152],[150.89,-34.2126],[150.8936,-34.221],[150.8912,-34.2284],[150.8931,-34.2303],[150.8979,-34.2319],[150.8928,-34.2355],[150.8866,-34.2425],[150.8824,-34.2519],[150.8812,-34.2579],[150.8761,-34.2599],[150.8528,-34.28],[150.8514,-34.2785],[150.8445,-34.2772],[150.8372,-34.2745],[150.8273,-34.2749],[150.817,-34.2698],[150.814,-34.2693],[150.8052,-34.2713],[150.8066,-34.2807],[150.8095,-34.2849],[150.8114,-34.2898],[150.815,-34.2933],[150.8158,-34.2959],[150.8143,-34.3005],[150.8168,-34.3064],[150.7926,-34.3033],[150.7916,-34.3071],[150.7509,-34.3019],[150.7457,-34.3374],[150.6893,-34.4422],[150.6351,-34.5432],[150.6363,-34.5461],[150.6488,-34.5481],[150.6493,-34.5456],[150.6553,-34.5466],[150.655,-34.5482],[150.6497,-34.5525],[150.6455,-34.5571],[150.6407,-34.5591],[150.6389,-34.565],[150.6393,-34.5669],[150.6384,-34.5745],[150.6438,-34.5797],[150.6566,-34.5815],[150.6619,-34.5803],[150.6642,-34.5812],[150.6632,-34.5839],[150.6674,-34.5891],[150.6696,-34.5929],[150.6794,-34.6003],[150.6886,-34.6016],[150.6938,-34.6039],[150.6931,-34.6073],[150.6904,-34.6083],[150.6809,-34.608],[150.6746,-34.6097],[150.6679,-34.6098],[150.6662,-34.6138],[150.667,-34.6192],[150.6622,-34.6194],[150.6569,-34.6235],[150.6506,-34.6249],[150.6424,-34.6252],[150.6331,-34.6282],[150.6325,-34.634],[150.629,-34.6367],[150.6283,-34.6393],[150.6256,-34.6406],[150.6231,-34.6445],[150.6176,-34.6443],[150.6114,-34.6462],[150.6035,-34.6518],[150.5975,-34.6497],[150.5941,-34.6475],[150.5919,-34.6489],[150.5921,-34.6534],[150.5905,-34.6587],[150.5829,-34.6617],[150.5828,-34.6674],[150.5804,-34.6669],[150.5767,-34.6697],[150.5768,-34.6755],[150.5799,-34.6813],[150.5803,-34.6859],[150.5796,-34.6935],[150.5771,-34.6955],[150.5685,-34.6965],[150.5651,-34.6903],[150.5643,-34.6861],[150.5687,-34.6825],[150.5609,-34.6842],[150.5634,-34.6811],[150.5631,-34.6791],[150.5673,-34.6735],[150.5676,-34.669],[150.5655,-34.6558],[150.5629,-34.6516],[150.5594,-34.6484],[150.5572,-34.6443],[150.5602,-34.641],[150.555,-34.6413],[150.5526,-34.6429],[150.5514,-34.646],[150.5523,-34.6505],[150.5483,-34.6505],[150.548,-34.6452],[150.5464,-34.6441],[150.5416,-34.6521],[150.5416,-34.6569],[150.5388,-34.6599],[150.539,-34.6648],[150.5358,-34.6639],[150.5346,-34.66],[150.5311,-34.657],[150.5267,-34.659],[150.5186,-34.661],[150.5173,-34.6651],[150.5142,-34.6644],[150.5084,-34.6667],[150.5043,-34.6668],[150.5015,-34.6706],[150.5055,-34.6732],[150.5008,-34.6753],[150.5008,-34.6802],[150.4983,-34.6819],[150.4693,-34.6782],[150.4676,-34.6799],[150.4605,-34.6839],[150.4584,-34.6872],[150.4518,-34.6918],[150.4447,-34.6914],[150.4418,-34.6902],[150.4351,-34.6915],[150.4334,-34.6899],[150.4276,-34.6941],[150.4247,-34.6978],[150.422,-34.699],[150.4179,-34.6989],[150.4159,-34.7014],[150.4125,-34.7006],[150.4059,-34.7012],[150.401,-34.7032],[150.4011,-34.7053],[150.3938,-34.7072],[150.3942,-34.7087],[150.3892,-34.7129],[150.3903,-34.7193],[150.3865,-34.7206],[150.3824,-34.7239],[150.3801,-34.7325],[150.3766,-34.7344],[150.3771,-34.7378],[150.3739,-34.7397],[150.3712,-34.7438],[150.3589,-34.7483],[150.3555,-34.7487],[150.3434,-34.7489],[150.3384,-34.7484],[150.3337,-34.7522],[150.3302,-34.7593],[150.3271,-34.7622],[150.3234,-34.7633],[150.3136,-34.7699],[150.3149,-34.7736],[150.3102,-34.7721],[150.3056,-34.7673],[150.3028,-34.7663],[150.2946,-34.7659],[150.2878,-34.7647],[150.2842,-34.768],[150.2765,-34.7692],[150.2679,-34.7744],[150.2597,-34.7855],[150.2576,-34.7902],[150.2512,-34.7922],[150.2463,-34.7915],[150.2407,-34.7921],[150.2361,-34.7942],[150.2346,-34.7997],[150.2316,-34.8017],[150.2234,-34.8031],[150.2184,-34.8046],[150.2147,-34.8078],[150.2105,-34.8137],[150.2041,-34.8166],[150.1937,-34.8197],[150.1896,-34.819],[150.1842,-34.8197],[150.1777,-34.8182],[150.1674,-34.8222],[150.1627,-34.8231],[150.1566,-34.8226],[150.1483,-34.8203],[150.1376,-34.8193],[150.1341,-34.8196],[150.1271,-34.8174],[150.1254,-34.8135],[150.1253,-34.808],[150.1214,-34.8037],[150.1155,-34.7994],[150.1101,-34.7991],[150.1071,-34.7954],[150.1054,-34.7889],[150.1001,-34.7862],[150.0923,-34.7805],[150.086,-34.7782],[150.0814,-34.7737],[150.0762,-34.7735],[150.0742,-34.7681],[150.0679,-34.7672],[150.0605,-34.7683],[150.0562,-34.7705],[150.0551,-34.7737],[150.0613,-34.7745],[150.0674,-34.7789],[150.066,-34.7841],[150.0625,-34.7849],[150.0529,-34.7851],[150.0486,-34.7894],[150.042,-34.7932],[150.0403,-34.7955],[150.0418,-34.798],[150.0454,-34.8007],[150.0467,-34.8047],[150.0438,-34.8064],[150.0383,-34.8049],[150.0364,-34.8075],[150.0372,-34.8136],[150.0395,-34.8216],[150.0438,-34.8278],[150.0432,-34.8309],[150.0374,-34.8439],[150.0383,-34.8464],[150.0422,-34.8514],[150.0417,-34.8574],[150.0406,-34.8602],[150.0462,-34.8627],[150.0474,-34.8688],[150.0516,-34.8703],[150.0533,-34.8772],[150.052,-34.8809],[150.0536,-34.8824],[150.0585,-34.8822],[150.0653,-34.8897],[150.0744,-34.8948],[150.0757,-34.8976],[150.0797,-34.8965],[150.0815,-34.8938],[150.086,-34.8931],[150.0876,-34.8962],[150.0817,-34.9001],[150.082,-34.9058],[150.0853,-34.9089],[150.087,-34.9121],[150.086,-34.915],[150.0884,-34.9224],[150.0882,-34.9249],[150.0827,-34.928],[150.0756,-34.9337],[150.0684,-34.9359],[150.0674,-34.9383],[150.0684,-34.9431],[150.0677,-34.9454],[150.0611,-34.9512],[150.0585,-34.9568],[150.0555,-34.9653],[150.0558,-34.9677],[150.0589,-34.9697],[150.0674,-34.9721],[150.0702,-34.9735],[150.078,-34.9755],[150.08,-34.9772],[150.0857,-34.9877],[150.0843,-34.9912],[150.0788,-34.9951],[150.0705,-35.0021],[150.066,-35.0046],[150.0613,-35.0055],[150.0541,-35.008],[150.0498,-35.0087],[150.0514,-35.013],[150.0544,-35.015],[150.0529,-35.0172],[150.061,-35.0216],[150.0646,-35.0219],[150.0636,-35.0285],[150.0643,-35.0301],[150.0617,-35.0363],[150.0661,-35.0383],[150.0678,-35.0404],[150.0716,-35.0398],[150.076,-35.0422],[150.076,-35.0437],[150.072,-35.0485],[150.0746,-35.0521],[150.0802,-35.0532],[150.0819,-35.0568],[150.088,-35.0595],[150.086,-35.0636],[150.089,-35.0674],[150.1012,-35.0696],[150.1025,-35.072],[150.1061,-35.0714],[150.1062,-35.0762],[150.1035,-35.0784],[150.1032,-35.082],[150.1068,-35.0862],[150.1086,-35.0843],[150.1145,-35.0886],[150.1197,-35.0892],[150.1224,-35.0933],[150.1296,-35.0972],[150.1276,-35.1013],[150.1308,-35.1028],[150.1337,-35.1073],[150.1291,-35.1129],[150.1338,-35.1141],[150.136,-35.1166],[150.1396,-35.118],[150.1397,-35.1248],[150.1427,-35.1317],[150.1409,-35.1426],[150.1423,-35.1448],[150.151,-35.1434],[150.1544,-35.1447],[150.1614,-35.1509],[150.164,-35.1486],[150.1687,-35.1482],[150.1704,-35.1495],[150.1719,-35.1565],[150.1748,-35.1581],[150.1731,-35.1605],[150.1758,-35.1654],[150.1808,-35.165],[150.1879,-35.166],[150.1963,-35.1711],[150.2007,-35.1701],[150.2043,-35.171],[150.2051,-35.1729],[150.2043,-35.1776],[150.2114,-35.1884],[150.2114,-35.1907],[150.2147,-35.1943],[150.2157,-35.201],[150.2083,-35.2037],[150.2034,-35.2028],[150.1987,-35.1989],[150.1921,-35.1985],[150.1863,-35.1998],[150.188,-35.2032],[150.1856,-35.2079],[150.1885,-35.2091],[150.1905,-35.2159],[150.1878,-35.2191],[150.195,-35.2192],[150.1951,-35.2222],[150.1974,-35.2251],[150.1959,-35.2265],[150.1975,-35.2302],[150.1937,-35.2329],[150.1902,-35.2333],[150.1894,-35.2304],[150.1852,-35.2316],[150.1829,-35.2363],[150.179,-35.2377],[150.176,-35.2372],[150.1738,-35.2393],[150.17,-35.2387],[150.1675,-35.2412],[150.1687,-35.2456],[150.1721,-35.2486],[150.1677,-35.2531],[150.162,-35.2546],[150.161,-35.2575],[150.1644,-35.2645],[150.1669,-35.2664],[150.1644,-35.2698],[150.1559,-35.2691],[150.1519,-35.2668],[150.1478,-35.2701],[150.1441,-35.2706],[150.1377,-35.2735],[150.134,-35.2769],[150.1335,-35.2794],[150.1253,-35.282],[150.121,-35.2857],[150.1214,-35.2908],[150.1203,-35.2922],[150.1148,-35.2938],[150.1138,-35.2909],[150.1067,-35.2854],[150.103,-35.2858],[150.1017,-35.2905],[150.0974,-35.2933],[150.09,-35.2925],[150.086,-35.2911],[150.0826,-35.2927],[150.0845,-35.2978],[150.0873,-35.3009],[150.0854,-35.3053],[150.0809,-35.3042],[150.0749,-35.3068],[150.0678,-35.3092],[150.0629,-35.3064],[150.0598,-35.3066],[150.0531,-35.3091],[150.0511,-35.3091],[150.0498,-35.3124],[150.0511,-35.3156],[150.0474,-35.3157],[150.0447,-35.3178],[150.0416,-35.3238],[150.0402,-35.3284],[150.038,-35.3316],[150.038,-35.3342],[150.0426,-35.3417],[150.0421,-35.3456],[150.0467,-35.3474],[150.044,-35.3547],[150.0449,-35.3585],[150.0411,-35.3645],[150.037,-35.3674],[150.0384,-35.3712],[150.0387,-35.3754],[150.042,-35.3831],[150.0409,-35.3919],[150.0411,-35.3941],[150.0382,-35.4001],[150.0381,-35.4062],[150.0327,-35.41],[150.0284,-35.4111],[150.0232,-35.4111],[150.0199,-35.4133],[150.0179,-35.4192],[150.0109,-35.424],[150.0073,-35.4291],[150.0076,-35.4309],[150.0141,-35.4381],[150.0112,-35.4415],[150.0066,-35.443],[150.0054,-35.4446],[150.0054,-35.4492],[150.0043,-35.4511],[150.0055,-35.4541],[150.0059,-35.4605],[150.004,-35.4631],[150.0035,-35.4718],[150.0021,-35.4753],[149.9987,-35.4787],[149.984,-35.4864],[149.9774,-35.4902],[149.9774,-35.4921],[149.9804,-35.4984],[149.9793,-35.5027],[149.9815,-35.5056],[149.9801,-35.5092],[149.9842,-35.5101],[149.9884,-35.5174],[149.9947,-35.5218],[149.9955,-35.5262],[149.9976,-35.5303],[150.0015,-35.5328],[150.0006,-35.5365],[150.0025,-35.5391],[150.0021,-35.5413],[150.006,-35.5444],[150.0083,-35.549],[150.0114,-35.5519],[150.0148,-35.5509],[150.0192,-35.554],[150.0233,-35.5542],[150.025,-35.5602],[150.031,-35.5602],[150.0367,-35.5613],[150.0421,-35.5657],[150.0472,-35.5674],[150.0481,-35.5702],[150.0514,-35.5704],[150.0518,-35.5743],[150.0552,-35.5763],[150.0686,-35.5749],[150.0668,-35.5783],[150.072,-35.5789],[150.0755,-35.574],[150.0779,-35.5786],[150.0852,-35.5797],[150.0918,-35.5791],[150.0952,-35.5751],[150.0969,-35.5766],[150.1004,-35.5746],[150.1072,-35.5736],[150.1083,-35.5705],[150.1128,-35.5706],[150.1143,-35.5731],[150.1174,-35.5733],[150.1192,-35.5759],[150.1228,-35.5729],[150.131,-35.569],[150.132,-35.5632],[150.1341,-35.5629],[150.1369,-35.5655],[150.1354,-35.568],[150.1401,-35.5684],[150.1424,-35.5728],[150.1459,-35.5736],[150.1515,-35.5733],[150.1572,-35.5697],[150.1617,-35.5748],[150.1661,-35.5707],[150.1707,-35.5723],[150.1725,-35.5751],[150.181,-35.5711],[150.1823,-35.5678],[150.1805,-35.5619],[150.1828,-35.5589],[150.1883,-35.5559],[150.1927,-35.5499],[150.1947,-35.5533],[150.1993,-35.5529],[150.198,-35.5503],[150.2012,-35.5469],[150.2058,-35.5436],[150.2076,-35.5472],[150.2121,-35.5493],[150.2142,-35.5482],[150.2141,-35.5447],[150.2199,-35.5486],[150.224,-35.5454],[150.2296,-35.5503],[150.2322,-35.5503],[150.2345,-35.5542],[150.2396,-35.5522],[150.2414,-35.5582],[150.2467,-35.5625],[150.2546,-35.5659],[150.2579,-35.5708],[150.256,-35.5763],[150.2599,-35.5836],[150.2583,-35.585],[150.2563,-35.5931],[150.2538,-35.5965],[150.2564,-35.603],[150.2555,-35.6172],[150.2513,-35.6243],[150.2531,-35.6299],[150.2588,-35.6276],[150.2608,-35.6217],[150.2671,-35.6174],[150.2702,-35.6175],[150.2687,-35.6236],[150.2724,-35.6244],[150.2719,-35.6291],[150.2747,-35.6319],[150.2732,-35.6337],[150.2754,-35.6368],[150.2808,-35.6399],[150.2845,-35.6375],[150.2819,-35.6356],[150.2886,-35.6327],[150.2941,-35.6357],[150.2867,-35.6358],[150.2861,-35.6377],[150.2944,-35.6446],[150.3021,-35.6386],[150.3077,-35.6386]]],[[[150.9279,-34.4884],[150.9267,-34.4923],[150.9295,-34.4929],[150.9323,-34.49],[150.9279,-34.4884]]]]},"properties":{"name":"Illawarra-Shoalhaven"}},
{"type":"Feature","geometry":{"type":"Polygon","coordinates":[[[151.6313,-33.1771],[151.597,-33.172],[151.5987,-33.1637],[151.5959,-33.1633],[151.5951,-33.1568],[151.5906,-33.1513],[151.5883,-33.1495],[151.5917,-33.142],[151.5908,-33.1394],[151.5876,-33.1379],[151.5917,-33.1329],[151.586,-33.1294],[151.5857,-33.1255],[151.5896,-33.1238],[151.5907,-33.1198],[151.5881,-33.1146],[151.5849,-33.1104],[151.5824,-33.1126],[151.5847,-33.1191],[151.5835,-33.1228],[151.5791,-33.1246],[151.5784,-33.1271],[151.5734,-33.1315],[151.5703,-33.1318],[151.5668,-33.1358],[151.557,-33.1312],[151.5555,-33.141],[151.5525,-33.1456],[151.5562,-33.1476],[151.5644,-33.1497],[151.5681,-33.1515],[151.5716,-33.155],[151.5717,-33.1568],[151.5662,-33.1634],[151.5644,-33.168],[151.568,-33.1677],[151.5687,-33.1704],[151.5676,-33.1745],[151.5616,-33.1727],[151.5579,-33.1671],[151.554,-33.163],[151.5536,-33.1591],[151.5494,-33.1573],[151.5445,-33.1567],[151.5441,-33.1503],[151.5416,-33.1476],[151.5421,-33.1442],[151.5399,-33.143],[151.5348,-33.148],[151.5347,-33.1521],[151.5329,-33.1536],[151.5306,-33.1598],[151.5283,-33.159],[151.5297,-33.1689],[151.5263,-33.1738],[151.5277,-33.1796],[151.5242,-33.1818],[151.5218,-33.1815],[151.5155,-33.1839],[151.5145,-33.1889],[151.5122,-33.1943],[151.5032,-33.1926],[151.4904,-33.1868],[151.4876,-33.189],[151.4821,-33.1899],[151.4746,-33.1895],[151.4688,-33.1932],[151.4644,-33.1938],[151.4613,-33.1997],[151.4552,-33.2029],[151.4474,-33.2012],[151.443,-33.201],[151.4445,-33.1933],[151.4386,-33.1953],[151.4354,-33.1999],[151.4315,-33.1993],[151.4332,-33.1942],[151.4185,-33.1921],[151.4179,-33.1952],[151.411,-33.1941],[151.4124,-33.1892],[151.411,-33.1874],[151.3986,-33.1857],[151.4006,-33.1759],[151.4035,-33.1763],[151.4041,-33.1736],[151.3993,-33.1729],[151.3958,-33.1672],[151.3971,-33.1651],[151.3925,-33.1579],[151.3923,-33.152],[151.3878,-33.1488],[151.3874,-33.1433],[151.3831,-33.1398],[151.3833,-33.1288],[151.3808,-33.1265],[151.3813,-33.1229],[151.3801,-33.1197],[151.3821,-33.1169],[151.3805,-33.1124],[151.3827,-33.1096],[151.3791,-33.1045],[151.379,-33.0998],[151.3742,-33.0969],[151.3719,-33.0945],[151.3634,-33.0939],[151.3604,-33.0906],[151.3567,-33.0898],[151.3569,-33.0817],[151.352,-33.0781],[151.3452,-33.0749],[151.3383,-33.0727],[151.333,-33.0691],[151.3314,-33.0621],[151.327,-33.0603],[151.3224,-33.0542],[151.3197,-33.0531],[151.3155,-33.0482],[151.3096,-33.0477],[151.3059,-33.0439],[151.3019,-33.045],[151.2992,-33.0522],[151.2962,-33.0547],[151.2928,-33.0557],[151.289,-33.0551],[151.2826,-33.0577],[151.2708,-33.0577],[151.2667,-33.0586],[151.2673,-33.0636],[151.2646,-33.073],[151.2623,-33.0746],[151.2624,-33.0775],[151.2644,-33.0806],[151.2622,-33.0871],[151.2621,-33.0909],[151.2598,-33.0952],[151.2623,-33.0973],[151.2601,-33.1004],[151.2556,-33.1016],[151.2508,-33.0998],[151.2443,-33.1029],[151.244,-33.1057],[151.2382,-33.1086],[151.2351,-33.1077],[151.2306,-33.1099],[151.2321,-33.114],[151.2295,-33.115],[151.2206,-33.1216],[151.2184,-33.1248],[151.2181,-33.1294],[151.2137,-33.1294],[151.2088,-33.1332],[151.205,-33.1347],[151.2053,-33.1367],[151.2025,-33.139],[151.1996,-33.1375],[151.1957,-33.1374],[151.1915,-33.1341],[151.1856,-33.1336],[151.1824,-33.1314],[151.1762,-33.129],[151.1729,-33.1285],[151.1627,-33.1242],[151.1598,-33.1205],[151.1554,-33.1182],[151.1514,-33.1135],[151.143,-33.1111],[151.1393,-33.1113],[151.1357,-33.1098],[151.1283,-33.1147],[151.1256,-33.1152],[151.1228,-33.1194],[151.1196,-33.1213],[151.1169,-33.1247],[151.1113,-33.1273],[151.1076,-33.1279],[151.1014,-33.1354],[151.1009,-33.142],[151.0996,-33.1444],[151.1057,-33.1505],[151.1058,-33.1515],[151.101,-33.1626],[151.1018,-33.1679],[151.1006,-33.1711],[151.1011,-33.1774],[151.1042,-33.1812],[151.1,-33.1839],[151.0983,-33.19],[151.0967,-33.1933],[151.1005,-33.1958],[151.0982,-33.2031],[151.0988,-33.2106],[151.0982,-33.214],[151.0991,-33.2215],[151.1021,-33.2222],[151.1042,-33.2274],[151.1062,-33.2285],[151.1061,-33.2342],[151.1039,-33.2362],[151.1003,-33.2419],[151.0984,-33.2506],[151.0994,-33.2537],[151.097,-33.2583],[151.0981,-33.2615],[151.0947,-33.2616],[151.0898,-33.2686],[151.0897,-33.2758],[151.0914,-33.2778],[151.0896,-33.2808],[151.0941,-33.2859],[151.0932,-33.29],[151.0952,-33.2918],[151.0937,-33.2953],[151.0953,-33.3026],[151.0921,-33.307],[151.0943,-33.3087],[151.0938,-33.312],[151.0897,-33.3137],[151.0881,-33.316],[151.0845,-33.3179],[151.0902,-33.3247],[151.0883,-33.3273],[151.0812,-33.3341],[151.0778,-33.3354],[151.0699,-33.3328],[151.0659,-33.3339],[151.0667,-33.34],[151.0638,-33.3418],[151.0565,-33.3429],[151.0514,-33.3409],[151.0444,-33.3441],[151.0422,-33.3436],[151.0395,-33.3468],[151.0345,-33.35],[151.0317,-33.3508],[151.0245,-33.3496],[151.0231,-33.3515],[151.0184,-33.3534],[151.0137,-33.3523],[151.0124,-33.3492],[151.0045,-33.3494],[151.0004,-33.3504],[150.998,-33.3558],[150.9951,-33.3595],[150.9937,-33.363],[150.9913,-33.3643],[150.9872,-33.3644],[150.9844,-33.3711],[150.9847,-33.3751],[150.9902,-33.3784],[150.9925,-33.3843],[150.9934,-33.3975],[150.9948,-33.3994],[150.9995,-33.4013],[151.0026,-33.4016],[151.0172,-33.4],[151.0233,-33.401],[151.0296,-33.4036],[151.0328,-33.4064],[151.0334,-33.4127],[151.0309,-33.4218],[151.0323,-33.4273],[151.0357,-33.4292],[151.043,-33.4293],[151.0459,-33.4311],[151.0484,-33.4377],[151.0526,-33.4411],[151.0622,-33.442],[151.0643,-33.4462],[151.0635,-33.4507],[151.064,-33.4545],[151.0687,-33.4603],[151.0714,-33.4614],[151.076,-33.4598],[151.0769,-33.4574],[151.0745,-33.4494],[151.0775,-33.4465],[151.0803,-33.4474],[151.0819,-33.4499],[151.0862,-33.4696],[151.0894,-33.4767],[151.0936,-33.4807],[151.0973,-33.4822],[151.1033,-33.4825],[151.1059,-33.4801],[151.1085,-33.4739],[151.1141,-33.4676],[151.1182,-33.4648],[151.1212,-33.4639],[151.1248,-33.4645],[151.1392,-33.4727],[151.1453,-33.4722],[151.1472,-33.4706],[151.1523,-33.4626],[151.1564,-33.4611],[151.1598,-33.4615],[151.1627,-33.4644],[151.1617,-33.4689],[151.1552,-33.4764],[151.1511,-33.4823],[151.1495,-33.4876],[151.1505,-33.4906],[151.1569,-33.495],[151.1583,-33.5026],[151.158,-33.5083],[151.1588,-33.5173],[151.1616,-33.5229],[151.1687,-33.5213],[151.17,-33.5196],[151.1742,-33.5096],[151.1765,-33.5063],[151.181,-33.504],[151.1841,-33.5058],[151.1864,-33.5102],[151.1874,-33.519],[151.1908,-33.5317],[151.1946,-33.5383],[151.1975,-33.5394],[151.2078,-33.5409],[151.2251,-33.5363],[151.2305,-33.5354],[151.2424,-33.5354],[151.2465,-33.5372],[151.2488,-33.5413],[151.2475,-33.5453],[151.241,-33.5553],[151.2398,-33.5609],[151.242,-33.5673],[151.2512,-33.577],[151.2604,-33.5794],[151.2677,-33.5794],[151.2735,-33.5774],[151.2796,-33.5719],[151.2848,-33.5722],[151.2893,-33.5734],[151.292,-33.5718],[151.3022,-33.5734],[151.3057,-33.5759],[151.3086,-33.5758],[151.3109,-33.5795],[151.3453,-33.5472],[151.3481,-33.5407],[151.3511,-33.5383],[151.3596,-33.5349],[151.3605,-33.5328],[151.3678,-33.5297],[151.373,-33.5293],[151.3762,-33.5312],[151.3824,-33.5325],[151.3847,-33.53],[151.3875,-33.5246],[151.3921,-33.5234],[151.4026,-33.5286],[151.4069,-33.5283],[151.4071,-33.5254],[151.4117,-33.5232],[151.4164,-33.524],[151.4211,-33.519],[151.4196,-33.5111],[151.4271,-33.5078],[151.4296,-33.5044],[151.4288,-33.5024],[151.4254,-33.5005],[151.4261,-33.4968],[151.4316,-33.4916],[151.4401,-33.4927],[151.4436,-33.4913],[151.447,-33.4864],[151.4464,-33.4841],[151.4432,-33.4816],[151.444,-33.4788],[151.4417,-33.4767],[151.4414,-33.4728],[151.4395,-33.47],[151.4359,-33.4687],[151.4367,-33.4637],[151.4408,-33.4581],[151.4419,-33.4584],[151.4475,-33.4543],[151.4492,-33.4514],[151.4519,-33.4517],[151.4526,-33.4473],[151.4461,-33.4472],[151.4441,-33.4443],[151.4433,-33.4396],[151.4452,-33.4343],[151.4522,-33.427],[151.4547,-33.4236],[151.4626,-33.4186],[151.4633,-33.4152],[151.4683,-33.4105],[151.4762,-33.4076],[151.4792,-33.403],[151.4853,-33.3985],[151.4848,-33.3951],[151.4873,-33.3933],[151.4871,-33.3901],[151.4834,-33.3848],[151.4885,-33.3826],[151.4865,-33.3793],[151.4878,-33.3743],[151.4924,-33.369],[151.4985,-33.3654],[151.5035,-33.361],[151.5003,-33.3608],[151.5027,-33.3544],[151.5051,-33.3513],[151.5034,-33.3485],[151.5044,-33.3413],[151.5071,-33.3345],[151.5112,-33.3293],[151.5192,-33.3207],[151.5283,-33.313],[151.5392,-33.3058],[151.5548,-33.2976],[151.5581,-33.2963],[151.5643,-33.2963],[151.5626,-33.2941],[151.5671,-33.29],[151.5702,-33.2896],[151.5715,-33.2861],[151.5792,-33.281],[151.5759,-33.2793],[151.5736,-33.2804],[151.5667,-33.277],[151.5672,-33.2759],[151.5639,-33.2713],[151.5626,-33.2664],[151.5623,-33.2603],[151.5641,-33.2575],[151.5649,-33.2485],[151.5703,-33.2398],[151.5748,-33.2339],[151.5854,-33.2238],[151.5905,-33.2204],[151.597,-33.2131],[151.5997,-33.2108],[151.6111,-33.2031],[151.6162,-33.2025],[151.6233,-33.1976],[151.6243,-33.192],[151.6219,-33.1896],[151.6238,-33.1874],[151.6292,-33.1871],[151.6299,-33.1845],[151.6288,-33.1798],[151.6313,-33.1771]]]},"properties":{"name":"Central Coast"}},
{"type":"Feature","geometry":{"type":"Polygon","coordinates":[[[150.1106,-31.7461],[150.1156,-31.7529],[150.1247,-31.7539],[150.1272,-31.7596],[150.1256,-31.7628],[150.1352,-31.7685],[150.1404,-31.7667],[150.1517,-31.7659],[150.1561,-31.7737],[150.1614,-31.7796],[150.1628,-31.7843],[150.1659,-31.7857],[150.1676,-31.7889],[150.171,-31.7905],[150.1724,-31.795],[150.1774,-31.7982],[150.1825,-31.7992],[150.1842,-31.8012],[150.1817,-31.8043],[150.1855,-31.8098],[150.1851,-31.8137],[150.189,-31.8153],[150.1988,-31.8231],[150.2016,-31.8243],[150.2097,-31.8224],[150.2115,-31.8237],[150.2169,-31.8245],[150.2222,-31.8237],[150.2244,-31.8257],[150.2287,-31.8266],[150.2369,-31.8271],[150.2418,-31.8255],[150.2442,-31.8264],[150.2518,-31.8339],[150.2547,-31.8359],[150.2638,-31.8368],[150.2688,-31.8386],[150.2724,-31.8415],[150.2773,-31.8421],[150.281,-31.844],[150.2858,-31.8427],[150.2937,-31.8489],[150.2988,-31.8478],[150.301,-31.8456],[150.3066,-31.8427],[150.3057,-31.8395],[150.3073,-31.8366],[150.315,-31.8325],[150.3199,-31.8321],[150.3232,-31.8287],[150.3272,-31.8267],[150.3304,-31.8271],[150.3346,-31.8254],[150.3382,-31.8258],[150.3463,-31.8292],[150.3529,-31.8298],[150.3582,-31.8314],[150.3615,-31.8384],[150.3677,-31.8425],[150.3737,-31.8401],[150.3767,-31.8417],[150.3827,-31.842],[150.3886,-31.8388],[150.3928,-31.8379],[150.3978,-31.8389],[150.4003,-31.8361],[150.4075,-31.8334],[150.4126,-31.8352],[150.4148,-31.8388],[150.4262,-31.8408],[150.4309,-31.843],[150.4312,-31.8476],[150.4328,-31.8501],[150.4389,-31.8517],[150.4431,-31.8548],[150.451,-31.8536],[150.458,-31.8512],[150.4621,-31.8462],[150.466,-31.8445],[150.4709,-31.8397],[150.4719,-31.8367],[150.4823,-31.8315],[150.4878,-31.8313],[150.4914,-31.8345],[150.4954,-31.8334],[150.5062,-31.8344],[150.5075,-31.8382],[150.5184,-31.8437],[150.5249,-31.8439],[150.5247,-31.8467],[150.5278,-31.8501],[150.5325,-31.8511],[150.5361,-31.8551],[150.5466,-31.8582],[150.5529,-31.8547],[150.5542,-31.8494],[150.5582,-31.8475],[150.5636,-31.8468],[150.5663,-31.8445],[150.5709,-31.8444],[150.5732,-31.8463],[150.5775,-31.8457],[150.5813,-31.8437],[150.5856,-31.8435],[150.5918,-31.8467],[150.5942,-31.8467],[150.5967,-31.8435],[150.6027,-31.8428],[150.6062,-31.8434],[150.6096,-31.8476],[150.6128,-31.8475],[150.6164,-31.8444],[150.6219,-31.8424],[150.6284,-31.8381],[150.6349,-31.8447],[150.6478,-31.8424],[150.6498,-31.8441],[150.654,-31.8446],[150.6601,-31.8422],[150.6644,-31.8437],[150.6711,-31.8445],[150.6735,-31.8414],[150.679,-31.8423],[150.6809,-31.8408],[150.6841,-31.8415],[150.6868,-31.8399],[150.6927,-31.8392],[150.6999,-31.8424],[150.7033,-31.8415],[150.7051,-31.8389],[150.708,-31.8397],[150.7115,-31.8388],[150.7179,-31.8396],[150.7234,-31.8386],[150.725,-31.8336],[150.723,-31.8275],[150.7271,-31.8251],[150.7288,-31.8203],[150.7286,-31.8143],[150.7212,-31.8107],[150.7196,-31.8088],[150.7129,-31.8047],[150.7189,-31.7961],[150.7267,-31.7918],[150.7355,-31.79],[150.7386,-31.7793],[150.7599,-31.7823],[150.7624,-31.7704],[150.7666,-31.7708],[150.7673,-31.7673],[150.7698,-31.7676],[150.7705,-31.7643],[150.779,-31.7656],[150.7806,-31.7576],[150.7786,-31.7554],[150.7881,-31.7498],[150.7896,-31.7475],[150.7928,-31.7472],[150.7935,-31.7436],[150.7958,-31.7423],[150.7969,-31.7365],[150.8023,-31.7332],[150.8098,-31.7311],[150.8139,-31.7325],[150.8166,-31.7314],[150.8259,-31.7315],[150.8312,-31.7337],[150.8359,-31.7323],[150.8404,-31.7288],[150.849,-31.7305],[150.8521,-31.7166],[150.8554,-31.7143],[150.8626,-31.7154],[150.8658,-31.6993],[150.8711,-31.6992],[150.8755,-31.697],[150.8788,-31.7002],[150.886,-31.7025],[150.8857,-31.6998],[150.8817,-31.6952],[150.8799,-31.689],[150.8868,-31.6888],[150.8881,-31.6954],[150.8892,-31.6969],[150.8935,-31.6951],[150.8995,-31.6911],[150.8977,-31.686],[150.8953,-31.6825],[150.8964,-31.6805],[150.904,-31.6816],[150.9064,-31.6691],[150.9108,-31.6697],[150.9101,-31.6671],[150.8939,-31.6648],[150.9002,-31.6617],[150.9019,-31.6579],[150.9045,-31.6558],[150.9087,-31.6552],[150.9133,-31.6515],[150.9141,-31.6479],[150.9301,-31.6501],[150.932,-31.64],[150.9441,-31.6417],[150.9485,-31.6419],[150.9541,-31.6438],[150.9582,-31.6431],[150.9672,-31.6446],[150.9723,-31.6469],[150.9775,-31.645],[150.9797,-31.6424],[150.9854,-31.6421],[150.9967,-31.6375],[150.9991,-31.635],[150.9984,-31.633],[150.9941,-31.6275],[150.9944,-31.6247],[150.9915,-31.6206],[150.9944,-31.6148],[150.9939,-31.612],[150.9985,-31.6034],[151.0046,-31.6026],[151.0067,-31.6013],[151.0109,-31.6021],[151.0152,-31.6004],[151.0191,-31.6001],[151.024,-31.598],[151.0277,-31.5954],[151.0329,-31.5953],[151.0367,-31.5976],[151.0425,-31.599],[151.0497,-31.5986],[151.0633,-31.5965],[151.0676,-31.5948],[151.0712,-31.5989],[151.0759,-31.6019],[151.0762,-31.6079],[151.0823,-31.609],[151.0897,-31.6116],[151.0923,-31.6167],[151.0992,-31.6163],[151.1015,-31.618],[151.1104,-31.6191],[151.1146,-31.6286],[151.1168,-31.6317],[151.1239,-31.631],[151.1276,-31.6293],[151.1334,-31.6288],[151.1392,-31.6264],[151.1446,-31.6282],[151.1486,-31.628],[151.1533,-31.6262],[151.1655,-31.6326],[151.1688,-31.6322],[151.1755,-31.6289],[151.1791,-31.6314],[151.185,-31.6328],[151.1876,-31.6355],[151.1953,-31.6396],[151.2011,-31.6416],[151.2051,-31.642],[151.2095,-31.6441],[151.2226,-31.6487],[151.2257,-31.6522],[151.2306,-31.6533],[151.2352,-31.6619],[151.2382,-31.6461],[151.2472,-31.6472],[151.2519,-31.6226],[151.2552,-31.6232],[151.2562,-31.6175],[151.262,-31.6184],[151.2657,-31.6139],[151.2699,-31.6126],[151.2788,-31.6042],[151.2809,-31.5999],[151.2848,-31.601],[151.2888,-31.5956],[151.2926,-31.5939],[151.2938,-31.5862],[151.2965,-31.5852],[151.2988,-31.5874],[151.3013,-31.586],[151.3057,-31.5872],[151.3052,-31.5833],[151.3106,-31.5812],[151.3118,-31.5793],[151.3169,-31.5806],[151.3202,-31.5782],[151.3194,-31.5763],[151.3256,-31.5759],[151.326,-31.5715],[151.3232,-31.5712],[151.3233,-31.568],[151.328,-31.5664],[151.3265,-31.5641],[151.3318,-31.5624],[151.3355,-31.5646],[151.3383,-31.5619],[151.337,-31.5584],[151.3434,-31.5561],[151.3468,-31.561],[151.3492,-31.5605],[151.3515,-31.5637],[151.3538,-31.5593],[151.3569,-31.5607],[151.3615,-31.5588],[151.3642,-31.5602],[151.3685,-31.5596],[151.3717,-31.5575],[151.374,-31.5605],[151.377,-31.562],[151.3823,-31.5587],[151.3828,-31.557],[151.3888,-31.5562],[151.3904,-31.5542],[151.3934,-31.555],[151.3897,-31.5604],[151.3927,-31.5625],[151.3948,-31.5601],[151.3998,-31.5605],[151.401,-31.5582],[151.4057,-31.5638],[151.4064,-31.5659],[151.4123,-31.5636],[151.4209,-31.5634],[151.4212,-31.5658],[151.419,-31.5673],[151.4234,-31.5695],[151.4269,-31.5649],[151.4305,-31.5695],[151.4311,-31.575],[151.4353,-31.5754],[151.4384,-31.5812],[151.4346,-31.5846],[151.4374,-31.5866],[151.4332,-31.5913],[151.4355,-31.5958],[151.4402,-31.5943],[151.4405,-31.5965],[151.4442,-31.6005],[151.4489,-31.6011],[151.4482,-31.6052],[151.4554,-31.6104],[151.4576,-31.6097],[151.4665,-31.564],[151.4857,-31.5666],[151.4899,-31.5716],[151.4933,-31.5741],[151.495,-31.5715],[151.4982,-31.5753],[151.5029,-31.5752],[151.5074,-31.5798],[151.5112,-31.5783],[151.5134,-31.5804],[151.5124,-31.5844],[151.5147,-31.5882],[151.5187,-31.5866],[151.5208,-31.5891],[151.5241,-31.5907],[151.5252,-31.5927],[151.5297,-31.5925],[151.5366,-31.5963],[151.5363,-31.5981],[151.5437,-31.6019],[151.5505,-31.602],[151.5572,-31.6008],[151.558,-31.603],[151.564,-31.6072],[151.5699,-31.6097],[151.5707,-31.6065],[151.5754,-31.6047],[151.5764,-31.6025],[151.5801,-31.6048],[151.5849,-31.6043],[151.5856,-31.6025],[151.591,-31.6025],[151.5936,-31.5992],[151.5961,-31.6001],[151.601,-31.5957],[151.6094,-31.6029],[151.6118,-31.6068],[151.6198,-31.6083],[151.6245,-31.6068],[151.6277,-31.608],[151.6287,-31.6121],[151.6328,-31.6133],[151.6368,-31.6104],[151.6438,-31.6113],[151.6422,-31.6057],[151.6475,-31.6069],[151.6497,-31.6051],[151.65,-31.6025],[151.656,-31.6041],[151.6562,-31.6078],[151.6591,-31.609],[151.66,-31.6122],[151.6651,-31.6131],[151.6674,-31.6114],[151.6752,-31.6127],[151.6788,-31.6097],[151.6823,-31.6088],[151.684,-31.6112],[151.6915,-31.6158],[151.6882,-31.6183],[151.6901,-31.6223],[151.6961,-31.622],[151.7,-31.6228],[151.7013,-31.62],[151.7089,-31.6236],[151.7111,-31.6235],[151.7135,-31.6207],[151.7202,-31.6272],[151.7247,-31.6291],[151.7263,-31.6269],[151.7331,-31.6285],[151.74,-31.6359],[151.7566,-31.6381],[151.7538,-31.6339],[151.7559,-31.6308],[151.7558,-31.6254],[151.7588,-31.6251],[151.7562,-31.6215],[151.7584,-31.6191],[151.7576,-31.6144],[151.7553,-31.6114],[151.7573,-31.6075],[151.7571,-31.6017],[151.7753,-31.5904],[151.7751,-31.5917],[151.7816,-31.5926],[151.7832,-31.5857],[151.8025,-31.5739],[151.8004,-31.5676],[151.7928,-31.5648],[151.7882,-31.5599],[151.7875,-31.5495],[151.7866,-31.5478],[151.7831,-31.5472],[151.7804,-31.5452],[151.7734,-31.5444],[151.7639,-31.5409],[151.7617,-31.5374],[151.7585,-31.5354],[151.7597,-31.5307],[151.7548,-31.527],[151.7537,-31.5244],[151.7566,-31.5203],[151.7547,-31.5184],[151.7533,-31.5143],[151.7607,-31.5154],[151.7616,-31.5112],[151.7744,-31.5131],[151.7774,-31.5117],[151.7806,-31.5136],[151.7895,-31.5151],[151.7955,-31.5109],[151.7975,-31.5071],[151.8026,-31.505],[151.8175,-31.5072],[151.8179,-31.5057],[151.8428,-31.509],[151.8446,-31.4994],[151.9158,-31.5101],[151.9183,-31.5083],[151.917,-31.5042],[151.913,-31.5038],[151.9111,-31.4992],[151.913,-31.4975],[151.9147,-31.4936],[151.9116,-31.4913],[151.9119,-31.4849],[151.915,-31.4843],[151.9142,-31.4818],[151.9108,-31.4821],[151.9108,-31.4793],[151.9128,-31.4767],[151.9484,-31.4817],[151.9765,-31.4859],[151.9807,-31.4862],[152.0069,-31.49],[152.07,-31.4984],[152.0838,-31.5005],[152.0835,-31.4978],[152.0869,-31.4961],[152.0822,-31.491],[152.0842,-31.4841],[152.0837,-31.4814],[152.0809,-31.48],[152.0823,-31.477],[152.079,-31.4659],[152.0794,-31.462],[152.0835,-31.4585],[152.0857,-31.4595],[152.0878,-31.4565],[152.0855,-31.4503],[152.0825,-31.4479],[152.0792,-31.4471],[152.0771,-31.4449],[152.0715,-31.443],[152.0647,-31.4384],[152.0657,-31.4338],[152.0643,-31.4305],[152.0618,-31.4297],[152.0656,-31.4091],[152.0678,-31.3985],[152.0691,-31.4029],[152.073,-31.403],[152.0746,-31.4003],[152.0775,-31.4006],[152.0871,-31.3917],[152.0926,-31.3919],[152.096,-31.3887],[152.0998,-31.392],[152.1031,-31.3734],[152.1234,-31.2802],[152.1256,-31.2791],[152.1292,-31.2818],[152.1337,-31.2788],[152.137,-31.2815],[152.1382,-31.2842],[152.1411,-31.2834],[152.1434,-31.2802],[152.1497,-31.2801],[152.1492,-31.2776],[152.1525,-31.2739],[152.1517,-31.2688],[152.1546,-31.2664],[152.1548,-31.2621],[152.1574,-31.2579],[152.1554,-31.2554],[152.1593,-31.2508],[152.1568,-31.2484],[152.1625,-31.2413],[152.1587,-31.238],[152.16,-31.2341],[152.1631,-31.2313],[152.1632,-31.2279],[152.1598,-31.2268],[152.1568,-31.2287],[152.1516,-31.2264],[152.1497,-31.2225],[152.1533,-31.2189],[152.1521,-31.2139],[152.1543,-31.2107],[152.1532,-31.2065],[152.1502,-31.2058],[152.1471,-31.1978],[152.1487,-31.1941],[152.1516,-31.1903],[152.1513,-31.186],[152.1568,-31.1856],[152.1583,-31.1884],[152.1627,-31.1885],[152.1656,-31.191],[152.1707,-31.1915],[152.1755,-31.1986],[152.1849,-31.1983],[152.1971,-31.1935],[152.2028,-31.1945],[152.2036,-31.1975],[152.2073,-31.1985],[152.2096,-31.1977],[152.2125,-31.202],[152.2174,-31.2022],[152.2234,-31.2079],[152.2318,-31.2054],[152.2324,-31.1989],[152.2348,-31.1981],[152.2398,-31.2005],[152.2418,-31.2036],[152.2506,-31.2069],[152.254,-31.2057],[152.2546,-31.2022],[152.2586,-31.197],[152.2563,-31.1948],[152.3166,-31.2029],[152.3309,-31.1275],[152.3345,-31.127],[152.34,-31.128],[152.3427,-31.1276],[152.3435,-31.1244],[152.3412,-31.1223],[152.3366,-31.1163],[152.3379,-31.1144],[152.3419,-31.1145],[152.3487,-31.1174],[152.3482,-31.1092],[152.343,-31.1064],[152.3381,-31.106],[152.335,-31.0962],[152.3351,-31.0913],[152.3367,-31.0888],[152.3349,-31.0849],[152.3374,-31.0801],[152.3342,-31.0757],[152.3375,-31.0726],[152.3368,-31.0714],[152.3406,-31.0682],[152.3376,-31.0659],[152.3312,-31.0577],[152.3315,-31.0556],[152.3452,-31.0499],[152.3444,-31.0478],[152.3446,-31.0424],[152.3408,-31.0387],[152.3403,-31.0364],[152.3372,-31.0351],[152.334,-31.0355],[152.3312,-31.0316],[152.3264,-31.0301],[152.3244,-31.0249],[152.3192,-31.0251],[152.3153,-31.0279],[152.3113,-31.025],[152.3078,-31.0252],[152.2996,-31.0198],[152.299,-31.0173],[152.2942,-31.0164],[152.2917,-31.0144],[152.2926,-31.0115],[152.2878,-31.0127],[152.2852,-31.0104],[152.2822,-31.0104],[152.2788,-31.0088],[152.2751,-31.0087],[152.2734,-31.0039],[152.2698,-30.9991],[152.2708,-30.9963],[152.2747,-30.9946],[152.2782,-30.9898],[152.283,-30.985],[152.2837,-30.9793],[152.2864,-30.9806],[152.2896,-30.9801],[152.2919,-30.972],[152.2915,-30.9682],[152.288,-30.9669],[152.2907,-30.9613],[152.286,-30.9597],[152.2876,-30.9543],[152.285,-30.9523],[152.2843,-30.9491],[152.2854,-30.9439],[152.2902,-30.9381],[152.2932,-30.9364],[152.2929,-30.9341],[152.296,-30.9303],[152.2929,-30.928],[152.2894,-30.9213],[152.2931,-30.9199],[152.293,-30.9159],[152.2917,-30.9145],[152.2937,-30.9117],[152.2938,-30.9088],[152.2917,-30.9068],[152.2893,-30.9019],[152.2872,-30.9],[152.289,-30.8916],[152.2906,-30.8882],[152.2906,-30.8823],[152.2936,-30.8775],[152.2951,-30.8722],[152.2991,-30.8684],[152.299,-30.865],[152.2962,-30.8627],[152.2965,-30.859],[152.2942,-30.8574],[152.2895,-30.8442],[152.2845,-30.8415],[152.2886,-30.8323],[152.2868,-30.8299],[152.2915,-30.8237],[152.2981,-30.8232],[152.3042,-30.8164],[152.3039,-30.814],[152.3075,-30.8116],[152.3074,-30.8095],[152.3107,-30.805],[152.3167,-30.8028],[152.3179,-30.8003],[152.3151,-30.7965],[152.3157,-30.7938],[152.321,-30.7908],[152.3245,-30.7918],[152.3299,-30.791],[152.3333,-30.7895],[152.3412,-30.7921],[152.3439,-30.7919],[152.3485,-30.7797],[152.3538,-30.7794],[152.355,-30.7781],[152.352,-30.7692],[152.3578,-30.7638],[152.3614,-30.7579],[152.3655,-30.7585],[152.3667,-30.7518],[152.3696,-30.7505],[152.3753,-30.7453],[152.3759,-30.7318],[152.3711,-30.7284],[152.3719,-30.7218],[152.3694,-30.7112],[152.367,-30.7089],[152.3659,-30.703],[152.3693,-30.6987],[152.3667,-30.6942],[152.3623,-30.6901],[152.3584,-30.6842],[152.358,-30.6784],[152.3596,-30.6763],[152.3595,-30.6734],[152.3644,-30.6635],[152.369,-30.6606],[152.3693,-30.6589],[152.3645,-30.6546],[152.3576,-30.6508],[152.3555,-30.6488],[152.3502,-30.6473],[152.3487,-30.6423],[152.3438,-30.6395],[152.337,-30.6406],[152.3336,-30.6366],[152.3333,-30.6321],[152.3317,-30.6297],[152.3339,-30.6239],[152.3331,-30.6203],[152.3221,-30.616],[152.3178,-30.6117],[152.3161,-30.603],[152.3132,-30.6026],[152.3117,-30.6002],[152.3177,-30.5934],[152.323,-30.5903],[152.3242,-30.5885],[152.3299,-30.5842],[152.331,-30.5815],[152.3302,-30.579],[152.3338,-30.576],[152.3362,-30.5726],[152.3358,-30.567],[152.3387,-30.5658],[152.3434,-30.5656],[152.3483,-30.5631],[152.3509,-30.5602],[152.3525,-30.5561],[152.362,-30.5553],[152.3622,-30.5511],[152.3641,-30.5451],[152.3693,-30.5427],[152.3725,-30.5431],[152.3764,-30.5403],[152.3767,-30.5355],[152.3817,-30.533],[152.3869,-30.529],[152.3882,-30.5264],[152.3869,-30.5213],[152.3826,-30.5193],[152.3828,-30.5147],[152.385,-30.5116],[152.3846,-30.509],[152.3858,-30.5052],[152.3886,-30.5024],[152.3925,-30.5007],[152.4003,-30.5009],[152.4067,-30.4927],[152.4084,-30.4893],[152.4036,-30.487],[152.3981,-30.4815],[152.3946,-30.4795],[152.3929,-30.4725],[152.3953,-30.4702],[152.3951,-30.4682],[152.3896,-30.4531],[152.3921,-30.4429],[152.3968,-30.4421],[152.3982,-30.4393],[152.4018,-30.435],[152.4052,-30.4352],[152.411,-30.437],[152.4175,-30.4365],[152.4197,-30.4266],[152.4248,-30.4241],[152.4281,-30.4189],[152.4242,-30.4179],[152.4182,-30.411],[152.4169,-30.4075],[152.4094,-30.4019],[152.4083,-30.3994],[152.4042,-30.3979],[152.4019,-30.3947],[152.3968,-30.3926],[152.3944,-30.387],[152.3904,-30.3863],[152.3875,-30.3832],[152.3882,-30.3787],[152.3899,-30.3747],[152.386,-30.3709],[152.3835,-30.3641],[152.3819,-30.3626],[152.3646,-30.361],[152.3656,-30.3541],[152.3608,-30.3535],[152.3551,-30.3559],[152.3518,-30.3554],[152.3548,-30.3404],[152.3495,-30.3396],[152.3512,-30.3337],[152.3456,-30.333],[152.3459,-30.3283],[152.347,-30.3259],[152.3429,-30.3242],[152.3446,-30.3151],[152.3423,-30.3136],[152.3445,-30.3016],[152.347,-30.3004],[152.348,-30.2906],[152.3443,-30.2902],[152.3426,-30.2878],[152.3388,-30.2792],[152.3411,-30.2754],[152.3422,-30.2713],[152.3377,-30.2624],[152.3375,-30.2572],[152.3388,-30.2562],[152.3374,-30.2526],[152.3406,-30.2508],[152.34,-30.2478],[152.3437,-30.2464],[152.3447,-30.2416],[152.3474,-30.2404],[152.3489,-30.2344],[152.3461,-30.231],[152.3451,-30.2275],[152.341,-30.227],[152.3387,-30.2247],[152.3383,-30.2194],[152.3312,-30.2202],[152.3299,-30.2167],[152.3263,-30.2172],[152.3233,-30.2126],[152.3242,-30.2101],[152.3188,-30.2102],[152.3139,-30.2048],[152.3155,-30.2015],[152.3126,-30.2004],[152.3109,-30.1951],[152.3134,-30.1925],[152.3111,-30.1904],[152.3126,-30.1838],[152.3171,-30.1821],[152.3116,-30.1786],[152.3097,-30.1813],[152.3032,-30.179],[152.3087,-30.1744],[152.3099,-30.1683],[152.3067,-30.1677],[152.3071,-30.1651],[152.3101,-30.1604],[152.315,-30.163],[152.3162,-30.161],[152.3131,-30.1585],[152.3081,-30.1582],[152.3079,-30.1611],[152.3044,-30.1599],[152.3062,-30.1548],[152.3097,-30.148],[152.3055,-30.1451],[152.3013,-30.1447],[152.3012,-30.1478],[152.2977,-30.1469],[152.298,-30.1445],[152.3049,-30.1413],[152.3034,-30.1385],[152.2997,-30.1398],[152.2968,-30.137],[152.2975,-30.1325],[152.302,-30.1327],[152.3016,-30.1294],[152.2997,-30.1276],[152.3006,-30.124],[152.2972,-30.1211],[152.2983,-30.1171],[152.2964,-30.1142],[152.2923,-30.1163],[152.2922,-30.1118],[152.2875,-30.1097],[152.2868,-30.106],[152.2845,-30.1027],[152.2796,-30.0996],[152.2805,-30.0972],[152.284,-30.0953],[152.2833,-30.0923],[152.2804,-30.0899],[152.2813,-30.0873],[152.2912,-30.0851],[152.2948,-30.0832],[152.2921,-30.0774],[152.2955,-30.0755],[152.2937,-30.0705],[152.2984,-30.0718],[152.2994,-30.0692],[152.2978,-30.0675],[152.2928,-30.0652],[152.2918,-30.0623],[152.2932,-30.0602],[152.2992,-30.0582],[152.3,-30.0568],[152.2976,-30.0533],[152.2936,-30.0527],[152.2937,-30.0497],[152.2971,-30.049],[152.2992,-30.0459],[152.2954,-30.0448],[152.2945,-30.0419],[152.2969,-30.0388],[152.3036,-30.0394],[152.3057,-30.0383],[152.3088,-30.0345],[152.3152,-30.0342],[152.313,-30.028],[152.3156,-30.0186],[152.3129,-30.0143],[152.3171,-30.0059],[152.3168,-30.0011],[152.3148,-29.999],[152.3097,-29.9962],[152.308,-29.9934],[152.308,-29.9872],[152.3035,-29.9877],[152.3009,-29.9842],[152.3067,-29.9828],[152.3083,-29.9808],[152.3051,-29.9791],[152.3023,-29.9793],[152.292,-29.9769],[152.2894,-29.9749],[152.2864,-29.9699],[152.2877,-29.9664],[152.2859,-29.9637],[152.2819,-29.9654],[152.275,-29.9604],[152.2724,-29.9508],[152.2732,-29.944],[152.2694,-29.9354],[152.2698,-29.9321],[152.2799,-29.9292],[152.2833,-29.9255],[152.2819,-29.9218],[152.2765,-29.9223],[152.2721,-29.9284],[152.269,-29.929],[152.2669,-29.9253],[152.2688,-29.9224],[152.2779,-29.9188],[152.2776,-29.9163],[152.2718,-29.9164],[152.269,-29.9144],[152.2697,-29.9115],[152.2721,-29.9105],[152.278,-29.9117],[152.2807,-29.9112],[152.2856,-29.9082],[152.2851,-29.9054],[152.2811,-29.9003],[152.2808,-29.8957],[152.2825,-29.8901],[152.2853,-29.8866],[152.2847,-29.884],[152.2816,-29.8797],[152.2822,-29.8772],[152.2859,-29.8764],[152.2877,-29.8747],[152.2871,-29.8722],[152.2842,-29.8695],[152.2785,-29.8677],[152.2769,-29.8653],[152.2778,-29.861],[152.2824,-29.8589],[152.282,-29.8567],[152.276,-29.8534],[152.2738,-29.8463],[152.2714,-29.8485],[152.2685,-29.8473],[152.2616,-29.8537],[152.2568,-29.8606],[152.2542,-29.8614],[152.2511,-29.865],[152.249,-29.8636],[152.243,-29.8629],[152.2386,-29.865],[152.2349,-29.8641],[152.2284,-29.8656],[152.228,-29.8681],[152.2205,-29.8709],[152.2143,-29.8714],[152.2107,-29.869],[152.2091,-29.8662],[152.2049,-29.8681],[152.2001,-29.8684],[152.1977,-29.8725],[152.1978,-29.8759],[152.1923,-29.8766],[152.1903,-29.8754],[152.1798,-29.8722],[152.1769,-29.8721],[152.1688,-29.8699],[152.1686,-29.8647],[152.1693,-29.8556],[152.1743,-29.8481],[152.1753,-29.8425],[152.1704,-29.8412],[152.1723,-29.8369],[152.1759,-29.8346],[152.1743,-29.8322],[152.1769,-29.8302],[152.1779,-29.8275],[152.1746,-29.8257],[152.1764,-29.8233],[152.1714,-29.821],[152.176,-29.8175],[152.1804,-29.8065],[152.1857,-29.8048],[152.1875,-29.7996],[152.1938,-29.8006],[152.1934,-29.7987],[152.1901,-29.7963],[152.1905,-29.7929],[152.1929,-29.7914],[152.1929,-29.7876],[152.197,-29.7887],[152.2006,-29.788],[152.2029,-29.7861],[152.202,-29.7803],[152.2065,-29.7779],[152.2054,-29.7718],[152.2108,-29.7683],[152.213,-29.7634],[152.2173,-29.7605],[152.2251,-29.7616],[152.2273,-29.7602],[152.2283,-29.7558],[152.2304,-29.7549],[152.2362,-29.7569],[152.2419,-29.7547],[152.2461,-29.7563],[152.2498,-29.7555],[152.2526,-29.753],[152.2551,-29.7537],[152.2567,-29.758],[152.2606,-29.757],[152.2615,-29.7542],[152.2644,-29.7509],[152.2631,-29.7473],[152.2584,-29.7441],[152.2592,-29.7393],[152.2557,-29.7361],[152.2556,-29.7327],[152.2614,-29.7278],[152.2641,-29.7284],[152.2658,-29.7254],[152.2622,-29.7151],[152.2627,-29.711],[152.2644,-29.7095],[152.2696,-29.7089],[152.27,-29.7054],[152.2645,-29.7029],[152.2614,-29.7005],[152.2623,-29.6969],[152.2703,-29.6913],[152.2715,-29.6857],[152.2759,-29.6825],[152.2771,-29.6768],[152.2766,-29.673],[152.2809,-29.6658],[152.283,-29.666],[152.2859,-29.6736],[152.2898,-29.6757],[152.2945,-29.6689],[152.3028,-29.668],[152.3042,-29.6627],[152.3076,-29.6646],[152.3115,-29.6645],[152.3121,-29.6626],[152.3105,-29.6568],[152.3119,-29.6516],[152.3149,-29.6514],[152.3242,-29.6558],[152.3271,-29.6535],[152.3261,-29.6502],[152.3275,-29.6468],[152.3313,-29.6452],[152.3361,-29.6408],[152.3391,-29.6234],[152.3545,-29.5455],[152.3577,-29.5431],[152.3597,-29.5397],[152.3655,-29.538],[152.3779,-29.5312],[152.3809,-29.5313],[152.3833,-29.5279],[152.3871,-29.5277],[152.3868,-29.5247],[152.3898,-29.522],[152.4009,-29.5196],[152.406,-29.5157],[152.4092,-29.512],[152.4094,-29.5083],[152.4124,-29.5068],[152.3888,-29.4453],[152.3946,-29.4461],[152.3972,-29.4318],[152.4043,-29.4328],[152.4101,-29.4008],[152.4189,-29.3985],[152.4213,-29.3952],[152.4291,-29.3917],[152.4325,-29.3923],[152.4331,-29.3873],[152.436,-29.3824],[152.4345,-29.3785],[152.4409,-29.3755],[152.4407,-29.372],[152.444,-29.3708],[152.4429,-29.3677],[152.4455,-29.3661],[152.4475,-29.3608],[152.4511,-29.361],[152.4511,-29.3581],[152.4202,-29.3537],[152.3315,-29.3418],[152.3353,-29.3404],[152.337,-29.3369],[152.3362,-29.334],[152.3314,-29.3291],[152.3268,-29.3273],[152.3227,-29.3268],[152.3197,-29.3244],[152.3107,-29.3225],[152.3075,-29.3211],[152.303,-29.3176],[152.3001,-29.3136],[152.3014,-29.3108],[152.2983,-29.3074],[152.3,-29.3045],[152.3048,-29.3041],[152.3088,-29.3049],[152.3095,-29.302],[152.313,-29.3006],[152.3147,-29.2985],[152.3107,-29.2928],[152.3115,-29.2901],[152.3087,-29.2877],[152.3065,-29.2831],[152.3121,-29.2817],[152.321,-29.2776],[152.3215,-29.2733],[152.3232,-29.2699],[152.3287,-29.2685],[152.3332,-29.2652],[152.3368,-29.2639],[152.339,-29.2612],[152.3405,-29.2574],[152.3454,-29.2536],[152.3467,-29.254],[152.3516,-29.2488],[152.3536,-29.2486],[152.3575,-29.2506],[152.3658,-29.2461],[152.369,-29.2469],[152.3745,-29.2442],[152.379,-29.2453],[152.3847,-29.2423],[152.3872,-29.2401],[152.3941,-29.2413],[152.3989,-29.2372],[152.4054,-29.2347],[152.4132,-29.2301],[152.4141,-29.2288],[152.4112,-29.2257],[152.411,-29.2198],[152.4052,-29.2113],[152.4102,-29.2009],[152.4138,-29.1966],[152.4156,-29.1931],[152.4185,-29.1902],[152.4225,-29.1796],[152.425,-29.1786],[152.4215,-29.1739],[152.4178,-29.1726],[152.4188,-29.169],[152.4145,-29.1654],[152.4141,-29.1607],[152.4158,-29.159],[152.4169,-29.1531],[152.4186,-29.152],[152.4238,-29.1522],[152.4296,-29.15],[152.4352,-29.1452],[152.4412,-29.1455],[152.4442,-29.1442],[152.45,-29.1165],[152.4491,-29.1164],[152.4518,-29.1019],[152.4526,-29.102],[152.455,-29.089],[152.421,-29.0841],[152.419,-29.081],[152.424,-29.0772],[152.4243,-29.0755],[152.4287,-29.0743],[152.4311,-29.072],[152.4315,-29.0691],[152.4306,-29.0646],[152.4357,-29.0594],[152.4361,-29.0565],[152.4416,-29.0521],[152.4439,-29.0398],[152.4229,-29.0367],[152.4258,-29.0342],[152.4297,-29.033],[152.4373,-29.0323],[152.4447,-29.0289],[152.4481,-29.0289],[152.4524,-29.0319],[152.4571,-29.033],[152.4587,-29.0293],[152.4546,-29.0271],[152.4541,-29.0248],[152.4562,-29.0194],[152.4596,-29.0161],[152.4645,-29.008],[152.471,-29.0052],[152.471,-29.0029],[152.4645,-28.9984],[152.4639,-28.9918],[152.4659,-28.9904],[152.4724,-28.9918],[152.4757,-28.99],[152.4735,-28.9808],[152.4706,-28.9795],[152.4662,-28.98],[152.4627,-28.9781],[152.4646,-28.9742],[152.4673,-28.9734],[152.4775,-28.9727],[152.4887,-28.9771],[152.4867,-28.97],[152.5096,-28.9733],[152.5083,-28.9804],[152.5169,-28.9816],[152.5166,-28.9836],[152.5258,-28.9847],[152.5277,-28.9864],[152.5316,-28.9868],[152.5341,-28.9857],[152.5495,-28.988],[152.5511,-28.989],[152.56,-28.9903],[152.5606,-28.9834],[152.5592,-28.9767],[152.5559,-28.9647],[152.5536,-28.9611],[152.554,-28.9561],[152.5513,-28.9553],[152.5492,-28.9469],[152.5457,-28.9397],[152.5457,-28.9359],[152.547,-28.934],[152.5518,-28.9312],[152.5612,-28.9305],[152.5652,-28.9263],[152.5687,-28.9269],[152.5729,-28.9308],[152.5793,-28.9313],[152.5817,-28.928],[152.5806,-28.9127],[152.5787,-28.9103],[152.5729,-28.9074],[152.5692,-28.9042],[152.5665,-28.9045],[152.5629,-28.9091],[152.5556,-28.9121],[152.5499,-28.9103],[152.5485,-28.9081],[152.5535,-28.9024],[152.5574,-28.8935],[152.5644,-28.8874],[152.5662,-28.8832],[152.5706,-28.8693],[152.573,-28.8637],[152.5679,-28.8585],[152.5615,-28.8575],[152.5557,-28.8559],[152.5459,-28.8541],[152.5404,-28.8513],[152.5373,-28.8481],[152.5392,-28.8444],[152.545,-28.8378],[152.5516,-28.8318],[152.5559,-28.8263],[152.5572,-28.8224],[152.5546,-28.8176],[152.5448,-28.817],[152.5404,-28.8148],[152.5377,-28.8076],[152.5375,-28.8031],[152.5423,-28.791],[152.543,-28.7856],[152.5415,-28.7826],[152.5317,-28.7813],[152.525,-28.7881],[152.5221,-28.7922],[152.5172,-28.7937],[152.5138,-28.7906],[152.5147,-28.784],[152.5134,-28.7813],[152.5097,-28.7802],[152.5068,-28.7812],[152.5016,-28.7847],[152.4966,-28.7848],[152.492,-28.7826],[152.4816,-28.7804],[152.4779,-28.7779],[152.4787,-28.7747],[152.4831,-28.771],[152.4885,-28.7693],[152.4905,-28.7678],[152.4906,-28.7624],[152.4892,-28.7601],[152.4806,-28.7526],[152.4816,-28.7497],[152.4838,-28.7487],[152.4911,-28.7492],[152.4965,-28.7467],[152.4987,-28.7405],[152.4979,-28.7386],[152.4941,-28.7366],[152.4915,-28.7365],[152.482,-28.74],[152.4773,-28.7457],[152.4725,-28.7468],[152.4712,-28.7427],[152.4748,-28.7355],[152.4744,-28.7319],[152.4724,-28.7309],[152.4684,-28.7342],[152.4628,-28.7351],[152.4508,-28.7305],[152.4397,-28.7288],[152.433,-28.7249],[152.4272,-28.7248],[152.4215,-28.7182],[152.4181,-28.7193],[152.4165,-28.7214],[152.4117,-28.7238],[152.4071,-28.7228],[152.4062,-28.7153],[152.4046,-28.7113],[152.405,-28.7069],[152.4041,-28.7041],[152.4006,-28.7065],[152.3967,-28.7067],[152.3923,-28.7042],[152.3848,-28.7021],[152.3773,-28.7035],[152.3755,-28.7018],[152.3748,-28.6983],[152.3758,-28.6931],[152.3734,-28.6874],[152.3754,-28.6848],[152.3852,-28.6861],[152.3891,-28.6814],[152.3864,-28.677],[152.3914,-28.6706],[152.39,-28.6654],[152.3921,-28.6641],[152.3984,-28.6653],[152.3992,-28.6616],[152.4032,-28.6586],[152.4033,-28.6531],[152.3989,-28.6475],[152.3999,-28.6454],[152.4076,-28.6429],[152.4084,-28.6359],[152.4135,-28.6333],[152.4128,-28.6309],[152.4087,-28.6292],[152.412,-28.6271],[152.4116,-28.6255],[152.4058,-28.6226],[152.4089,-28.6203],[152.4143,-28.6207],[152.4175,-28.6188],[152.4194,-28.6212],[152.4249,-28.6209],[152.4252,-28.6189],[152.4206,-28.6185],[152.4174,-28.6157],[152.417,-28.6134],[152.4202,-28.6079],[152.43,-28.6031],[152.4338,-28.6023],[152.44,-28.6042],[152.443,-28.6019],[152.439,-28.5978],[152.4417,-28.5928],[152.4402,-28.5902],[152.4407,-28.587],[152.4382,-28.5828],[152.4419,-28.5803],[152.4445,-28.5845],[152.4462,-28.5843],[152.4474,-28.5764],[152.442,-28.5774],[152.4401,-28.5757],[152.4422,-28.5735],[152.4498,-28.5677],[152.4548,-28.5696],[152.4577,-28.5685],[152.4566,-28.5655],[152.4515,-28.5623],[152.4481,-28.5557],[152.4415,-28.5563],[152.4412,-28.5522],[152.4429,-28.5493],[152.4412,-28.5478],[152.4449,-28.5451],[152.4461,-28.5389],[152.4429,-28.5332],[152.4404,-28.5305],[152.4479,-28.5274],[152.4543,-28.5269],[152.4573,-28.529],[152.4604,-28.5293],[152.4629,-28.5276],[152.4597,-28.5226],[152.4629,-28.5223],[152.464,-28.5257],[152.466,-28.5267],[152.4715,-28.5196],[152.4759,-28.5205],[152.477,-28.5226],[152.4757,-28.5262],[152.4774,-28.5272],[152.4831,-28.526],[152.4837,-28.5304],[152.4868,-28.5296],[152.4875,-28.5272],[152.4909,-28.5268],[152.4955,-28.5287],[152.5001,-28.5285],[152.5025,-28.5262],[152.5004,-28.5244],[152.5006,-28.5174],[152.5032,-28.5116],[152.5064,-28.5113],[152.5083,-28.5136],[152.5107,-28.5138],[152.5199,-28.5101],[152.5228,-28.5108],[152.5256,-28.5133],[152.5286,-28.5119],[152.5303,-28.515],[152.5332,-28.5138],[152.5369,-28.5066],[152.5369,-28.4998],[152.5274,-28.4975],[152.5308,-28.4923],[152.5353,-28.4869],[152.5404,-28.4828],[152.5438,-28.4814],[152.5437,-28.4792],[152.5511,-28.4791],[152.5534,-28.4752],[152.5498,-28.4723],[152.5494,-28.4691],[152.5515,-28.4666],[152.5544,-28.4652],[152.5585,-28.4699],[152.5619,-28.4658],[152.5611,-28.4602],[152.5618,-28.4552],[152.5666,-28.4506],[152.5643,-28.4471],[152.5664,-28.4445],[152.5671,-28.438],[152.5723,-28.4367],[152.577,-28.4376],[152.5804,-28.4352],[152.5785,-28.4329],[152.5801,-28.4241],[152.5827,-28.4227],[152.5798,-28.4188],[152.5775,-28.4181],[152.5779,-28.4149],[152.5836,-28.4171],[152.5946,-28.4086],[152.5933,-28.4031],[152.5937,-28.4006],[152.598,-28.3995],[152.599,-28.3971],[152.5976,-28.3949],[152.605,-28.392],[152.6051,-28.3851],[152.6025,-28.3841],[152.6027,-28.3795],[152.6072,-28.3782],[152.6116,-28.3747],[152.6109,-28.3724],[152.6119,-28.3675],[152.6151,-28.3642],[152.6133,-28.3561],[152.6154,-28.3563],[152.6156,-28.3524],[152.6183,-28.3505],[152.6183,-28.3484],[152.6217,-28.3468],[152.6243,-28.3486],[152.6279,-28.3491],[152.6274,-28.3445],[152.6308,-28.3383],[152.6292,-28.3342],[152.6279,-28.3275],[152.6267,-28.3265],[152.622,-28.3276],[152.6178,-28.3204],[152.6158,-28.3192],[152.6124,-28.3204],[152.6083,-28.3203],[152.6007,-28.3174],[152.5975,-28.3147],[152.5966,-28.3183],[152.5928,-28.3212],[152.5922,-28.3241],[152.5855,-28.3284],[152.5826,-28.3323],[152.5794,-28.3389],[152.5777,-28.338],[152.5745,-28.3314],[152.5725,-28.3259],[152.5689,-28.3234],[152.5564,-28.3235],[152.5544,-28.3168],[152.5519,-28.3202],[152.5481,-28.3209],[152.5433,-28.3182],[152.5415,-28.313],[152.5366,-28.3106],[152.5331,-28.3099],[152.5264,-28.3064],[152.525,-28.304],[152.5258,-28.3011],[152.5287,-28.2995],[152.5284,-28.2942],[152.5291,-28.2857],[152.5332,-28.2788],[152.5326,-28.2722],[152.5367,-28.2659],[152.5339,-28.2628],[152.5219,-28.2608],[152.5167,-28.2547],[152.5156,-28.2518],[152.5128,-28.2515],[152.508,-28.2491],[152.5043,-28.2516],[152.4993,-28.2529],[152.4924,-28.2538],[152.4879,-28.2532],[152.4836,-28.2575],[152.4775,-28.258],[152.4722,-28.257],[152.4639,-28.2592],[152.4615,-28.261],[152.4602,-28.2642],[152.4596,-28.2705],[152.4541,-28.2783],[152.4483,-28.281],[152.4476,-28.2837],[152.4454,-28.2855],[152.4427,-28.2908],[152.445,-28.2984],[152.4422,-28.298],[152.4371,-28.2991],[152.4278,-28.2977],[152.4241,-28.2994],[152.4168,-28.2969],[152.4146,-28.298],[152.4128,-28.3017],[152.4134,-28.3075],[152.4107,-28.3102],[152.4095,-28.3158],[152.4113,-28.3213],[152.4153,-28.3262],[152.4172,-28.3301],[152.417,-28.3336],[152.4094,-28.3417],[152.4001,-28.3477],[152.3989,-28.3515],[152.3948,-28.3562],[152.3949,-28.3576],[152.3919,-28.3621],[152.3851,-28.3689],[152.3774,-28.3658],[152.3713,-28.3668],[152.3648,-28.3661],[152.3559,-28.3612],[152.3535,-28.3627],[152.3416,-28.3679],[152.3361,-28.3664],[152.3325,-28.368],[152.3269,-28.3666],[152.3209,-28.3668],[152.3122,-28.3627],[152.3097,-28.3632],[152.3071,-28.3691],[152.3039,-28.3729],[152.3021,-28.3727],[152.2938,-28.3792],[152.2907,-28.3825],[152.2898,-28.3853],[152.2893,-28.3925],[152.2847,-28.3941],[152.2794,-28.3926],[152.2771,-28.393],[152.2676,-28.39],[152.2654,-28.3943],[152.26,-28.4011],[152.2557,-28.404],[152.2525,-28.4074],[152.2522,-28.4104],[152.2488,-28.4115],[152.2432,-28.416],[152.2393,-28.4176],[152.2379,-28.4234],[152.2352,-28.4246],[152.2341,-28.427],[152.2306,-28.4298],[152.2298,-28.4349],[152.2285,-28.437],[152.2256,-28.4372],[152.222,-28.442],[152.2217,-28.4449],[152.2172,-28.4492],[152.2139,-28.4461],[152.2105,-28.4463],[152.2074,-28.4439],[152.2046,-28.4382],[152.1953,-28.4364],[152.1903,-28.4339],[152.188,-28.435],[152.1864,-28.4384],[152.1747,-28.4348],[152.1683,-28.4344],[152.1649,-28.4326],[152.1567,-28.4344],[152.1546,-28.4379],[152.1509,-28.4379],[152.1466,-28.4391],[152.142,-28.4422],[152.1352,-28.4521],[152.1307,-28.4538],[152.1279,-28.4537],[152.1217,-28.4603],[152.1211,-28.4627],[152.1178,-28.4621],[152.1115,-28.4639],[152.1059,-28.4629],[152.098,-28.4662],[152.095,-28.4667],[152.0941,-28.469],[152.0853,-28.4677],[152.0801,-28.4702],[152.0747,-28.4677],[152.0693,-28.4688],[152.0689,-28.4757],[152.0669,-28.4793],[152.0672,-28.485],[152.0596,-28.4907],[152.0554,-28.49],[152.0513,-28.4929],[152.0457,-28.495],[152.0431,-28.4996],[152.0359,-28.5073],[152.027,-28.5129],[152.0243,-28.5131],[152.0229,-28.5155],[152.019,-28.5178],[152.0201,-28.521],[152.0169,-28.5253],[152.0006,-28.528],[151.9984,-28.5266],[151.9952,-28.5268],[151.9921,-28.5247],[151.9879,-28.5247],[151.9869,-28.5199],[151.9843,-28.5152],[151.986,-28.5111],[151.9837,-28.507],[151.9829,-28.5034],[151.9795,-28.5032],[151.9738,-28.5048],[151.9701,-28.5097],[151.9615,-28.516],[151.958,-28.516],[151.9553,-28.5192],[151.9566,-28.5256],[151.9563,-28.5309],[151.9542,-28.5343],[151.9529,-28.5387],[151.9564,-28.5463],[151.9545,-28.5516],[151.9556,-28.5547],[151.9583,-28.5569],[151.9587,-28.5598],[151.9574,-28.5634],[151.9607,-28.5667],[151.9648,-28.5675],[151.9676,-28.572],[151.9763,-28.5732],[151.98,-28.5773],[151.9835,-28.5788],[151.9858,-28.5815],[151.9882,-28.5918],[151.9916,-28.5948],[151.9891,-28.6004],[151.9896,-28.6051],[151.9939,-28.6113],[151.9937,-28.6153],[151.9909,-28.6215],[151.9908,-28.6244],[151.996,-28.6305],[151.9971,-28.6337],[151.9997,-28.6361],[152.0018,-28.6399],[152.002,-28.6501],[152.0063,-28.654],[152.0102,-28.6611],[152.0102,-28.665],[152.0139,-28.6658],[152.0205,-28.6638],[152.0245,-28.6653],[152.0315,-28.6662],[152.0391,-28.6644],[152.045,-28.6682],[152.0458,-28.6706],[152.0445,-28.6729],[152.0479,-28.6758],[152.0526,-28.6819],[152.0582,-28.6796],[152.0608,-28.6805],[152.0631,-28.6791],[152.0664,-28.681],[152.068,-28.6849],[152.0646,-28.6906],[152.0665,-28.6965],[152.0688,-28.7009],[152.0711,-28.702],[152.072,-28.7048],[152.076,-28.7082],[152.0712,-28.7149],[152.0621,-28.7182],[152.0582,-28.721],[152.0573,-28.7231],[152.0539,-28.7254],[152.0436,-28.7306],[152.0434,-28.7327],[152.0463,-28.7342],[152.0477,-28.7403],[152.0438,-28.7461],[152.0411,-28.7469],[152.0411,-28.752],[152.0358,-28.7559],[152.0358,-28.7602],[152.0383,-28.7648],[152.0373,-28.7768],[152.0415,-28.7775],[152.0398,-28.785],[152.0347,-28.7907],[152.0384,-28.797],[152.0355,-28.8071],[152.0365,-28.8129],[152.0355,-28.8162],[152.0373,-28.8192],[152.0333,-28.8282],[152.0288,-28.8306],[152.028,-28.8324],[152.0232,-28.8316],[152.02,-28.8379],[152.0171,-28.8385],[152.0184,-28.8448],[152.0151,-28.8506],[152.0229,-28.8547],[152.026,-28.8583],[152.0295,-28.8546],[152.0318,-28.8548],[152.0369,-28.8518],[152.0395,-28.8546],[152.0359,-28.8587],[152.0381,-28.8647],[152.0329,-28.867],[152.0303,-28.8703],[152.0315,-28.8743],[152.0284,-28.8768],[152.0263,-28.8839],[152.024,-28.8868],[152.0236,-28.8912],[152.0167,-28.8925],[152.0163,-28.8971],[152.0125,-28.9009],[152.0097,-28.9077],[152.004,-28.9101],[152.0011,-28.9095],[151.9999,-28.9045],[152.002,-28.901],[151.9991,-28.8962],[151.9957,-28.8995],[151.9836,-28.9072],[151.9811,-28.9095],[151.9782,-28.9083],[151.9748,-28.9086],[151.971,-28.9116],[151.9683,-28.9166],[151.961,-28.9191],[151.9583,-28.9176],[151.9546,-28.9176],[151.9516,-28.9195],[151.9448,-28.9202],[151.9427,-28.9216],[151.9371,-28.9219],[151.9276,-28.9251],[151.9229,-28.9282],[151.9163,-28.9294],[151.9156,-28.9268],[151.917,-28.9248],[151.9137,-28.9202],[151.9076,-28.9171],[151.8956,-28.9135],[151.8927,-28.9155],[151.8815,-28.9114],[151.8787,-28.9132],[151.8714,-28.9142],[151.8683,-28.9136],[151.8649,-28.9095],[151.8591,-28.9072],[151.8519,-28.9074],[151.8473,-28.9086],[151.8397,-28.913],[151.837,-28.9202],[151.8371,-28.9237],[151.836,-28.9312],[151.8348,-28.9323],[151.8364,-28.9368],[151.8394,-28.9397],[151.8396,-28.9427],[151.8357,-28.9486],[151.8362,-28.9505],[151.8342,-28.9572],[151.8322,-28.9598],[151.8256,-28.9633],[151.8234,-28.962],[151.8177,-28.9612],[151.8138,-28.9594],[151.8126,-28.9561],[151.8155,-28.9541],[151.815,-28.9508],[151.8095,-28.9498],[151.8101,-28.9479],[151.8064,-28.9446],[151.7938,-28.9497],[151.7899,-28.9537],[151.7836,-28.9545],[151.7783,-28.958],[151.7778,-28.9599],[151.7702,-28.9558],[151.7708,-28.952],[151.7732,-28.9474],[151.7725,-28.9434],[151.7727,-28.9383],[151.7697,-28.9376],[151.7661,-28.9351],[151.7624,-28.9341],[151.7613,-28.932],[151.758,-28.9299],[151.7586,-28.9276],[151.7554,-28.925],[151.7546,-28.9223],[151.751,-28.9228],[151.747,-28.9213],[151.7435,-28.9186],[151.7467,-28.9152],[151.7434,-28.9085],[151.7433,-28.9066],[151.7398,-28.9013],[151.7409,-28.8975],[151.737,-28.8957],[151.7365,-28.8918],[151.7338,-28.8879],[151.7318,-28.8827],[151.7336,-28.8789],[151.7331,-28.8765],[151.7339,-28.8716],[151.7316,-28.8708],[151.7266,-28.8669],[151.7229,-28.8685],[151.7193,-28.8733],[151.7136,-28.8754],[151.7113,-28.8713],[151.7065,-28.8718],[151.7067,-28.8736],[151.7039,-28.8758],[151.7021,-28.8823],[151.6979,-28.8846],[151.6955,-28.8844],[151.6957,-28.8884],[151.6929,-28.8887],[151.6884,-28.8869],[151.6861,-28.8889],[151.6861,-28.8912],[151.6828,-28.8956],[151.6777,-28.9002],[151.6774,-28.9039],[151.6748,-28.9076],[151.6663,-28.9054],[151.6641,-28.9063],[151.6584,-28.9119],[151.6499,-28.9174],[151.6444,-28.9168],[151.6368,-28.9221],[151.6364,-28.9267],[151.6331,-28.9297],[151.6309,-28.9268],[151.6258,-28.9237],[151.6168,-28.9261],[151.612,-28.9235],[151.6051,-28.9251],[151.6034,-28.9274],[151.5915,-28.9304],[151.5884,-28.9319],[151.5823,-28.9394],[151.5805,-28.9424],[151.5771,-28.945],[151.5751,-28.9435],[151.5705,-28.9441],[151.5668,-28.9417],[151.5613,-28.9455],[151.5491,-28.9525],[151.5458,-28.9528],[151.5445,-28.9565],[151.5444,-28.9619],[151.5412,-28.9684],[151.5375,-28.974],[151.5371,-28.978],[151.5352,-28.9816],[151.5306,-28.9855],[151.5247,-28.9888],[151.5228,-28.992],[151.522,-28.9961],[151.5168,-28.9974],[151.5113,-29.0044],[151.5037,-29.0122],[151.5028,-29.0158],[151.5002,-29.0169],[151.4978,-29.0209],[151.498,-29.0256],[151.4951,-29.0303],[151.4952,-29.0347],[151.4973,-29.0422],[151.4941,-29.0474],[151.4935,-29.0509],[151.4905,-29.0545],[151.4903,-29.0573],[151.4971,-29.0629],[151.5024,-29.0655],[151.5028,-29.0699],[151.4999,-29.0727],[151.4981,-29.071],[151.4934,-29.0718],[151.4944,-29.0743],[151.4915,-29.0779],[151.4872,-29.0876],[151.4847,-29.0896],[151.4767,-29.0913],[151.4731,-29.0938],[151.4629,-29.0983],[151.4596,-29.1097],[151.4578,-29.1171],[151.4542,-29.1244],[151.4475,-29.1309],[151.4385,-29.1367],[151.4324,-29.1401],[151.4295,-29.1463],[151.4249,-29.149],[151.4165,-29.1492],[151.4151,-29.1511],[151.4099,-29.1539],[151.4055,-29.1629],[151.4025,-29.1659],[151.4021,-29.1713],[151.3954,-29.1773],[151.3876,-29.1751],[151.38,-29.177],[151.3769,-29.1768],[151.366,-29.1741],[151.363,-29.1723],[151.3585,-29.1723],[151.3532,-29.1757],[151.3387,-29.1792],[151.3357,-29.1779],[151.3349,-29.1748],[151.3223,-29.1667],[151.3156,-29.1661],[151.3119,-29.1612],[151.3122,-29.1574],[151.3096,-29.1536],[151.3093,-29.1466],[151.3116,-29.143],[151.3181,-29.1385],[151.3161,-29.1348],[151.3111,-29.1297],[151.3043,-29.1211],[151.3041,-29.118],[151.3011,-29.114],[151.2949,-29.1127],[151.2918,-29.1141],[151.2888,-29.112],[151.2875,-29.1086],[151.2829,-29.1053],[151.2791,-29.0991],[151.2782,-29.09],[151.2792,-29.0882],[151.2781,-29.0844],[151.2746,-29.0818],[151.2751,-29.0764],[151.2779,-29.0745],[151.2818,-29.0684],[151.2858,-29.0648],[151.285,-29.0609],[151.2857,-29.0575],[151.2882,-29.057],[151.2905,-29.0511],[151.2861,-29.0481],[151.2849,-29.0355],[151.2764,-29.0357],[151.2718,-29.0307],[151.274,-29.0247],[151.2809,-29.0205],[151.2835,-29.0175],[151.2841,-29.0068],[151.2832,-29.0027],[151.2787,-28.9969],[151.2771,-28.9918],[151.2766,-28.9847],[151.2821,-28.9817],[151.2812,-28.9795],[151.2719,-28.9727],[151.2733,-28.9677],[151.2786,-28.9662],[151.2807,-28.9638],[151.28,-28.9602],[151.2815,-28.9581],[151.2816,-28.949],[151.2759,-28.9427],[151.2747,-28.9386],[151.2676,-28.9362],[151.2634,-28.9319],[151.2578,-28.9321],[151.2501,-28.9262],[151.2435,-28.9242],[151.2405,-28.9198],[151.2402,-28.9152],[151.2386,-28.9093],[151.2346,-28.9048],[151.2294,-28.9088],[151.2207,-28.9068],[151.215,-28.9043],[151.207,-28.8983],[151.2068,-28.892],[151.203,-28.8872],[151.1996,-28.8843],[151.1865,-28.8797],[151.184,-28.8782],[151.1784,-28.8804],[151.1723,-28.88],[151.1712,-28.8774],[151.1629,-28.8701],[151.1629,-28.8675],[151.1611,-28.8654],[151.1516,-28.8654],[151.1431,-28.8602],[151.1398,-28.8631],[151.1319,-28.8601],[151.1278,-28.8552],[151.1251,-28.8506],[151.1153,-28.8505],[151.1141,-28.8479],[151.1115,-28.8463],[151.1086,-28.8427],[151.1054,-28.8448],[151.1036,-28.8421],[151.1045,-28.8404],[151.1033,-28.8366],[151.0996,-28.8365],[151.0959,-28.8382],[151.0917,-28.8357],[151.0827,-28.8345],[151.0782,-28.838],[151.0715,-28.8413],[151.0715,-28.8449],[151.0588,-28.8463],[151.0537,-28.8498],[151.0518,-28.848],[151.053,-28.8449],[151.0496,-28.8436],[151.0464,-28.8453],[151.044,-28.8434],[151.0436,-28.8402],[151.0398,-28.8391],[151.0392,-28.8365],[151.0424,-28.8355],[151.043,-28.8331],[151.0372,-28.8279],[151.0371,-28.8199],[151.0388,-28.8174],[151.0419,-28.8163],[151.041,-28.812],[151.0415,-28.8041],[151.0427,-28.8021],[151.0413,-28.7979],[151.038,-28.7977],[151.0333,-28.7939],[151.0252,-28.794],[151.0263,-28.7844],[151.0244,-28.7775],[151.0227,-28.7753],[151.0194,-28.7743],[151.0213,-28.7711],[151.0271,-28.7712],[151.0291,-28.7695],[151.0284,-28.7626],[151.0262,-28.7552],[151.0238,-28.7524],[151.0171,-28.7473],[151.0111,-28.7435],[151.0099,-28.7409],[151.0022,-28.7404],[150.9999,-28.7386],[150.9944,-28.7383],[150.9895,-28.7361],[150.9849,-28.7364],[150.9821,-28.7356],[150.9795,-28.7326],[150.9713,-28.7318],[150.969,-28.7329],[150.9662,-28.7363],[150.9633,-28.7378],[150.9607,-28.7357],[150.957,-28.7354],[150.9552,-28.7371],[150.9524,-28.7367],[150.9475,-28.7338],[150.9475,-28.7307],[150.9459,-28.7288],[150.9424,-28.7289],[150.9378,-28.7306],[150.9384,-28.7263],[150.9334,-28.7233],[150.9316,-28.7128],[150.931,-28.7059],[150.9269,-28.7009],[150.9243,-28.6988],[150.9196,-28.7007],[150.9114,-28.6954],[150.9079,-28.6889],[150.9049,-28.6874],[150.8999,-28.6874],[150.8941,-28.6887],[150.8903,-28.6954],[150.8844,-28.695],[150.8847,-28.6909],[150.8815,-28.689],[150.8792,-28.6897],[150.8772,-28.6935],[150.8744,-28.6945],[150.8724,-28.6925],[150.8724,-28.6899],[150.8692,-28.6857],[150.8638,-28.6883],[150.8557,-28.6831],[150.8522,-28.6802],[150.8499,-28.6745],[150.8435,-28.6721],[150.8398,-28.6726],[150.8318,-28.6679],[150.8285,-28.6672],[150.8196,-28.6672],[150.8165,-28.6638],[150.8192,-28.658],[150.8148,-28.6577],[150.809,-28.6559],[150.8045,-28.6537],[150.7992,-28.654],[150.7979,-28.656],[150.794,-28.6547],[150.7825,-28.6455],[150.7724,-28.645],[150.7683,-28.6392],[150.7655,-28.6384],[150.761,-28.6397],[150.7542,-28.6397],[150.7521,-28.6347],[150.7461,-28.6356],[150.7441,-28.6345],[150.7373,-28.6348],[150.7268,-28.6358],[150.727,-28.6381],[150.7242,-28.641],[150.713,-28.6451],[150.7103,-28.6455],[150.7089,-28.6477],[150.7096,-28.6522],[150.7014,-28.6554],[150.6928,-28.6538],[150.6879,-28.6582],[150.6803,-28.6615],[150.6757,-28.6544],[150.6763,-28.6524],[150.673,-28.6506],[150.6702,-28.6538],[150.6586,-28.6591],[150.6522,-28.6608],[150.6464,-28.6637],[150.6423,-28.665],[150.6389,-28.6677],[150.6355,-28.6721],[150.6329,-28.6768],[150.6269,-28.6729],[150.6264,-28.6693],[150.6199,-28.6695],[150.6185,-28.6734],[150.6158,-28.6735],[150.6104,-28.6717],[150.6045,-28.671],[150.6005,-28.6713],[150.5999,-28.6651],[150.5964,-28.6639],[150.5926,-28.6611],[150.5866,-28.6591],[150.5826,-28.6563],[150.5786,-28.6563],[150.5747,-28.6584],[150.5701,-28.6593],[150.5688,-28.6583],[150.5597,-28.6617],[150.5559,-28.654],[150.5534,-28.6533],[150.5499,-28.6559],[150.5483,-28.6596],[150.5544,-28.6643],[150.5545,-28.6658],[150.5515,-28.6715],[150.5465,-28.6705],[150.5442,-28.6719],[150.538,-28.6709],[150.5342,-28.6722],[150.5275,-28.6693],[150.5253,-28.6665],[150.5331,-28.6618],[150.5361,-28.6627],[150.5392,-28.6598],[150.5374,-28.6571],[150.5353,-28.6576],[150.5315,-28.6556],[150.5246,-28.6545],[150.5208,-28.656],[150.5193,-28.6601],[150.5138,-28.6623],[150.504,-28.6612],[150.4994,-28.6594],[150.4922,-28.6592],[150.4863,-28.6574],[150.4839,-28.6622],[150.4797,-28.6641],[150.4756,-28.6631],[150.4733,-28.6607],[150.4658,-28.6663],[150.4601,-28.6688],[150.4583,-28.6686],[150.4575,-28.6643],[150.4554,-28.6637],[150.453,-28.666],[150.4422,-28.6643],[150.4372,-28.6615],[150.4332,-28.6561],[150.4279,-28.6522],[150.4239,-28.6504],[150.4209,-28.6502],[150.4144,-28.652],[150.412,-28.6478],[150.4158,-28.6454],[150.4153,-28.6396],[150.4159,-28.6355],[150.4129,-28.6335],[150.4088,-28.634],[150.4044,-28.631],[150.4022,-28.6273],[150.3969,-28.629],[150.3917,-28.634],[150.3875,-28.6338],[150.385,-28.6322],[150.3871,-28.6265],[150.3838,-28.6261],[150.3789,-28.6269],[150.3737,-28.6224],[150.3701,-28.6211],[150.3686,-28.6134],[150.3695,-28.6098],[150.3645,-28.6089],[150.3638,-28.6056],[150.366,-28.6046],[150.368,-28.6011],[150.3675,-28.5976],[150.3635,-28.5975],[150.3635,-28.5921],[150.3625,-28.5889],[150.358,-28.5899],[150.354,-28.5889],[150.3515,-28.5867],[150.3493,-28.5828],[150.3494,-28.5796],[150.3511,-28.5762],[150.3501,-28.5748],[150.3416,-28.575],[150.3296,-28.5721],[150.3231,-28.5666],[150.3202,-28.557],[150.3137,-28.5556],[150.3093,-28.5506],[150.3009,-28.5487],[150.2968,-28.5437],[150.2964,-28.5407],[150.2929,-28.5377],[150.2891,-28.5373],[150.2835,-28.5421],[150.2813,-28.5429],[150.2767,-28.5419],[150.2725,-28.5397],[150.2676,-28.5406],[150.2613,-28.5449],[150.2551,-28.5458],[150.2517,-28.5481],[150.2489,-28.5522],[150.244,-28.5548],[150.2426,-28.5528],[150.2352,-28.5549],[150.2393,-28.5577],[150.2363,-28.5599],[150.2311,-28.5557],[150.2303,-28.5592],[150.2337,-28.5608],[150.2266,-28.5687],[150.2195,-28.5666],[150.2124,-28.5683],[150.2135,-28.5734],[150.2106,-28.5741],[150.2076,-28.5726],[150.2057,-28.5736],[150.2023,-28.5725],[150.2011,-28.5691],[150.198,-28.5673],[150.1954,-28.568],[150.1918,-28.5667],[150.1892,-28.568],[150.1869,-28.573],[150.1812,-28.5696],[150.1872,-28.5683],[150.1858,-28.5651],[150.1811,-28.5652],[150.1786,-28.5635],[150.1827,-28.5592],[150.1811,-28.5562],[150.1761,-28.5592],[150.174,-28.5579],[150.17,-28.5607],[150.1689,-28.5563],[150.1694,-28.5514],[150.1663,-28.5512],[150.1655,-28.5539],[150.161,-28.5544],[150.1529,-28.5573],[150.1516,-28.5552],[150.1517,-28.5511],[150.1474,-28.5531],[150.1477,-28.5585],[150.144,-28.5574],[150.1429,-28.5619],[150.1386,-28.5605],[150.1392,-28.5649],[150.1362,-28.5639],[150.1368,-28.5605],[150.1336,-28.561],[150.1319,-28.5632],[150.1244,-28.5617],[150.1187,-28.5618],[150.1144,-28.5642],[150.1158,-28.5666],[150.1122,-28.5679],[150.1102,-28.5701],[150.1052,-28.5677],[150.1049,-28.5655],[150.1002,-28.5657],[150.0981,-28.5639],[150.0926,-28.564],[150.0909,-28.5653],[150.0919,-28.5717],[150.0938,-28.5737],[150.0932,-28.5773],[150.0911,-28.5793],[150.088,-28.5773],[150.087,-28.5807],[150.0836,-28.5801],[150.0798,-28.5811],[150.077,-28.5835],[150.0717,-28.5791],[150.0638,-28.5775],[150.0581,-28.579],[150.0575,-28.5836],[150.0551,-28.5857],[150.0515,-28.5853],[150.0486,-28.5894],[150.0446,-28.5871],[150.0461,-28.5836],[150.0366,-28.586],[150.0334,-28.5833],[150.03,-28.5827],[150.0306,-28.5803],[150.0269,-28.579],[150.0235,-28.5823],[150.0172,-28.5824],[150.013,-28.5837],[150.0088,-28.591],[150.0061,-28.5879],[150.0018,-28.5899],[150.0029,-28.5928],[149.9994,-28.5937],[149.9978,-28.5955],[149.9945,-28.5944],[149.9943,-28.5989],[149.9929,-28.6008],[149.9876,-28.6015],[149.979,-28.6084],[149.9758,-28.6132],[149.9741,-28.6093],[149.9705,-28.6103],[149.9674,-28.6098],[149.9627,-28.6125],[149.9544,-28.6084],[149.9509,-28.6083],[149.9486,-28.6112],[149.9497,-28.6128],[149.9433,-28.6139],[149.9421,-28.6184],[149.9371,-28.6155],[149.9367,-28.6119],[149.9334,-28.6128],[149.9302,-28.6123],[149.9252,-28.6093],[149.9201,-28.6102],[149.9163,-28.6096],[149.9086,-28.6105],[149.9095,-28.6123],[149.9074,-28.6149],[149.9032,-28.6156],[149.9051,-28.6191],[149.8992,-28.62],[149.8949,-28.6188],[149.8938,-28.616],[149.8895,-28.6189],[149.8868,-28.615],[149.8905,-28.6127],[149.8819,-28.6128],[149.878,-28.6121],[149.8775,-28.6088],[149.8746,-28.6069],[149.8748,-28.6041],[149.8704,-28.6056],[149.8683,-28.6075],[149.8647,-28.6028],[149.8611,-28.6046],[149.8606,-28.6072],[149.8543,-28.6058],[149.8508,-28.6061],[149.85,-28.609],[149.8473,-28.6102],[149.8436,-28.6083],[149.8393,-28.6039],[149.8307,-28.6041],[149.8268,-28.6091],[149.8224,-28.609],[149.8222,-28.6112],[149.818,-28.6138],[149.8158,-28.6118],[149.8142,-28.6082],[149.8107,-28.6075],[149.8033,-28.6077],[149.7991,-28.6087],[149.7977,-28.6104],[149.7908,-28.612],[149.7866,-28.6118],[149.784,-28.6144],[149.7798,-28.6102],[149.7757,-28.6133],[149.7707,-28.6132],[149.7642,-28.6147],[149.7555,-28.6117],[149.7465,-28.612],[149.7437,-28.6179],[149.7369,-28.6159],[149.7308,-28.6173],[149.7295,-28.6154],[149.7258,-28.6152],[149.7295,-28.6109],[149.7249,-28.6094],[149.718,-28.612],[149.7172,-28.6147],[149.7142,-28.6166],[149.7097,-28.6131],[149.7067,-28.6151],[149.7064,-28.6175],[149.7034,-28.619],[149.7072,-28.6228],[149.7066,-28.6252],[149.7033,-28.6263],[149.7068,-28.6303],[149.7047,-28.6336],[149.7024,-28.6339],[149.6969,-28.6316],[149.69,-28.6317],[149.6866,-28.6325],[149.6846,-28.6308],[149.6798,-28.6328],[149.6742,-28.6317],[149.6726,-28.634],[149.6694,-28.6307],[149.6728,-28.6268],[149.6696,-28.6227],[149.6694,-28.6202],[149.6633,-28.6173],[149.664,-28.6123],[149.6598,-28.6097],[149.6566,-28.6143],[149.651,-28.6138],[149.6476,-28.6123],[149.6447,-28.6075],[149.6455,-28.6042],[149.6411,-28.5992],[149.6362,-28.5983],[149.6298,-28.5949],[149.6269,-28.5961],[149.6238,-28.5954],[149.6196,-28.5964],[149.6186,-28.5989],[149.6158,-28.5987],[149.611,-28.6011],[149.6103,-28.5974],[149.6055,-28.5983],[149.6061,-28.5919],[149.6033,-28.589],[149.6028,-28.5865],[149.5975,-28.5884],[149.5976,-28.5835],[149.5993,-28.5814],[149.5976,-28.5789],[149.5932,-28.5761],[149.5893,-28.5754],[149.5872,-28.5734],[149.5844,-28.5746],[149.5798,-28.5726],[149.5748,-28.5741],[149.5724,-28.5719],[149.5682,-28.5717],[149.5673,-28.5739],[149.5608,-28.5757],[149.5565,-28.5788],[149.5527,-28.5783],[149.5496,-28.5767],[149.5379,-28.575],[149.5318,-28.5769],[149.529,-28.5745],[149.5251,-28.5796],[149.5225,-28.5792],[149.5195,-28.5813],[149.5136,-28.5783],[149.5101,-28.5776],[149.5079,-28.5757],[149.5037,-28.578],[149.4966,-28.5783],[149.4932,-28.5802],[149.4903,-28.5848],[149.486,-28.5823],[149.4819,-28.5844],[149.4825,-28.5868],[149.4802,-28.5902],[149.4754,-28.5938],[149.4668,-28.5942],[149.4625,-28.5933],[149.456,-28.5954],[149.4524,-28.5953],[149.454,-28.5991],[149.4518,-28.6042],[149.4478,-28.6047],[149.439,-28.6117],[149.4389,-28.6158],[149.4424,-28.621],[149.4381,-28.6227],[149.4353,-28.6261],[149.43,-28.6264],[149.429,-28.6322],[149.4313,-28.633],[149.4312,-28.6381],[149.4291,-28.6407],[149.4286,-28.6467],[149.4263,-28.6495],[149.4187,-28.6502],[149.4189,-28.654],[149.416,-28.6579],[149.4175,-28.6598],[149.4163,-28.6627],[149.413,-28.6623],[149.4103,-28.6646],[149.4125,-28.6667],[149.4082,-28.6706],[149.4054,-28.6754],[149.4023,-28.6762],[149.3988,-28.6748],[149.3928,-28.6823],[149.3941,-28.6861],[149.3916,-28.6914],[149.388,-28.6943],[149.3853,-28.6949],[149.3852,-28.6914],[149.3811,-28.6899],[149.3756,-28.6926],[149.3713,-28.6879],[149.3675,-28.6893],[149.3633,-28.6892],[149.3621,-28.685],[149.358,-28.6843],[149.3526,-28.6907],[149.3477,-28.6909],[149.3456,-28.6965],[149.3413,-28.6965],[149.3401,-28.695],[149.336,-28.6982],[149.331,-28.6972],[149.3289,-28.6992],[149.332,-28.7027],[149.3285,-28.7041],[149.3287,-28.7072],[149.3199,-28.706],[149.3185,-28.7138],[149.3162,-28.7111],[149.3113,-28.7105],[149.3108,-28.7122],[149.3056,-28.7116],[149.3012,-28.71],[149.2966,-28.7098],[149.2937,-28.7113],[149.293,-28.7143],[149.2866,-28.7217],[149.2878,-28.7252],[149.2846,-28.7262],[149.2824,-28.7283],[149.2848,-28.7312],[149.2797,-28.7319],[149.2707,-28.7345],[149.2729,-28.7376],[149.2728,-28.7401],[149.2683,-28.7437],[149.2659,-28.7429],[149.2639,-28.7376],[149.2619,-28.7354],[149.2513,-28.7404],[149.2463,-28.7392],[149.2447,-28.7429],[149.2421,-28.7442],[149.2395,-28.7487],[149.2367,-28.7506],[149.2324,-28.7493],[149.2305,-28.7522],[149.2318,-28.7556],[149.2281,-28.7562],[149.2274,-28.7619],[149.2248,-28.7641],[149.2198,-28.7654],[149.2188,-28.7628],[149.2105,-28.7675],[149.2049,-28.7686],[149.2023,-28.7706],[149.1945,-28.7709],[149.1926,-28.7739],[149.1884,-28.7753],[149.1884,-28.7771],[149.1923,-28.7804],[149.1904,-28.782],[149.1861,-28.782],[149.1869,-28.7865],[149.1841,-28.7897],[149.1868,-28.7921],[149.1867,-28.7945],[149.1801,-28.7984],[149.1792,-28.803],[149.1756,-28.8025],[149.1702,-28.8062],[149.1641,-28.808],[149.1605,-28.8107],[149.1587,-28.8093],[149.1551,-28.8095],[149.1511,-28.8074],[149.1447,-28.8081],[149.1396,-28.8067],[149.1387,-28.8089],[149.1396,-28.8122],[149.1428,-28.8175],[149.1426,-28.8242],[149.1385,-28.8256],[149.1389,-28.828],[149.1308,-28.8296],[149.1279,-28.8355],[149.1213,-28.8316],[149.118,-28.8332],[149.1131,-28.83],[149.1122,-28.8339],[149.109,-28.8332],[149.1032,-28.8386],[149.1034,-28.8344],[149.1012,-28.8324],[149.0977,-28.8318],[149.0938,-28.8335],[149.0902,-28.8372],[149.0873,-28.838],[149.0861,-28.842],[149.08,-28.8435],[149.0811,-28.8463],[149.0794,-28.85],[149.08,-28.8582],[149.0753,-28.8593],[149.0723,-28.8638],[149.0706,-28.8716],[149.0664,-28.8728],[149.0635,-28.8785],[149.0592,-28.8794],[149.0565,-28.8819],[149.0546,-28.8862],[149.0563,-28.8871],[149.0637,-28.8873],[149.0638,-28.8896],[149.0608,-28.8901],[149.0577,-28.8936],[149.0606,-28.8944],[149.0558,-28.9023],[149.0584,-28.9074],[149.0584,-28.911],[149.055,-28.9119],[149.051,-28.9175],[149.0479,-28.917],[149.0471,-28.925],[149.043,-28.9266],[149.0433,-28.93],[149.0456,-28.9327],[149.0426,-28.9371],[149.0401,-28.9424],[149.0366,-28.9438],[149.0344,-28.9476],[149.0362,-28.9487],[149.0345,-28.9528],[149.0312,-28.9572],[149.028,-28.9545],[149.0179,-28.9584],[149.0112,-28.9556],[149.0108,-28.96],[149.0063,-28.9598],[149.0043,-28.962],[149.0054,-28.9647],[149.0031,-28.9683],[148.9968,-28.9728],[148.9929,-28.9716],[148.9904,-28.9723],[148.989,-28.9758],[148.9865,-28.9741],[148.9839,-28.9766],[148.9812,-28.9753],[148.9757,-28.9765],[148.9723,-28.9783],[148.9706,-28.9821],[148.9711,-28.9853],[148.969,-28.9883],[148.9653,-28.9911],[148.9655,-28.9931],[148.9629,-28.9965],[148.9581,-28.9991],[148.9583,-29.0053],[148.9538,-29.0066],[148.9543,-29.0109],[148.9507,-29.0095],[148.9483,-29.0112],[148.9443,-29.0191],[148.943,-29.0199],[148.9416,-29.0247],[148.9361,-29.0244],[148.9232,-29.0252],[148.9213,-29.0217],[148.9155,-29.0203],[148.9125,-29.0222],[148.9094,-29.0213],[148.9057,-29.0218],[148.8996,-29.0212],[148.8956,-29.0234],[148.8976,-29.0276],[148.8939,-29.027],[148.8919,-29.0281],[148.8924,-29.0314],[148.8884,-29.0315],[148.8887,-29.0338],[148.8858,-29.036],[148.8832,-29.0316],[148.8777,-29.032],[148.8767,-29.0365],[148.8789,-29.0391],[148.8777,-29.0418],[148.8739,-29.0417],[148.8681,-29.0439],[148.8671,-29.0412],[148.8642,-29.0428],[148.8634,-29.0459],[148.8602,-29.045],[148.8591,-29.0469],[148.859,-29.0509],[148.8546,-29.0504],[148.8524,-29.0522],[148.8518,-29.0548],[148.8479,-29.0554],[148.8481,-29.0577],[148.8504,-29.0599],[148.8494,-29.0641],[148.8454,-29.0651],[148.8446,-29.0673],[148.8398,-29.0698],[148.8329,-29.0653],[148.8303,-29.0654],[148.8245,-29.0684],[148.8246,-29.0719],[148.8191,-29.0757],[148.8128,-29.0848],[148.8157,-29.0882],[148.8156,-29.0909],[148.8174,-29.0937],[148.8137,-29.0943],[148.8111,-29.092],[148.8085,-29.094],[148.8052,-29.0994],[148.8045,-29.102],[148.8072,-29.1065],[148.8072,-29.1127],[148.8042,-29.1143],[148.8073,-29.1167],[148.807,-29.1219],[148.8042,-29.1205],[148.8022,-29.1232],[148.8013,-29.127],[148.7993,-29.1301],[148.8033,-29.1302],[148.8028,-29.135],[148.797,-29.1411],[148.7993,-29.1448],[148.7996,-29.1484],[148.7972,-29.1548],[148.8004,-29.1637],[148.7984,-29.1658],[148.8079,-29.1707],[148.8069,-29.1733],[148.8092,-29.1757],[148.804,-29.1778],[148.8057,-29.1814],[148.8026,-29.1833],[148.8002,-29.1875],[148.7975,-29.188],[148.7969,-29.1843],[148.7951,-29.1838],[148.7922,-29.1867],[148.7888,-29.1851],[148.787,-29.1865],[148.7827,-29.1846],[148.7811,-29.1889],[148.7752,-29.1893],[148.7748,-29.1866],[148.7711,-29.1865],[148.7692,-29.1908],[148.766,-29.1919],[148.7635,-29.1972],[148.7641,-29.2027],[148.7664,-29.203],[148.7678,-29.2084],[148.7649,-29.2089],[148.7619,-29.206],[148.7587,-29.2092],[148.762,-29.212],[148.7608,-29.2161],[148.7542,-29.2174],[148.7567,-29.2217],[148.7532,-29.2225],[148.7509,-29.2248],[148.7495,-29.2321],[148.75,-29.2381],[148.7475,-29.2378],[148.7423,-29.2405],[148.7428,-29.2435],[148.7418,-29.2487],[148.7369,-29.2481],[148.7379,-29.2517],[148.7331,-29.2548],[148.7367,-29.2591],[148.7398,-29.2609],[148.7383,-29.2678],[148.7329,-29.2636],[148.7314,-29.2677],[148.7338,-29.2677],[148.7333,-29.2747],[148.7307,-29.2765],[148.7283,-29.2739],[148.7246,-29.28],[148.7209,-29.282],[148.724,-29.2869],[148.7243,-29.2936],[148.7279,-29.2991],[148.7256,-29.3005],[148.7238,-29.2964],[148.7217,-29.2951],[148.7178,-29.2953],[148.7166,-29.3002],[148.7212,-29.3055],[148.7209,-29.3088],[148.7188,-29.3097],[148.7225,-29.3159],[148.7182,-29.3157],[148.713,-29.3135],[148.7141,-29.3176],[148.7118,-29.3223],[148.7093,-29.3213],[148.7088,-29.3264],[148.7063,-29.3306],[148.702,-29.3307],[148.6982,-29.3261],[148.6967,-29.328],[148.698,-29.3301],[148.6967,-29.3328],[148.6976,-29.3348],[148.6972,-29.3409],[148.6986,-29.3467],[148.695,-29.3497],[148.6925,-29.3467],[148.6892,-29.3501],[148.6923,-29.3522],[148.6943,-29.3582],[148.6987,-29.3587],[148.7037,-29.3609],[148.7028,-29.3632],[148.6959,-29.365],[148.6933,-29.3648],[148.6975,-29.3744],[148.6926,-29.3756],[148.6889,-29.3787],[148.6846,-29.3855],[148.6837,-29.3884],[148.6912,-29.3871],[148.6951,-29.3889],[148.6959,-29.3923],[148.698,-29.3931],[148.7017,-29.3881],[148.7055,-29.3909],[148.7081,-29.3953],[148.7072,-29.4026],[148.7094,-29.406],[148.7133,-29.4099],[148.7145,-29.4126],[148.7088,-29.4155],[148.7115,-29.4172],[148.7149,-29.4172],[148.7158,-29.421],[148.711,-29.4245],[148.7079,-29.4276],[148.7032,-29.4258],[148.7025,-29.4311],[148.6992,-29.4326],[148.698,-29.4302],[148.6944,-29.4331],[148.6977,-29.436],[148.6982,-29.4403],[148.6942,-29.4418],[148.6923,-29.4463],[148.6968,-29.4468],[148.6964,-29.4502],[148.693,-29.4504],[148.6925,-29.4538],[148.6891,-29.4548],[148.6865,-29.4595],[148.6834,-29.4634],[148.6826,-29.468],[148.6848,-29.4715],[148.68,-29.4734],[148.6791,-29.477],[148.6813,-29.482],[148.6855,-29.4839],[148.6866,-29.4953],[148.6825,-29.4953],[148.685,-29.4996],[148.681,-29.5013],[148.6791,-29.5035],[148.678,-29.5088],[148.6814,-29.5117],[148.6862,-29.5056],[148.6918,-29.5112],[148.6941,-29.5093],[148.6978,-29.511],[148.6997,-29.5139],[148.7032,-29.5154],[148.7084,-29.5157],[148.7107,-29.5119],[148.7129,-29.5108],[148.7198,-29.5111],[148.7231,-29.5134],[148.7262,-29.5141],[148.7295,-29.5122],[148.7298,-29.5086],[148.7341,-29.5048],[148.7397,-29.5061],[148.7462,-29.5057],[148.7515,-29.5098],[148.7552,-29.5066],[148.7552,-29.5039],[148.7616,-29.5035],[148.7623,-29.5004],[148.7667,-29.5032],[148.7702,-29.5026],[148.7741,-29.5054],[148.7767,-29.5041],[148.7807,-29.5056],[148.7841,-29.5042],[148.7866,-29.5015],[148.7891,-29.5066],[148.7907,-29.5046],[148.7979,-29.5034],[148.8068,-29.499],[148.8161,-29.4897],[148.8205,-29.4921],[148.8212,-29.4937],[148.8267,-29.4957],[148.8291,-29.4932],[148.8367,-29.4946],[148.8416,-29.4962],[148.8562,-29.4947],[148.8633,-29.4911],[148.8688,-29.4907],[148.8715,-29.486],[148.8747,-29.4842],[148.883,-29.483],[148.8847,-29.4792],[148.8904,-29.4815],[148.8917,-29.4772],[148.8949,-29.4787],[148.8984,-29.4769],[148.9008,-29.4784],[148.8969,-29.5038],[148.8773,-29.6223],[148.881,-29.6227],[148.8799,-29.6292],[148.9534,-29.6589],[148.9857,-29.6714],[149.0195,-29.6848],[149.0888,-29.7125],[149.0837,-29.7451],[149.0786,-29.7751],[149.0796,-29.7752],[149.0751,-29.801],[149.0658,-29.8587],[149.0623,-29.8605],[149.0596,-29.8762],[149.0591,-29.8762],[149.0522,-29.9194],[149.0517,-29.927],[149.048,-29.9535],[149.0943,-29.9593],[149.091,-29.9752],[149.0841,-30.0178],[149.0819,-30.0288],[149.0812,-30.0345],[149.0678,-30.0329],[149.0614,-30.0728],[149.0578,-30.075],[149.0551,-30.0925],[149.0511,-30.092],[149.0446,-30.0974],[149.0237,-30.1055],[149.0271,-30.1122],[149.0229,-30.1138],[149.0204,-30.1293],[148.997,-30.1268],[149.001,-30.1223],[149.002,-30.1164],[148.9972,-30.1159],[148.9933,-30.1174],[148.9796,-30.1386],[148.9706,-30.1497],[148.9749,-30.1539],[148.9749,-30.1562],[148.9814,-30.1678],[148.9428,-30.1878],[148.9402,-30.2044],[148.9382,-30.2042],[148.9316,-30.2484],[148.9284,-30.2685],[148.9291,-30.2685],[148.9262,-30.2861],[148.9311,-30.2872],[148.9289,-30.3],[148.9319,-30.2996],[148.9297,-30.3131],[148.9222,-30.3122],[148.9198,-30.3266],[148.9228,-30.327],[148.921,-30.3376],[148.9138,-30.3415],[148.9139,-30.3369],[148.9036,-30.3345],[148.8994,-30.3374],[148.8921,-30.3341],[148.8937,-30.3319],[148.8897,-30.3268],[148.8852,-30.3256],[148.8816,-30.3466],[148.8794,-30.3609],[148.8841,-30.3615],[148.8793,-30.3672],[148.879,-30.3716],[148.8765,-30.3853],[148.8583,-30.4924],[148.8589,-30.494],[148.8548,-30.5179],[148.8517,-30.5314],[148.8347,-30.5294],[148.8198,-30.6188],[148.8107,-30.6736],[148.9084,-30.6299],[148.9228,-30.6243],[148.9302,-30.6327],[148.9483,-30.6547],[148.9751,-30.6345],[148.9725,-30.6335],[148.9707,-30.6296],[148.9696,-30.6194],[148.9924,-30.6222],[149.0009,-30.6177],[149.0256,-30.6056],[149.0476,-30.6339],[149.0525,-30.6398],[149.0514,-30.6465],[149.0362,-30.6561],[149.0478,-30.7132],[149.117,-30.7135],[149.1197,-30.7162],[149.1199,-30.7185],[149.1151,-30.7226],[149.1131,-30.7257],[149.1128,-30.7291],[149.1158,-30.7356],[149.117,-30.7426],[149.1132,-30.7475],[149.1114,-30.7518],[149.1129,-30.755],[149.1189,-30.7551],[149.1214,-30.7575],[149.1229,-30.7633],[149.1258,-30.7684],[149.128,-30.7743],[149.1275,-30.7773],[149.1215,-30.7807],[149.1228,-30.7855],[149.1223,-30.7976],[149.1549,-30.7849],[149.18,-30.843],[149.2074,-30.9063],[149.3112,-30.8635],[149.4062,-30.8757],[149.408,-30.8816],[149.4952,-30.8929],[149.5185,-30.8632],[149.522,-30.8643],[149.5235,-30.8665],[149.5779,-30.8732],[149.6586,-30.884],[149.6558,-30.8862],[149.6558,-30.8891],[149.6517,-30.8902],[149.6469,-30.8872],[149.6367,-30.8886],[149.6355,-30.892],[149.6355,-30.8968],[149.6338,-30.9027],[149.6371,-30.9099],[149.6367,-30.9116],[149.6316,-30.9161],[149.6776,-30.9217],[149.6722,-30.95],[149.7056,-30.9545],[149.7117,-30.9551],[149.7126,-30.9498],[149.7066,-30.9482],[149.7089,-30.9332],[149.7108,-30.9344],[149.742,-30.9389],[149.7434,-30.93],[149.7533,-30.9327],[149.7577,-30.9304],[149.8051,-30.9366],[149.8237,-30.9392],[149.8272,-30.9196],[149.8382,-30.921],[149.8353,-30.937],[149.847,-30.9388],[149.8371,-30.9939],[149.8299,-31.0344],[149.8229,-31.0336],[149.8252,-31.038],[149.8295,-31.0386],[149.826,-31.0576],[149.824,-31.0621],[149.8198,-31.0845],[149.8546,-31.0895],[149.904,-31.0962],[149.8999,-31.1],[149.8961,-31.1017],[149.8906,-31.1078],[149.892,-31.115],[149.888,-31.118],[149.8938,-31.1216],[149.8882,-31.1264],[149.8913,-31.1309],[149.8906,-31.1463],[149.8948,-31.148],[149.8941,-31.1522],[149.8912,-31.1536],[149.8881,-31.157],[149.892,-31.1617],[149.8933,-31.1659],[149.8886,-31.1684],[149.8877,-31.1729],[149.8858,-31.1764],[149.8885,-31.1792],[149.8853,-31.1825],[149.8845,-31.1881],[149.8822,-31.1914],[149.8802,-31.1916],[149.8775,-31.1967],[149.8802,-31.1995],[149.8796,-31.203],[149.8509,-31.1989],[149.849,-31.1974],[149.8444,-31.1967],[149.8415,-31.2115],[149.8307,-31.2098],[149.8285,-31.2201],[149.8276,-31.22],[149.8252,-31.2282],[149.7959,-31.2239],[149.7957,-31.2287],[149.7939,-31.2354],[149.7913,-31.2502],[149.7915,-31.2576],[149.7928,-31.262],[149.7917,-31.2673],[149.7889,-31.2699],[149.79,-31.2798],[149.7891,-31.2873],[149.7905,-31.2887],[149.7886,-31.3087],[149.7908,-31.3154],[149.8041,-31.3151],[149.8131,-31.3166],[149.8032,-31.372],[149.8049,-31.3731],[149.8127,-31.374],[149.8148,-31.3752],[149.8481,-31.3793],[149.8484,-31.3777],[149.8618,-31.3794],[149.8667,-31.3796],[149.8716,-31.3759],[149.8779,-31.3752],[149.8812,-31.3717],[149.884,-31.374],[149.8847,-31.3791],[149.8818,-31.3843],[149.882,-31.386],[149.8859,-31.388],[149.8871,-31.3935],[149.8913,-31.3961],[149.8893,-31.3995],[149.8933,-31.4023],[149.8935,-31.407],[149.8946,-31.4102],[149.894,-31.4142],[149.8971,-31.4184],[149.8967,-31.4227],[149.8995,-31.4255],[149.9044,-31.4272],[149.9099,-31.4318],[149.9081,-31.4355],[149.9083,-31.4413],[149.9132,-31.4461],[149.913,-31.4534],[149.8966,-31.4511],[149.8829,-31.4521],[149.8787,-31.4752],[149.8669,-31.5373],[149.8745,-31.5383],[149.876,-31.535],[149.8926,-31.5371],[149.8904,-31.5353],[149.9044,-31.5369],[149.9035,-31.5379],[149.9058,-31.5439],[149.9033,-31.5451],[149.9118,-31.5531],[149.9148,-31.5596],[149.9135,-31.5608],[149.9127,-31.5672],[149.9147,-31.5714],[149.9121,-31.5748],[149.9115,-31.5776],[149.9078,-31.5767],[149.9072,-31.5789],[149.9041,-31.5796],[149.9016,-31.5843],[149.8994,-31.5843],[149.8929,-31.5926],[149.8928,-31.5963],[149.8968,-31.6025],[149.8959,-31.6053],[149.8972,-31.6081],[149.8955,-31.6128],[149.8989,-31.6184],[149.8967,-31.6199],[149.9011,-31.6244],[149.887,-31.6225],[149.8873,-31.6212],[149.872,-31.6192],[149.8636,-31.6178],[149.8633,-31.6198],[149.8573,-31.6183],[149.8409,-31.6161],[149.8429,-31.6198],[149.8497,-31.624],[149.8514,-31.6287],[149.8582,-31.6318],[149.8605,-31.6342],[149.8646,-31.6363],[149.865,-31.6409],[149.8631,-31.6434],[149.8665,-31.6515],[149.8648,-31.6551],[149.8647,-31.6644],[149.8636,-31.6696],[149.8653,-31.673],[149.8668,-31.679],[149.8702,-31.683],[149.8778,-31.6833],[149.8797,-31.6892],[149.8788,-31.6918],[149.8837,-31.6946],[149.8901,-31.6956],[149.8926,-31.6985],[149.8973,-31.6986],[149.9048,-31.7068],[149.908,-31.7073],[149.9194,-31.7063],[149.922,-31.705],[149.9254,-31.7003],[149.9302,-31.6984],[149.9334,-31.7052],[149.9393,-31.7065],[149.9394,-31.7097],[149.9417,-31.711],[149.9452,-31.709],[149.9444,-31.7064],[149.947,-31.7023],[149.9542,-31.7017],[149.9583,-31.7002],[149.9655,-31.701],[149.9718,-31.7061],[149.9716,-31.7095],[149.974,-31.7125],[149.9808,-31.7188],[149.9819,-31.7231],[149.9797,-31.7259],[149.9841,-31.7279],[149.9937,-31.7218],[149.9905,-31.714],[149.9958,-31.7147],[150.0027,-31.7076],[150.0044,-31.7026],[150.01,-31.707],[150.0139,-31.7048],[150.0137,-31.6976],[150.0209,-31.6963],[150.0227,-31.6948],[150.0275,-31.6934],[150.0302,-31.6909],[150.034,-31.6932],[150.0385,-31.6943],[150.0418,-31.6923],[150.0443,-31.6959],[150.0522,-31.6985],[150.0506,-31.7007],[150.0502,-31.7044],[150.0478,-31.7085],[150.0447,-31.7109],[150.0458,-31.7142],[150.0515,-31.7212],[150.0541,-31.7218],[150.0576,-31.7197],[150.0595,-31.723],[150.0632,-31.7258],[150.0697,-31.7336],[150.0716,-31.7345],[150.0751,-31.7399],[150.0787,-31.7417],[150.083,-31.7412],[150.0871,-31.7423],[150.0914,-31.742],[150.0942,-31.7404],[150.1026,-31.7404],[150.1041,-31.743],[150.1106,-31.7461]]]},"properties":{"name":"New England North West"}},
{"type":"Feature","geometry":{"type":"Polygon","coordinates":[[[148.8037,-35.3168],[148.7639,-35.3169],[148.7649,-35.3139],[148.7635,-35.3081],[148.7652,-35.3027],[148.7632,-35.3005],[148.7665,-35.2914],[148.7643,-35.2875],[148.7654,-35.2833],[148.7648,-35.2793],[148.7671,-35.2733],[148.752,-35.2635],[148.7531,-35.2579],[148.6922,-35.2499],[148.679,-35.2487],[148.678,-35.2533],[148.6166,-35.245],[148.6158,-35.249],[148.5442,-35.2393],[148.5481,-35.235],[148.5492,-35.2316],[148.5469,-35.228],[148.5653,-35.2204],[148.5654,-35.2164],[148.5686,-35.2142],[148.5704,-35.2111],[148.5705,-35.203],[148.5734,-35.2018],[148.5801,-35.1964],[148.5816,-35.1923],[148.5785,-35.1878],[148.5793,-35.1854],[148.5772,-35.1779],[148.5823,-35.1679],[148.5812,-35.1632],[148.5791,-35.1592],[148.5821,-35.1517],[148.5749,-35.1492],[148.5708,-35.1502],[148.5662,-35.147],[148.5645,-35.1447],[148.5608,-35.1447],[148.5614,-35.1415],[148.5582,-35.1379],[148.5483,-35.1322],[148.5477,-35.1275],[148.5442,-35.1204],[148.545,-35.1159],[148.5509,-35.1076],[148.5559,-35.1052],[148.5608,-35.098],[148.567,-35.095],[148.5686,-35.0916],[148.5649,-35.0884],[148.5649,-35.086],[148.567,-35.0829],[148.5666,-35.0803],[148.5688,-35.0784],[148.5733,-35.0772],[148.5727,-35.074],[148.5681,-35.0744],[148.5674,-35.0723],[148.5691,-35.0692],[148.565,-35.0683],[148.5642,-35.0662],[148.565,-35.0614],[148.5674,-35.0607],[148.5646,-35.0572],[148.5665,-35.0522],[148.5719,-35.0496],[148.5755,-35.0416],[148.5738,-35.0385],[148.5737,-35.0337],[148.5764,-35.0244],[148.5755,-35.0207],[148.5722,-35.0186],[148.5831,-35.0026],[148.5729,-35.0014],[148.5643,-35.005],[148.5609,-35.005],[148.5592,-35.0011],[148.5634,-34.9947],[148.5614,-34.9893],[148.5587,-34.9876],[148.5535,-34.9887],[148.545,-34.994],[148.5408,-34.9948],[148.5345,-34.9939],[148.5321,-34.9913],[148.5309,-34.9878],[148.5322,-34.9859],[148.5315,-34.9813],[148.5326,-34.9738],[148.5386,-34.9646],[148.5428,-34.9541],[148.5421,-34.9464],[148.5357,-34.9347],[148.536,-34.9285],[148.5375,-34.9257],[148.5425,-34.9227],[148.5463,-34.9187],[148.5499,-34.9114],[148.5487,-34.9084],[148.5444,-34.9078],[148.5413,-34.9138],[148.5396,-34.9151],[148.5346,-34.9155],[148.5324,-34.9133],[148.5305,-34.9071],[148.527,-34.9031],[148.5207,-34.9009],[148.5159,-34.9026],[148.5012,-34.9026],[148.4977,-34.9017],[148.4921,-34.8989],[148.486,-34.8986],[148.4682,-34.9009],[148.4612,-34.9024],[148.4536,-34.9029],[148.4481,-34.9022],[148.4381,-34.898],[148.4307,-34.8992],[148.4201,-34.8984],[148.4171,-34.8968],[148.4093,-34.8992],[148.406,-34.902],[148.3988,-34.9058],[148.3948,-34.9072],[148.3911,-34.9059],[148.3877,-34.9016],[148.3859,-34.8977],[148.3856,-34.8916],[148.3953,-34.8808],[148.399,-34.8779],[148.4003,-34.8667],[148.3969,-34.8646],[148.3932,-34.8602],[148.388,-34.8586],[148.3715,-34.8576],[148.3629,-34.8526],[148.3566,-34.8519],[148.3535,-34.8626],[148.3476,-34.8679],[148.336,-34.8714],[148.3318,-34.8715],[148.3233,-34.8672],[148.3209,-34.8678],[148.3158,-34.8667],[148.3106,-34.8628],[148.3107,-34.8604],[148.314,-34.8578],[148.314,-34.8548],[148.3113,-34.8536],[148.3085,-34.8551],[148.3065,-34.8518],[148.3023,-34.8496],[148.3014,-34.847],[148.2982,-34.8464],[148.2975,-34.8345],[148.2982,-34.8306],[148.2923,-34.8263],[148.2899,-34.8254],[148.2882,-34.8217],[148.2898,-34.8176],[148.2856,-34.8165],[148.2795,-34.8094],[148.2799,-34.8066],[148.2784,-34.8032],[148.2727,-34.7979],[148.2737,-34.7951],[148.2693,-34.791],[148.272,-34.7877],[148.2672,-34.7792],[148.2646,-34.7794],[148.2605,-34.7734],[148.2561,-34.7709],[148.2576,-34.7668],[148.261,-34.7648],[148.2625,-34.761],[148.2654,-34.7605],[148.2621,-34.7566],[148.2615,-34.7508],[148.2675,-34.7471],[148.2692,-34.7442],[148.2668,-34.7402],[148.2605,-34.7373],[148.2466,-34.7354],[148.2469,-34.7326],[148.2432,-34.7321],[148.2426,-34.735],[148.2329,-34.7337],[148.232,-34.7378],[148.2415,-34.7391],[148.2401,-34.7421],[148.2306,-34.7408],[148.2313,-34.7368],[148.2251,-34.7361],[148.2259,-34.7319],[148.2239,-34.7317],[148.2248,-34.7274],[148.2225,-34.7271],[148.2233,-34.7229],[148.2278,-34.7234],[148.2301,-34.7092],[148.2345,-34.7096],[148.2358,-34.7018],[148.2264,-34.7006],[148.2268,-34.6987],[148.2193,-34.6977],[148.2201,-34.6936],[148.2152,-34.6946],[148.207,-34.6936],[148.2062,-34.6981],[148.2021,-34.6976],[148.2073,-34.6676],[148.2023,-34.667],[148.2026,-34.665],[148.1935,-34.6638],[148.1973,-34.6437],[148.2021,-34.6443],[148.2041,-34.6409],[148.2118,-34.6419],[148.214,-34.6303],[148.2118,-34.63],[148.2129,-34.6249],[148.2099,-34.6244],[148.2092,-34.6277],[148.2049,-34.627],[148.2041,-34.6307],[148.1997,-34.6301],[148.2012,-34.6228],[148.1928,-34.6215],[148.1942,-34.6149],[148.204,-34.6159],[148.2062,-34.6057],[148.2028,-34.6045],[148.2035,-34.6009],[148.1986,-34.6003],[148.1987,-34.5933],[148.2026,-34.594],[148.2037,-34.5885],[148.202,-34.5882],[148.2031,-34.5832],[148.209,-34.584],[148.2082,-34.5893],[148.2122,-34.5899],[148.213,-34.5855],[148.2285,-34.5877],[148.2288,-34.5864],[148.2361,-34.5874],[148.2371,-34.5823],[148.2244,-34.5807],[148.2285,-34.5594],[148.2231,-34.5586],[148.2153,-34.561],[148.2125,-34.5608],[148.2093,-34.5573],[148.2056,-34.5553],[148.2077,-34.5453],[148.2181,-34.5467],[148.2209,-34.5444],[148.2194,-34.5423],[148.2216,-34.5317],[148.212,-34.5289],[148.2099,-34.5261],[148.2049,-34.5243],[148.2036,-34.5169],[148.1982,-34.5141],[148.1966,-34.5116],[148.1964,-34.505],[148.1971,-34.4995],[148.1956,-34.4969],[148.1967,-34.4939],[148.2001,-34.4906],[148.1986,-34.489],[148.1869,-34.4873],[148.1762,-34.4865],[148.1642,-34.4848],[148.1678,-34.4706],[148.1566,-34.4687],[148.1567,-34.4673],[148.14,-34.4652],[148.14,-34.4643],[148.1192,-34.4616],[148.1076,-34.4668],[148.1027,-34.4612],[148.1013,-34.4569],[148.0987,-34.4581],[148.0873,-34.4409],[148.0774,-34.4398],[148.0781,-34.4362],[148.0662,-34.4348],[148.0675,-34.4269],[148.0576,-34.4256],[148.0598,-34.4121],[148.0397,-34.4098],[148.0383,-34.4155],[148.0158,-34.4131],[148.019,-34.3953],[148.0199,-34.3951],[148.0274,-34.3498],[148.0012,-34.3469],[147.9113,-34.3365],[147.9103,-34.3428],[147.8958,-34.3409],[147.8945,-34.348],[147.8245,-34.3401],[147.8243,-34.3353],[147.8209,-34.3259],[147.8202,-34.3205],[147.8178,-34.3188],[147.8148,-34.3123],[147.8109,-34.308],[147.806,-34.3039],[147.8062,-34.3001],[147.8027,-34.2967],[147.8027,-34.2944],[147.7967,-34.2905],[147.7969,-34.2879],[147.7945,-34.2848],[147.7963,-34.2826],[147.7961,-34.2765],[147.7994,-34.2748],[147.7969,-34.2718],[147.7985,-34.2693],[147.7919,-34.2586],[147.7874,-34.257],[147.7851,-34.2506],[147.7871,-34.2498],[147.7871,-34.2444],[147.7891,-34.2416],[147.7873,-34.2391],[147.7821,-34.2383],[147.7818,-34.2303],[147.7801,-34.2269],[147.7753,-34.2226],[147.7835,-34.2236],[147.7852,-34.2188],[147.7814,-34.2163],[147.7806,-34.213],[147.7776,-34.2119],[147.7792,-34.2079],[147.7772,-34.2059],[147.7677,-34.2059],[147.7637,-34.2025],[147.7587,-34.2038],[147.7592,-34.1991],[147.757,-34.1969],[147.7584,-34.193],[147.7558,-34.1915],[147.7529,-34.1877],[147.7548,-34.1861],[147.7512,-34.1835],[147.7462,-34.1859],[147.7435,-34.1828],[147.7443,-34.1801],[147.7348,-34.183],[147.7341,-34.1849],[147.728,-34.1863],[147.7266,-34.1846],[147.7207,-34.1827],[147.7188,-34.1792],[147.7163,-34.1772],[147.7127,-34.1768],[147.7134,-34.1737],[147.7123,-34.1705],[147.7137,-34.1689],[147.7116,-34.1623],[147.7151,-34.1627],[147.718,-34.1607],[147.7198,-34.1564],[147.7242,-34.1552],[147.7259,-34.1526],[147.7305,-34.1507],[147.7305,-34.1489],[147.7391,-34.1454],[147.7437,-34.1411],[147.749,-34.1405],[147.7513,-34.1422],[147.7564,-34.1408],[147.7592,-34.1423],[147.7607,-34.1324],[147.7669,-34.1317],[147.7689,-34.1215],[147.771,-34.1133],[147.7658,-34.1126],[147.7697,-34.0932],[147.7718,-34.0839],[147.7809,-34.0851],[147.784,-34.0697],[147.7777,-34.0689],[147.777,-34.072],[147.7724,-34.0714],[147.7731,-34.068],[147.7677,-34.0672],[147.7692,-34.0609],[147.7572,-34.059],[147.7533,-34.0471],[147.7367,-33.9985],[147.7337,-33.9979],[147.7229,-33.9974],[147.7235,-33.9948],[147.7302,-33.9956],[147.7324,-33.9835],[147.7221,-33.9821],[147.7272,-33.9548],[147.7097,-33.9526],[147.7128,-33.9365],[147.6991,-33.9348],[147.6956,-33.9328],[147.6968,-33.9266],[147.6824,-33.9248],[147.6819,-33.9256],[147.6742,-33.9237],[147.5542,-33.9083],[147.5536,-33.9069],[147.5409,-33.9105],[147.5402,-33.9052],[147.545,-33.8984],[147.5465,-33.8942],[147.5437,-33.8905],[147.5458,-33.8857],[147.5458,-33.8822],[147.5476,-33.8783],[147.5502,-33.8774],[147.551,-33.8751],[147.554,-33.8751],[147.5536,-33.8718],[147.5506,-33.8697],[147.546,-33.8691],[147.546,-33.8654],[147.541,-33.8573],[147.5411,-33.8547],[147.5438,-33.8538],[147.5429,-33.8503],[147.5439,-33.8401],[147.5472,-33.8362],[147.5543,-33.8322],[147.5534,-33.8302],[147.5497,-33.8293],[147.5453,-33.8258],[147.5461,-33.8231],[147.55,-33.8208],[147.5459,-33.8181],[147.5479,-33.8157],[147.5426,-33.8108],[147.5433,-33.8066],[147.5383,-33.8039],[147.5371,-33.802],[147.5337,-33.8024],[147.5312,-33.8044],[147.5255,-33.8042],[147.523,-33.8015],[147.5261,-33.799],[147.5258,-33.7946],[147.5289,-33.7884],[147.5269,-33.7841],[147.5243,-33.7857],[147.5231,-33.781],[147.5252,-33.7798],[147.524,-33.7729],[147.5223,-33.7698],[147.5236,-33.7681],[147.5215,-33.7656],[147.5242,-33.7614],[147.5201,-33.7572],[147.5176,-33.7573],[147.5151,-33.7526],[147.5176,-33.7508],[147.516,-33.748],[147.5118,-33.7448],[147.5146,-33.7428],[147.515,-33.733],[147.5126,-33.7288],[147.5123,-33.7243],[147.5075,-33.7223],[147.508,-33.7184],[147.5132,-33.7195],[147.5144,-33.7167],[147.5107,-33.7156],[147.5085,-33.7128],[147.5143,-33.7107],[147.5092,-33.7076],[147.504,-33.7089],[147.5013,-33.7068],[147.4976,-33.708],[147.4965,-33.7036],[147.4835,-33.7045],[147.4828,-33.6949],[147.4839,-33.6891],[147.4757,-33.6884],[147.4722,-33.6867],[147.471,-33.6811],[147.469,-33.6789],[147.4693,-33.6744],[147.4682,-33.6727],[147.4484,-33.6214],[147.4441,-33.6127],[147.4365,-33.5886],[147.4236,-33.5527],[147.417,-33.5338],[147.4171,-33.5323],[147.3584,-33.5253],[147.3429,-33.5351],[147.3389,-33.5567],[147.3224,-33.5548],[147.3203,-33.568],[147.2786,-33.5631],[147.2765,-33.5755],[147.2463,-33.572],[147.243,-33.5918],[147.1132,-33.5762],[147.1081,-33.5753],[147.1044,-33.5775],[147.05,-33.5717],[147.0279,-33.5689],[147.0256,-33.5684],[146.9862,-33.5642],[146.9885,-33.552],[146.9437,-33.5465],[146.9434,-33.5467],[146.8708,-33.5377],[146.8655,-33.5367],[146.8308,-33.5322],[146.8298,-33.538],[146.8226,-33.5312],[146.8204,-33.5282],[146.8143,-33.5301],[146.8176,-33.5373],[146.8219,-33.5368],[146.8189,-33.5514],[146.8124,-33.5903],[146.8115,-33.5933],[146.809,-33.6074],[146.7205,-33.5967],[146.698,-33.5938],[146.5938,-33.5813],[146.5573,-33.5772],[146.5012,-33.5705],[146.4457,-33.5642],[146.4409,-33.5213],[146.4403,-33.5212],[146.3964,-33.5319],[146.3332,-33.5476],[146.2261,-33.5742],[146.2263,-33.5729],[146.2039,-33.5781],[146.1807,-33.5832],[146.1158,-33.5986],[146.0951,-33.6031],[146.0669,-33.5165],[146.054,-33.4758],[146.0612,-33.4194],[146.0671,-33.371],[146.0678,-33.3688],[146.0709,-33.3688],[146.0693,-33.3634],[146.0669,-33.3591],[146.0674,-33.3563],[146.0713,-33.3572],[146.0726,-33.3555],[146.071,-33.3501],[146.0745,-33.345],[146.0761,-33.3389],[146.0792,-33.3403],[146.0802,-33.3368],[146.0847,-33.3387],[146.0833,-33.3345],[146.0848,-33.3322],[146.0853,-33.3282],[146.0889,-33.3258],[146.0871,-33.3234],[146.0878,-33.3209],[146.0908,-33.3191],[146.0871,-33.3144],[146.0841,-33.3152],[146.0816,-33.3091],[146.0855,-33.3078],[146.0892,-33.3033],[146.0882,-33.3006],[146.0845,-33.2999],[146.0831,-33.2982],[146.0875,-33.2955],[146.0871,-33.2896],[146.0943,-33.2842],[146.0922,-33.2808],[146.093,-33.2775],[146.0951,-33.2762],[146.0749,-33.2406],[146.0589,-33.2118],[146.0689,-33.204],[146.0936,-33.1891],[146.0317,-33.0936],[145.9734,-33.0908],[145.9156,-33.0882],[145.9059,-33.0879],[145.9073,-33.0788],[145.8732,-33.0752],[145.8713,-33.0867],[145.7909,-33.0838],[145.7483,-33.0825],[145.7278,-33.0824],[145.714,-33.0832],[145.6865,-33.0819],[145.6453,-33.0801],[145.6585,-32.9985],[145.6685,-32.9364],[145.6516,-32.9358],[145.6653,-32.8484],[145.6719,-32.8057],[145.5865,-32.7962],[145.5951,-32.7377],[145.5566,-32.7336],[145.5544,-32.7363],[145.5525,-32.7495],[145.5526,-32.7562],[145.5492,-32.7648],[145.5569,-32.7657],[145.5603,-32.7568],[145.5687,-32.7579],[145.5599,-32.7818],[145.5506,-32.7918],[145.538,-32.7831],[145.5449,-32.7754],[145.5033,-32.77],[145.5103,-32.7288],[145.4665,-32.7239],[145.416,-32.7623],[145.4137,-32.776],[145.3306,-32.7667],[145.3443,-32.6825],[145.2573,-32.6713],[145.2494,-32.7244],[145.165,-32.7148],[145.1595,-32.7472],[145.1484,-32.8188],[145.14,-32.8731],[145.1273,-32.9547],[145.1188,-32.9537],[145.1087,-33.0266],[145.1076,-33.0337],[145.0277,-33.0219],[145.027,-33.0263],[145.0103,-33.0244],[145.008,-33.0355],[144.9917,-33.0337],[144.9936,-33.0225],[144.9849,-33.0216],[144.9844,-33.0259],[144.9875,-33.0264],[144.9823,-33.0633],[144.9864,-33.0667],[144.9859,-33.0705],[144.9809,-33.073],[144.9794,-33.0838],[144.9635,-33.082],[144.9628,-33.0873],[144.9411,-33.0848],[144.9423,-33.0783],[144.9089,-33.0744],[144.9131,-33.0491],[144.7982,-33.0362],[144.7889,-33.0947],[144.778,-33.1635],[144.7758,-33.158],[144.7704,-33.1578],[144.7682,-33.1616],[144.7604,-33.1607],[144.7601,-33.1568],[144.7545,-33.1532],[144.752,-33.1569],[144.753,-33.1601],[144.7476,-33.1615],[144.7477,-33.1653],[144.7499,-33.1673],[144.7487,-33.1714],[144.7426,-33.1703],[144.7419,-33.1736],[144.7334,-33.2318],[144.7051,-33.2285],[144.6457,-33.2224],[144.6426,-33.2411],[144.6122,-33.2378],[144.6094,-33.2563],[144.598,-33.2551],[144.5957,-33.27],[144.5802,-33.2684],[144.5776,-33.2849],[144.5775,-33.2886],[144.5492,-33.2855],[144.5469,-33.3],[144.5308,-33.2983],[144.5303,-33.2966],[144.4911,-33.293],[144.4887,-33.3005],[144.4718,-33.299],[144.4717,-33.2912],[144.4332,-33.2879],[144.433,-33.2804],[144.4157,-33.2792],[144.4138,-33.2865],[144.3687,-33.2827],[144.3674,-33.3075],[144.3588,-33.3082],[144.3577,-33.3228],[144.3666,-33.3241],[144.3651,-33.3599],[144.3948,-33.3632],[144.3847,-33.4251],[144.3824,-33.4398],[144.3915,-33.4406],[144.3907,-33.4465],[144.4417,-33.452],[144.4316,-33.5131],[144.4605,-33.5163],[144.4512,-33.5784],[144.4476,-33.6015],[144.5313,-33.6104],[144.5267,-33.6403],[144.5218,-33.6435],[144.5256,-33.6477],[144.5132,-33.7283],[144.5564,-33.7333],[144.5441,-33.8123],[144.5538,-33.8134],[144.5423,-33.8823],[144.5785,-33.8865],[144.5745,-33.9105],[144.5735,-33.9119],[144.5733,-33.9177],[144.568,-33.9496],[144.5612,-33.9488],[144.5524,-33.9997],[144.5626,-34.0007],[144.5582,-34.0284],[144.5787,-34.0306],[144.6508,-34.0389],[144.6503,-34.0422],[144.6541,-34.0414],[144.6599,-34.0422],[144.6667,-34.0461],[144.6875,-34.0485],[144.6887,-34.0523],[144.6881,-34.0551],[144.683,-34.0568],[144.6859,-34.0602],[144.6841,-34.0645],[144.6881,-34.0652],[144.6882,-34.069],[144.6797,-34.0729],[144.6772,-34.0762],[144.6756,-34.0811],[144.6759,-34.085],[144.6727,-34.0846],[144.6682,-34.0815],[144.6663,-34.0834],[144.6591,-34.082],[144.6536,-34.0823],[144.6505,-34.0808],[144.6415,-34.0828],[144.6391,-34.0859],[144.6351,-34.0844],[144.6337,-34.0879],[144.6263,-34.0888],[144.6257,-34.0925],[144.6234,-34.0941],[144.6244,-34.0968],[144.6214,-34.0975],[144.6188,-34.1001],[144.6145,-34.0999],[144.6113,-34.1025],[144.6104,-34.1053],[144.6072,-34.1064],[144.6057,-34.1153],[144.6038,-34.1179],[144.6002,-34.1189],[144.5935,-34.1167],[144.5921,-34.1189],[144.5865,-34.1199],[144.5847,-34.1263],[144.5786,-34.1299],[144.578,-34.1324],[144.571,-34.1326],[144.5643,-34.1317],[144.5609,-34.1301],[144.5598,-34.1339],[144.5558,-34.135],[144.5559,-34.1385],[144.5584,-34.1388],[144.5572,-34.1428],[144.5539,-34.144],[144.5515,-34.1491],[144.5537,-34.1518],[144.5489,-34.1536],[144.5479,-34.1578],[144.5489,-34.1597],[144.5476,-34.1633],[144.553,-34.1627],[144.551,-34.1674],[144.548,-34.1718],[144.5435,-34.1743],[144.5441,-34.1761],[144.5414,-34.1784],[144.539,-34.1773],[144.5377,-34.1814],[144.5316,-34.1842],[144.5304,-34.1862],[144.5264,-34.1836],[144.5194,-34.1849],[144.5188,-34.1903],[144.5083,-34.2034],[144.5029,-34.2059],[144.4996,-34.2096],[144.4991,-34.2126],[144.495,-34.2114],[144.492,-34.213],[144.4849,-34.2127],[144.4828,-34.2158],[144.4797,-34.2157],[144.4787,-34.218],[144.4754,-34.2171],[144.4739,-34.2206],[144.4715,-34.22],[144.4671,-34.2222],[144.462,-34.2184],[144.458,-34.2207],[144.4562,-34.2244],[144.4533,-34.2243],[144.4543,-34.2201],[144.4484,-34.2193],[144.4443,-34.2175],[144.4401,-34.2179],[144.4352,-34.2201],[144.4333,-34.2231],[144.4289,-34.2265],[144.4249,-34.2262],[144.4204,-34.2278],[144.4159,-34.2246],[144.4143,-34.2216],[144.4114,-34.2195],[144.4077,-34.2202],[144.4039,-34.2242],[144.4006,-34.2211],[144.3938,-34.2207],[144.3921,-34.2182],[144.3878,-34.2207],[144.3883,-34.2227],[144.3854,-34.2293],[144.3793,-34.2299],[144.3756,-34.2289],[144.3762,-34.2334],[144.3736,-34.238],[144.369,-34.2347],[144.3643,-34.237],[144.3665,-34.2392],[144.3625,-34.2406],[144.3568,-34.2374],[144.3531,-34.2392],[144.3489,-34.2379],[144.3496,-34.242],[144.3458,-34.2435],[144.3432,-34.2413],[144.3334,-34.2432],[144.3279,-34.2393],[144.3259,-34.2408],[144.3213,-34.2413],[144.3223,-34.2444],[144.3184,-34.2463],[144.3146,-34.2444],[144.3149,-34.2417],[144.3115,-34.2417],[144.309,-34.2389],[144.303,-34.2416],[144.299,-34.2443],[144.2958,-34.244],[144.2969,-34.2412],[144.2947,-34.2355],[144.2917,-34.2344],[144.2888,-34.2355],[144.2859,-34.2342],[144.2836,-34.2312],[144.2807,-34.2321],[144.2826,-34.2384],[144.2803,-34.2408],[144.2736,-34.241],[144.2701,-34.2377],[144.2727,-34.2354],[144.2685,-34.2341],[144.2645,-34.2379],[144.2608,-34.2364],[144.2591,-34.2334],[144.2523,-34.2317],[144.2463,-34.2345],[144.2399,-34.2327],[144.2381,-34.2343],[144.2388,-34.2379],[144.2426,-34.2409],[144.2403,-34.2426],[144.2377,-34.2411],[144.2338,-34.242],[144.2324,-34.2443],[144.2257,-34.2488],[144.2204,-34.2487],[144.2161,-34.2514],[144.2089,-34.2518],[144.2073,-34.2498],[144.2027,-34.248],[144.2007,-34.2495],[144.1978,-34.2485],[144.197,-34.2451],[144.1941,-34.2468],[144.1905,-34.244],[144.1858,-34.2433],[144.1854,-34.2397],[144.1826,-34.2397],[144.183,-34.2358],[144.1797,-34.2343],[144.1767,-34.2309],[144.1715,-34.2316],[144.1685,-34.2304],[144.1706,-34.2277],[144.1706,-34.2252],[144.1669,-34.2229],[144.1637,-34.2237],[144.1568,-34.2215],[144.1604,-34.2175],[144.1581,-34.2152],[144.1607,-34.2123],[144.1585,-34.2089],[144.1559,-34.2077],[144.1489,-34.2067],[144.1457,-34.2046],[144.1412,-34.2034],[144.1393,-34.2047],[144.1334,-34.1965],[144.1264,-34.1957],[144.1255,-34.1939],[144.121,-34.1942],[144.1176,-34.19],[144.1165,-34.1935],[144.1112,-34.1962],[144.108,-34.1997],[144.107,-34.2045],[144.1075,-34.2072],[144.1048,-34.2093],[144.1047,-34.2125],[144.1012,-34.2128],[144.0956,-34.2151],[144.093,-34.2114],[144.0851,-34.2154],[144.0834,-34.214],[144.0789,-34.2207],[144.0741,-34.2206],[144.0755,-34.2241],[144.074,-34.2298],[144.0774,-34.2319],[144.0731,-34.2362],[144.0769,-34.2369],[144.072,-34.2421],[144.0747,-34.2437],[144.0748,-34.2467],[144.0683,-34.2502],[144.0706,-34.2528],[144.0706,-34.2561],[144.0689,-34.2611],[144.0687,-34.2667],[144.064,-34.2686],[144.0631,-34.2733],[144.0556,-34.2761],[144.0515,-34.2728],[144.0487,-34.2743],[144.0452,-34.2735],[144.0426,-34.2747],[144.037,-34.2734],[144.0354,-34.2751],[143.9804,-34.3262],[143.9577,-34.3469],[143.9524,-34.349],[143.9496,-34.3558],[143.9519,-34.3586],[143.949,-34.3599],[143.9469,-34.357],[143.9354,-34.361],[143.9334,-34.3632],[143.9304,-34.3629],[143.9306,-34.3601],[143.9264,-34.3605],[143.9215,-34.3531],[143.9151,-34.353],[143.9165,-34.3488],[143.9137,-34.3455],[143.9167,-34.3437],[143.9178,-34.3407],[143.9133,-34.339],[143.9148,-34.3367],[143.9141,-34.3335],[143.9095,-34.3314],[143.9054,-34.3319],[143.8997,-34.3307],[143.8982,-34.3338],[143.8923,-34.3341],[143.8881,-34.3363],[143.8902,-34.3403],[143.8871,-34.3445],[143.8829,-34.3458],[143.8844,-34.3489],[143.8819,-34.3505],[143.8775,-34.3489],[143.8712,-34.3494],[143.8692,-34.3521],[143.8665,-34.3509],[143.8593,-34.3501],[143.8594,-34.3532],[143.8553,-34.3515],[143.845,-34.3552],[143.8422,-34.354],[143.8406,-34.357],[143.8456,-34.363],[143.8404,-34.3644],[143.8398,-34.3685],[143.8359,-34.3665],[143.8305,-34.3681],[143.8274,-34.3651],[143.8245,-34.367],[143.824,-34.3711],[143.82,-34.3708],[143.8169,-34.3744],[143.8146,-34.3706],[143.8126,-34.37],[143.8087,-34.378],[143.8049,-34.3798],[143.8023,-34.3767],[143.8006,-34.3726],[143.7948,-34.3738],[143.79,-34.3763],[143.7866,-34.3753],[143.7818,-34.3787],[143.7815,-34.383],[143.7777,-34.3844],[143.7799,-34.3884],[143.7848,-34.3855],[143.7863,-34.3868],[143.7841,-34.3921],[143.7785,-34.3903],[143.7717,-34.3896],[143.765,-34.394],[143.7662,-34.3967],[143.7606,-34.3963],[143.7544,-34.3969],[143.7511,-34.402],[143.7529,-34.4061],[143.7439,-34.41],[143.7433,-34.413],[143.739,-34.4127],[143.7395,-34.4154],[143.7348,-34.4189],[143.741,-34.4213],[143.736,-34.4234],[143.7316,-34.4236],[143.7363,-34.4287],[143.7361,-34.4323],[143.7327,-34.4322],[143.727,-34.4305],[143.7263,-34.4321],[143.7291,-34.4353],[143.7332,-34.4379],[143.7334,-34.4418],[143.7309,-34.4443],[143.7255,-34.4453],[143.7236,-34.4475],[143.7301,-34.4523],[143.7307,-34.4559],[143.7287,-34.458],[143.7305,-34.4621],[143.7257,-34.4621],[143.7257,-34.465],[143.7156,-34.4657],[143.7129,-34.4641],[143.7124,-34.4708],[143.7141,-34.4736],[143.7121,-34.4754],[143.7133,-34.4786],[143.7167,-34.4804],[143.7095,-34.4833],[143.7063,-34.4897],[143.7022,-34.4919],[143.6981,-34.4911],[143.6919,-34.4855],[143.6874,-34.4879],[143.6862,-34.4927],[143.6826,-34.4931],[143.6813,-34.4951],[143.6855,-34.4991],[143.6817,-34.5045],[143.6765,-34.5056],[143.6778,-34.5079],[143.6826,-34.5072],[143.687,-34.5102],[143.6845,-34.5128],[143.6873,-34.5153],[143.6807,-34.5169],[143.6833,-34.5209],[143.6785,-34.5208],[143.6772,-34.5244],[143.6739,-34.5229],[143.6641,-34.5234],[143.6587,-34.5224],[143.6566,-34.526],[143.6587,-34.5283],[143.6559,-34.5309],[143.6597,-34.5325],[143.6555,-34.5391],[143.6518,-34.5382],[143.6457,-34.5396],[143.6484,-34.5462],[143.6474,-34.549],[143.6428,-34.5523],[143.6439,-34.5549],[143.6439,-34.5599],[143.6368,-34.56],[143.6348,-34.5608],[143.6366,-34.5658],[143.6418,-34.5666],[143.6417,-34.5723],[143.6489,-34.572],[143.6493,-34.5685],[143.6524,-34.5696],[143.6531,-34.5719],[143.6519,-34.5755],[143.6478,-34.5756],[143.6408,-34.5777],[143.6407,-34.5795],[143.6367,-34.5823],[143.636,-34.5855],[143.64,-34.5879],[143.6379,-34.5908],[143.638,-34.5943],[143.6453,-34.5953],[143.6471,-34.5922],[143.6513,-34.594],[143.6488,-34.5957],[143.6472,-34.6008],[143.6541,-34.6001],[143.6564,-34.6025],[143.6565,-34.605],[143.6539,-34.6064],[143.6488,-34.6041],[143.6453,-34.607],[143.6508,-34.6122],[143.645,-34.614],[143.644,-34.6165],[143.6392,-34.6157],[143.6406,-34.6106],[143.6357,-34.6136],[143.6374,-34.6205],[143.6321,-34.6204],[143.6297,-34.6217],[143.6293,-34.6245],[143.622,-34.6254],[143.6242,-34.6288],[143.6233,-34.6312],[143.6191,-34.63],[143.6155,-34.6304],[143.6157,-34.6329],[143.6358,-34.6352],[143.6362,-34.637],[143.6277,-34.6894],[143.6003,-34.6863],[143.5995,-34.6903],[143.6003,-34.6926],[143.599,-34.6954],[143.5839,-34.6934],[143.5881,-34.6996],[143.5895,-34.7004],[143.5901,-34.7047],[143.5858,-34.7082],[143.581,-34.7139],[143.5793,-34.7216],[143.5819,-34.7252],[143.5802,-34.7287],[143.5772,-34.7315],[143.5748,-34.7356],[143.5416,-34.7317],[143.539,-34.7424],[143.5386,-34.7466],[143.5414,-34.7544],[143.5402,-34.7622],[143.5301,-34.7738],[143.5238,-34.7831],[143.5148,-34.804],[143.5087,-34.8217],[143.4923,-34.9226],[143.491,-34.9288],[143.4888,-34.9428],[143.4881,-34.9448],[143.4951,-34.9456],[143.491,-34.9724],[143.4848,-34.9718],[143.4835,-34.9692],[143.4805,-34.9695],[143.4741,-34.9679],[143.4764,-34.9621],[143.4792,-34.9584],[143.4788,-34.9554],[143.4806,-34.9493],[143.4782,-34.9444],[143.4707,-34.939],[143.4691,-34.937],[143.4662,-34.9253],[143.4712,-34.921],[143.4743,-34.9208],[143.4775,-34.9226],[143.4812,-34.9228],[143.4823,-34.9202],[143.4821,-34.9154],[143.4752,-34.9083],[143.4682,-34.9036],[143.461,-34.906],[143.4552,-34.9023],[143.4531,-34.9049],[143.455,-34.9073],[143.453,-34.9093],[143.4492,-34.9096],[143.4471,-34.908],[143.4447,-34.9019],[143.4486,-34.9008],[143.4489,-34.8989],[143.4462,-34.897],[143.4363,-34.8981],[143.4338,-34.8941],[143.4301,-34.8936],[143.4265,-34.8971],[143.4241,-34.8964],[143.4209,-34.8931],[143.4169,-34.8941],[143.4155,-34.8908],[143.4152,-34.8839],[143.4123,-34.8808],[143.4078,-34.881],[143.3988,-34.8759],[143.3968,-34.8731],[143.3966,-34.8699],[143.3948,-34.8684],[143.3892,-34.8703],[143.3848,-34.8706],[143.3843,-34.8753],[143.3817,-34.8758],[143.3771,-34.8727],[143.371,-34.8729],[143.3705,-34.8707],[143.3737,-34.8641],[143.3735,-34.859],[143.3691,-34.8588],[143.3665,-34.8616],[143.3666,-34.8657],[143.3641,-34.8743],[143.3614,-34.8767],[143.3558,-34.8767],[143.3523,-34.8744],[143.3513,-34.8712],[143.3544,-34.8657],[143.3549,-34.8614],[143.3522,-34.8585],[143.3493,-34.8601],[143.3482,-34.8645],[143.3426,-34.8664],[143.3385,-34.8697],[143.3373,-34.8749],[143.3422,-34.8756],[143.3407,-34.8783],[143.3412,-34.8815],[143.3359,-34.8802],[143.336,-34.8832],[143.3326,-34.8848],[143.3283,-34.8826],[143.3234,-34.8842],[143.3213,-34.8886],[143.3222,-34.8914],[143.3282,-34.8957],[143.3258,-34.8979],[143.3322,-34.9053],[143.3332,-34.9111],[143.3362,-34.9137],[143.3401,-34.9135],[143.342,-34.919],[143.3392,-34.9231],[143.3392,-34.928],[143.343,-34.9322],[143.3408,-34.9356],[143.3376,-34.9368],[143.3388,-34.9442],[143.3366,-34.9449],[143.3341,-34.9388],[143.3294,-34.9398],[143.3273,-34.9424],[143.3214,-34.9433],[143.3225,-34.9497],[143.3212,-34.9518],[143.3175,-34.9537],[143.3197,-34.9564],[143.3192,-34.9606],[143.3198,-34.969],[143.3229,-34.9711],[143.3213,-34.9739],[143.3235,-34.979],[143.3226,-34.9819],[143.3177,-34.9867],[143.3194,-34.9936],[143.3237,-34.9944],[143.3274,-34.9932],[143.3307,-34.9981],[143.3357,-35.0031],[143.3358,-35.0058],[143.3379,-35.0112],[143.3339,-35.0153],[143.3346,-35.0214],[143.3321,-35.0232],[143.3348,-35.0265],[143.3343,-35.0346],[143.3353,-35.0372],[143.3316,-35.0375],[143.328,-35.034],[143.3228,-35.0356],[143.3229,-35.0377],[143.3275,-35.0382],[143.3248,-35.0416],[143.3278,-35.0421],[143.3287,-35.0459],[143.3333,-35.0462],[143.3314,-35.0549],[143.3353,-35.0539],[143.3342,-35.0497],[143.3368,-35.0482],[143.3395,-35.0528],[143.34,-35.0562],[143.3374,-35.0593],[143.3388,-35.0625],[143.3412,-35.0627],[143.3429,-35.0596],[143.3454,-35.0623],[143.3478,-35.0626],[143.3509,-35.0653],[143.3501,-35.0701],[143.3471,-35.0684],[143.3467,-35.0655],[143.3419,-35.0647],[143.3396,-35.0671],[143.3397,-35.0711],[143.3437,-35.0719],[143.3455,-35.0747],[143.3431,-35.0763],[143.3433,-35.0789],[143.3379,-35.0802],[143.3416,-35.0825],[143.3428,-35.086],[143.3415,-35.0895],[143.3454,-35.094],[143.3443,-35.0992],[143.3482,-35.1051],[143.3537,-35.1025],[143.3531,-35.0997],[143.3605,-35.1025],[143.3582,-35.1038],[143.3587,-35.1101],[143.3621,-35.1143],[143.362,-35.1167],[143.3656,-35.1197],[143.3687,-35.1197],[143.3741,-35.1227],[143.377,-35.1292],[143.387,-35.1374],[143.387,-35.1426],[143.3909,-35.1448],[143.3902,-35.1492],[143.3837,-35.1538],[143.3827,-35.1563],[143.3858,-35.1581],[143.3866,-35.162],[143.3822,-35.1717],[143.3892,-35.1716],[143.3918,-35.1727],[143.3938,-35.1778],[143.3923,-35.1799],[143.3883,-35.1819],[143.3882,-35.1857],[143.393,-35.186],[143.3913,-35.189],[143.3948,-35.1922],[143.4013,-35.1905],[143.4047,-35.194],[143.4184,-35.1946],[143.4252,-35.1896],[143.4267,-35.1898],[143.4293,-35.1944],[143.4341,-35.1934],[143.4341,-35.1912],[143.4404,-35.1894],[143.4461,-35.1905],[143.4501,-35.1894],[143.4501,-35.1932],[143.4517,-35.1955],[143.456,-35.1964],[143.4588,-35.1999],[143.4593,-35.2037],[143.4648,-35.2033],[143.466,-35.2072],[143.4666,-35.2153],[143.4698,-35.2184],[143.4817,-35.2195],[143.4898,-35.2189],[143.494,-35.2203],[143.4986,-35.2181],[143.501,-35.2182],[143.5046,-35.215],[143.5111,-35.2126],[143.5165,-35.2128],[143.5187,-35.2115],[143.5246,-35.2199],[143.5295,-35.2198],[143.5309,-35.2184],[143.5366,-35.2169],[143.5431,-35.2166],[143.549,-35.2136],[143.5499,-35.2111],[143.5468,-35.2063],[143.5542,-35.2054],[143.5603,-35.2026],[143.5638,-35.2025],[143.5708,-35.2068],[143.5743,-35.2107],[143.5799,-35.2139],[143.5807,-35.2208],[143.5779,-35.2226],[143.5761,-35.2255],[143.5757,-35.2322],[143.5737,-35.235],[143.5647,-35.2355],[143.5636,-35.238],[143.5664,-35.2409],[143.5637,-35.2436],[143.5701,-35.246],[143.57,-35.2499],[143.5719,-35.2548],[143.5736,-35.2566],[143.5717,-35.2623],[143.5714,-35.2672],[143.5728,-35.269],[143.5763,-35.2658],[143.58,-35.2676],[143.583,-35.2735],[143.5898,-35.2724],[143.5902,-35.2743],[143.5846,-35.2794],[143.5901,-35.2807],[143.5901,-35.2825],[143.5833,-35.2865],[143.5807,-35.2906],[143.5812,-35.2926],[143.5757,-35.3031],[143.5708,-35.3014],[143.5694,-35.3027],[143.5719,-35.3062],[143.5676,-35.3082],[143.5663,-35.3136],[143.5629,-35.3177],[143.5631,-35.3217],[143.5616,-35.3244],[143.5638,-35.3288],[143.5625,-35.338],[143.5661,-35.3434],[143.5688,-35.3435],[143.5709,-35.3414],[143.5794,-35.34],[143.5818,-35.3414],[143.5832,-35.3447],[143.5892,-35.3474],[143.591,-35.3506],[143.5958,-35.3504],[143.5983,-35.3526],[143.5978,-35.355],[143.6028,-35.3608],[143.6037,-35.3658],[143.6079,-35.3665],[143.6101,-35.37],[143.613,-35.368],[143.6152,-35.3685],[143.6165,-35.3722],[143.6136,-35.3772],[143.6193,-35.3833],[143.6193,-35.3868],[143.6229,-35.3883],[143.625,-35.3868],[143.6245,-35.3836],[143.6274,-35.3809],[143.6304,-35.3849],[143.6342,-35.3868],[143.6293,-35.3919],[143.6316,-35.3955],[143.6378,-35.3965],[143.6405,-35.4009],[143.6428,-35.401],[143.6476,-35.3986],[143.6499,-35.3955],[143.654,-35.3945],[143.6572,-35.3856],[143.6631,-35.3851],[143.6675,-35.3864],[143.6681,-35.384],[143.6661,-35.3821],[143.6668,-35.3759],[143.6683,-35.3714],[143.6749,-35.3714],[143.6821,-35.3742],[143.6837,-35.3728],[143.6832,-35.3691],[143.6872,-35.3698],[143.6888,-35.3715],[143.6896,-35.3775],[143.6927,-35.3789],[143.693,-35.3839],[143.6964,-35.3841],[143.6983,-35.3808],[143.7033,-35.3788],[143.7014,-35.3859],[143.7018,-35.3887],[143.7042,-35.3897],[143.7082,-35.3857],[143.7116,-35.385],[143.7084,-35.3915],[143.7157,-35.3933],[143.726,-35.3906],[143.7304,-35.391],[143.7309,-35.3939],[143.7366,-35.3928],[143.7407,-35.3931],[143.7449,-35.3894],[143.7509,-35.3882],[143.7515,-35.3925],[143.7577,-35.3944],[143.7629,-35.392],[143.7646,-35.3932],[143.7633,-35.4011],[143.7684,-35.4017],[143.7672,-35.4072],[143.7652,-35.4099],[143.7602,-35.412],[143.7589,-35.4156],[143.7603,-35.4177],[143.7635,-35.4162],[143.7655,-35.4183],[143.763,-35.4204],[143.7646,-35.4236],[143.7684,-35.4222],[143.7724,-35.4238],[143.7852,-35.424],[143.7897,-35.423],[143.7939,-35.4299],[143.797,-35.4304],[143.7994,-35.4332],[143.8032,-35.4347],[143.8071,-35.4336],[143.8152,-35.4367],[143.8186,-35.4403],[143.8126,-35.4441],[143.8142,-35.4472],[143.8222,-35.446],[143.8228,-35.4513],[143.8278,-35.4558],[143.8377,-35.458],[143.84,-35.4579],[143.8453,-35.4632],[143.8485,-35.4637],[143.8536,-35.462],[143.8559,-35.4636],[143.8537,-35.4688],[143.8601,-35.475],[143.8584,-35.4789],[143.8616,-35.4801],[143.8639,-35.4778],[143.8678,-35.4814],[143.8703,-35.4809],[143.8752,-35.4825],[143.8769,-35.4864],[143.8809,-35.4875],[143.8833,-35.486],[143.8883,-35.4861],[143.8953,-35.4926],[143.8988,-35.4951],[143.9038,-35.4953],[143.9064,-35.5001],[143.9125,-35.4986],[143.9129,-35.4951],[143.9174,-35.4973],[143.9192,-35.5006],[143.922,-35.4996],[143.9238,-35.5015],[143.9311,-35.5012],[143.9323,-35.5052],[143.9359,-35.5059],[143.9365,-35.5028],[143.9418,-35.5017],[143.9453,-35.502],[143.949,-35.5007],[143.9535,-35.5037],[143.9596,-35.504],[143.9599,-35.5002],[143.9636,-35.4997],[143.9706,-35.5011],[143.9686,-35.5049],[143.9722,-35.5095],[143.9637,-35.5091],[143.9624,-35.5142],[143.9665,-35.5177],[143.97,-35.5189],[143.9696,-35.5232],[143.9723,-35.5258],[143.9753,-35.5328],[143.9772,-35.5339],[143.9838,-35.5337],[143.9891,-35.5351],[143.9909,-35.5338],[143.9959,-35.5348],[143.997,-35.5386],[143.9958,-35.5422],[143.9993,-35.5449],[143.9962,-35.5492],[143.9919,-35.5504],[143.9897,-35.553],[143.9936,-35.5561],[143.9963,-35.5556],[144.0004,-35.558],[144.0028,-35.5607],[144.0098,-35.5633],[144.0124,-35.5621],[144.0101,-35.5571],[144.0122,-35.5546],[144.0157,-35.5546],[144.0189,-35.5528],[144.0255,-35.5545],[144.0293,-35.5563],[144.0311,-35.5543],[144.0342,-35.5556],[144.0389,-35.5535],[144.0416,-35.5557],[144.0449,-35.5523],[144.0478,-35.5572],[144.0467,-35.5623],[144.0509,-35.5651],[144.0542,-35.5654],[144.0582,-35.5682],[144.0639,-35.5704],[144.0625,-35.5735],[144.0629,-35.5767],[144.0669,-35.578],[144.0695,-35.5801],[144.0758,-35.5813],[144.0789,-35.5841],[144.0874,-35.585],[144.0924,-35.5876],[144.0958,-35.5873],[144.1047,-35.5913],[144.1061,-35.5945],[144.1039,-35.5979],[144.1097,-35.5989],[144.11,-35.6019],[144.1131,-35.6025],[144.1136,-35.6053],[144.1107,-35.6069],[144.1159,-35.6134],[144.1138,-35.6161],[144.1148,-35.62],[144.1197,-35.6212],[144.1173,-35.6242],[144.1184,-35.6269],[144.126,-35.6314],[144.1268,-35.6338],[144.1305,-35.6362],[144.1312,-35.6405],[144.1365,-35.6401],[144.1388,-35.6415],[144.1408,-35.6468],[144.147,-35.6472],[144.1527,-35.6461],[144.1537,-35.6497],[144.1515,-35.6525],[144.1548,-35.6573],[144.1583,-35.658],[144.1586,-35.6614],[144.1622,-35.6676],[144.1629,-35.6717],[144.1667,-35.6707],[144.1719,-35.6721],[144.1734,-35.674],[144.1767,-35.6725],[144.1825,-35.6729],[144.1849,-35.6705],[144.1887,-35.6732],[144.1882,-35.6804],[144.1915,-35.681],[144.1954,-35.686],[144.2,-35.6867],[144.2016,-35.6846],[144.2137,-35.6884],[144.2159,-35.6923],[144.221,-35.6941],[144.2163,-35.6958],[144.2186,-35.6994],[144.216,-35.7021],[144.2165,-35.7071],[144.2205,-35.708],[144.2267,-35.7111],[144.2294,-35.7147],[144.2392,-35.7189],[144.2424,-35.7188],[144.2477,-35.7211],[144.2479,-35.7293],[144.2518,-35.7299],[144.2519,-35.7334],[144.2544,-35.7355],[144.2539,-35.7385],[144.2578,-35.741],[144.2615,-35.7458],[144.2612,-35.7491],[144.2674,-35.7536],[144.2709,-35.7513],[144.2747,-35.7462],[144.278,-35.7445],[144.2779,-35.7413],[144.2822,-35.7405],[144.2843,-35.7378],[144.2908,-35.7387],[144.2957,-35.7374],[144.2976,-35.7401],[144.3011,-35.7417],[144.2994,-35.7459],[144.2947,-35.75],[144.2938,-35.7533],[144.2956,-35.7547],[144.2988,-35.7518],[144.3012,-35.7531],[144.3049,-35.7573],[144.3079,-35.7563],[144.3082,-35.7535],[144.3107,-35.7495],[144.3134,-35.7505],[144.312,-35.7547],[144.3134,-35.7566],[144.3166,-35.7555],[144.3179,-35.7521],[144.3222,-35.7534],[144.3277,-35.753],[144.3265,-35.7561],[144.3233,-35.7565],[144.3209,-35.7585],[144.3218,-35.7639],[144.3186,-35.7669],[144.324,-35.7686],[144.327,-35.7658],[144.3309,-35.7655],[144.3337,-35.7699],[144.3363,-35.7702],[144.3401,-35.7687],[144.3434,-35.7716],[144.3458,-35.7678],[144.3489,-35.7702],[144.3467,-35.7738],[144.3482,-35.7757],[144.3523,-35.7753],[144.3527,-35.7772],[144.3509,-35.7848],[144.357,-35.79],[144.3612,-35.792],[144.3613,-35.7948],[144.3658,-35.7949],[144.3677,-35.7915],[144.3727,-35.7904],[144.3764,-35.7932],[144.3762,-35.7953],[144.3729,-35.7976],[144.3747,-35.8],[144.3748,-35.8029],[144.3721,-35.8056],[144.3717,-35.8081],[144.3668,-35.8099],[144.3689,-35.8132],[144.3657,-35.8167],[144.3644,-35.8208],[144.3655,-35.8238],[144.3711,-35.8243],[144.3722,-35.8214],[144.3785,-35.8193],[144.3824,-35.819],[144.3832,-35.8215],[144.3786,-35.8217],[144.3755,-35.8241],[144.3747,-35.8274],[144.3718,-35.8331],[144.3749,-35.8341],[144.3794,-35.8321],[144.3822,-35.8325],[144.3811,-35.836],[144.374,-35.8352],[144.3731,-35.8387],[144.3751,-35.8406],[144.3799,-35.8408],[144.3841,-35.8465],[144.3814,-35.8516],[144.3836,-35.8537],[144.388,-35.8544],[144.389,-35.8586],[144.3936,-35.8602],[144.3961,-35.859],[144.3979,-35.8623],[144.4004,-35.8603],[144.4072,-35.858],[144.4054,-35.8615],[144.4079,-35.8647],[144.4016,-35.8678],[144.4044,-35.8732],[144.4078,-35.876],[144.4041,-35.8785],[144.4041,-35.8813],[144.4072,-35.8839],[144.4111,-35.8853],[144.4147,-35.8943],[144.4085,-35.8984],[144.4074,-35.902],[144.4087,-35.9045],[144.4139,-35.9047],[144.4167,-35.9059],[144.4157,-35.9083],[144.4172,-35.9104],[144.4226,-35.9097],[144.4239,-35.9126],[144.4265,-35.9143],[144.4263,-35.9179],[144.4282,-35.9194],[144.4327,-35.9201],[144.4342,-35.9236],[144.4403,-35.9256],[144.4386,-35.9288],[144.4405,-35.9325],[144.4457,-35.9314],[144.4457,-35.9341],[144.4529,-35.937],[144.458,-35.936],[144.4607,-35.9392],[144.4619,-35.9338],[144.4657,-35.9334],[144.4662,-35.9361],[144.4637,-35.9374],[144.4631,-35.9398],[144.4657,-35.9409],[144.4699,-35.9394],[144.4715,-35.9414],[144.4665,-35.9438],[144.4667,-35.9463],[144.4709,-35.9458],[144.4746,-35.9482],[144.4788,-35.9452],[144.4805,-35.9478],[144.4775,-35.9518],[144.4809,-35.9529],[144.4834,-35.949],[144.4874,-35.9496],[144.4868,-35.9516],[144.4819,-35.9517],[144.4832,-35.9548],[144.4811,-35.9587],[144.4833,-35.9598],[144.4884,-35.9571],[144.4872,-35.9636],[144.4919,-35.966],[144.4959,-35.9692],[144.4994,-35.9657],[144.4998,-35.9597],[144.5035,-35.9597],[144.5027,-35.9635],[144.4994,-35.9669],[144.5003,-35.9699],[144.5046,-35.9711],[144.5084,-35.9698],[144.5117,-35.9648],[144.5155,-35.9668],[144.5111,-35.9696],[144.5103,-35.9724],[144.5134,-35.9741],[144.5178,-35.9688],[144.5215,-35.9701],[144.5218,-35.9735],[144.5176,-35.9776],[144.5165,-35.9803],[144.5167,-35.9867],[144.513,-35.9884],[144.5168,-35.9952],[144.5192,-35.9956],[144.5276,-35.9935],[144.531,-35.9947],[144.5362,-35.9989],[144.5409,-36.0008],[144.5466,-36],[144.5489,-36.0045],[144.5543,-36.0027],[144.5572,-36.0129],[144.561,-36.0118],[144.5609,-36.0078],[144.5641,-36.0074],[144.5658,-36.0123],[144.5645,-36.016],[144.5658,-36.0174],[144.5697,-36.0163],[144.5714,-36.0182],[144.5713,-36.0234],[144.5729,-36.0238],[144.5768,-36.021],[144.5801,-36.0206],[144.5826,-36.0222],[144.587,-36.0282],[144.5823,-36.0302],[144.584,-36.0336],[144.583,-36.0375],[144.5853,-36.0386],[144.5896,-36.0384],[144.5908,-36.0421],[144.5929,-36.0421],[144.5967,-36.038],[144.6,-36.0371],[144.6031,-36.0414],[144.6055,-36.0421],[144.6097,-36.0397],[144.6056,-36.0362],[144.6114,-36.0322],[144.6165,-36.0318],[144.6158,-36.0353],[144.6193,-36.0389],[144.6146,-36.0413],[144.6176,-36.0447],[144.6177,-36.0476],[144.6148,-36.0505],[144.6113,-36.0572],[144.6113,-36.0598],[144.6091,-36.0636],[144.6163,-36.0674],[144.6115,-36.0715],[144.6151,-36.0738],[144.6175,-36.0766],[144.6218,-36.0753],[144.621,-36.0702],[144.6273,-36.0661],[144.6269,-36.0642],[144.6195,-36.0633],[144.6191,-36.0589],[144.6267,-36.0609],[144.6271,-36.0583],[144.6247,-36.0528],[144.6335,-36.0474],[144.638,-36.0471],[144.6421,-36.0552],[144.646,-36.0551],[144.6457,-36.052],[144.6485,-36.0503],[144.6518,-36.0516],[144.654,-36.0541],[144.6526,-36.0628],[144.6545,-36.0674],[144.6535,-36.0729],[144.6588,-36.0703],[144.6614,-36.0757],[144.6638,-36.0763],[144.6661,-36.0742],[144.6654,-36.0714],[144.6677,-36.0683],[144.6712,-36.0708],[144.6734,-36.0679],[144.6776,-36.0685],[144.679,-36.0657],[144.6785,-36.062],[144.6899,-36.0615],[144.6886,-36.0652],[144.6893,-36.0673],[144.6929,-36.0691],[144.691,-36.0736],[144.6868,-36.0755],[144.6864,-36.0814],[144.6831,-36.0835],[144.6853,-36.0901],[144.6842,-36.0946],[144.6874,-36.0958],[144.6925,-36.0908],[144.6953,-36.093],[144.6978,-36.0928],[144.6979,-36.0878],[144.702,-36.0883],[144.7038,-36.0911],[144.7067,-36.0924],[144.7112,-36.091],[144.7143,-36.0863],[144.718,-36.0852],[144.72,-36.0866],[144.7216,-36.0903],[144.7242,-36.0929],[144.725,-36.0997],[144.7194,-36.1013],[144.7202,-36.1063],[144.7182,-36.1098],[144.7192,-36.1135],[144.7229,-36.1139],[144.7278,-36.1173],[144.7337,-36.1166],[144.7311,-36.1129],[144.7333,-36.1109],[144.7409,-36.1072],[144.7441,-36.1091],[144.7453,-36.1164],[144.7486,-36.1213],[144.7547,-36.1215],[144.7579,-36.1183],[144.7639,-36.1193],[144.768,-36.1157],[144.7725,-36.116],[144.7719,-36.1196],[144.774,-36.1206],[144.7738,-36.124],[144.7767,-36.1288],[144.7855,-36.1277],[144.7875,-36.1247],[144.7866,-36.1213],[144.7917,-36.1221],[144.7941,-36.1173],[144.7983,-36.1136],[144.8001,-36.1146],[144.7962,-36.1177],[144.797,-36.1195],[144.8029,-36.1203],[144.8057,-36.1233],[144.8087,-36.1224],[144.8093,-36.1186],[144.8125,-36.1154],[144.8085,-36.1138],[144.8061,-36.1073],[144.8075,-36.1068],[144.8134,-36.1101],[144.8158,-36.1094],[144.8097,-36.1033],[144.8129,-36.1024],[144.8176,-36.105],[144.8191,-36.1073],[144.8235,-36.1027],[144.8306,-36.1022],[144.8363,-36.0984],[144.8403,-36.1005],[144.8424,-36.0999],[144.8427,-36.0958],[144.8399,-36.094],[144.8436,-36.0923],[144.8419,-36.0876],[144.8423,-36.0826],[144.8464,-36.0811],[144.8506,-36.0807],[144.8491,-36.0761],[144.8469,-36.0732],[144.8514,-36.0716],[144.8567,-36.0654],[144.8591,-36.0654],[144.8637,-36.0677],[144.8631,-36.0589],[144.8671,-36.0593],[144.8731,-36.0577],[144.8805,-36.0595],[144.8834,-36.0615],[144.8886,-36.0632],[144.8949,-36.0634],[144.8978,-36.0625],[144.9016,-36.0634],[144.9048,-36.061],[144.9095,-36.0641],[144.9136,-36.0631],[144.9194,-36.0642],[144.9234,-36.0658],[144.933,-36.0672],[144.9342,-36.0692],[144.9377,-36.0694],[144.9387,-36.0731],[144.9371,-36.0759],[144.9402,-36.0782],[144.945,-36.08],[144.9466,-36.0821],[144.9514,-36.0824],[144.9543,-36.0792],[144.9592,-36.0797],[144.9658,-36.0789],[144.9743,-36.0757],[144.9762,-36.0736],[144.9815,-36.0721],[144.9826,-36.0685],[144.9866,-36.0642],[144.9856,-36.0568],[144.9837,-36.0548],[144.9832,-36.0507],[144.9818,-36.0486],[144.9712,-36.0453],[144.9676,-36.0422],[144.9655,-36.0375],[144.9664,-36.0307],[144.9621,-36.0272],[144.9619,-36.0193],[144.958,-36.0199],[144.9548,-36.019],[144.9537,-36.0166],[144.9471,-36.0136],[144.9452,-36.011],[144.947,-36.0094],[144.9465,-36.0053],[144.9428,-36.0022],[144.9356,-35.9991],[144.9313,-35.994],[144.9298,-35.9907],[144.9233,-35.9886],[144.9238,-35.981],[144.9257,-35.9743],[144.9293,-35.9719],[144.9312,-35.968],[144.9369,-35.9661],[144.9399,-35.9672],[144.9453,-35.9632],[144.9497,-35.9633],[144.9549,-35.9624],[144.9572,-35.9602],[144.9567,-35.9568],[144.9537,-35.9516],[144.9549,-35.9471],[144.9501,-35.9417],[144.95,-35.9371],[144.9512,-35.9354],[144.9487,-35.9316],[144.9498,-35.926],[144.9515,-35.9243],[144.9526,-35.9166],[144.9581,-35.9117],[144.9617,-35.9114],[144.9672,-35.9028],[144.9644,-35.8961],[144.9685,-35.8912],[144.9726,-35.8882],[144.9746,-35.883],[144.9696,-35.8791],[144.9717,-35.8729],[144.9685,-35.8707],[144.9694,-35.8678],[144.968,-35.8654],[144.9704,-35.861],[144.975,-35.8608],[144.9784,-35.8587],[144.9814,-35.8595],[144.9845,-35.8575],[144.9905,-35.859],[144.993,-35.856],[144.9945,-35.852],[144.9985,-35.8546],[145,-35.8499],[145.0034,-35.8508],[145.0066,-35.8558],[145.013,-35.8572],[145.0205,-35.8553],[145.0229,-35.8528],[145.0257,-35.8471],[145.03,-35.8495],[145.0363,-35.8465],[145.0378,-35.8442],[145.037,-35.8404],[145.0416,-35.841],[145.0466,-35.8373],[145.0482,-35.8343],[145.0511,-35.8389],[145.0573,-35.8353],[145.0597,-35.8371],[145.0681,-35.835],[145.0718,-35.8328],[145.073,-35.8296],[145.0779,-35.8299],[145.0776,-35.8273],[145.084,-35.8279],[145.0878,-35.8252],[145.0924,-35.8264],[145.0932,-35.8281],[145.0892,-35.8308],[145.0909,-35.8356],[145.0938,-35.832],[145.1004,-35.8259],[145.1042,-35.8284],[145.114,-35.8204],[145.1138,-35.8253],[145.1181,-35.824],[145.1199,-35.8212],[145.1222,-35.8212],[145.1219,-35.826],[145.1233,-35.8288],[145.1296,-35.828],[145.1341,-35.8284],[145.1344,-35.8327],[145.1381,-35.833],[145.14,-35.8285],[145.1438,-35.8319],[145.1485,-35.8335],[145.1545,-35.8302],[145.1588,-35.831],[145.157,-35.8389],[145.153,-35.8409],[145.1534,-35.8427],[145.1583,-35.8418],[145.1651,-35.8428],[145.1729,-35.8388],[145.1791,-35.8418],[145.182,-35.8405],[145.1817,-35.8365],[145.1835,-35.8347],[145.1869,-35.8354],[145.19,-35.8343],[145.1936,-35.8378],[145.1962,-35.8355],[145.1994,-35.8354],[145.2054,-35.8381],[145.2079,-35.8381],[145.2122,-35.836],[145.217,-35.8375],[145.215,-35.8409],[145.2184,-35.8425],[145.2218,-35.8423],[145.2238,-35.8407],[145.2228,-35.8354],[145.2239,-35.8326],[145.2291,-35.8332],[145.2348,-35.8296],[145.2366,-35.8323],[145.2414,-35.8336],[145.2446,-35.8311],[145.2472,-35.8308],[145.2532,-35.8352],[145.2607,-35.836],[145.2602,-35.8401],[145.2632,-35.8432],[145.2576,-35.8489],[145.2616,-35.85],[145.2653,-35.8523],[145.268,-35.8514],[145.2706,-35.8455],[145.2725,-35.8454],[145.2771,-35.8496],[145.2798,-35.8533],[145.2833,-35.851],[145.2833,-35.8558],[145.2851,-35.8567],[145.2905,-35.8541],[145.2923,-35.8546],[145.2927,-35.8584],[145.2962,-35.8605],[145.302,-35.8585],[145.307,-35.8604],[145.31,-35.8599],[145.3121,-35.8556],[145.3169,-35.8551],[145.3241,-35.8507],[145.3278,-35.8538],[145.3308,-35.8542],[145.3342,-35.8563],[145.3365,-35.8594],[145.3424,-35.8625],[145.3503,-35.8608],[145.3523,-35.8657],[145.3549,-35.867],[145.3586,-35.8655],[145.3603,-35.8612],[145.3704,-35.8584],[145.3736,-35.8594],[145.3775,-35.8586],[145.3798,-35.8549],[145.3886,-35.85],[145.3926,-35.8505],[145.3988,-35.8496],[145.4034,-35.8507],[145.4071,-35.8503],[145.4111,-35.8478],[145.4102,-35.8443],[145.4106,-35.836],[145.4181,-35.8379],[145.4197,-35.8352],[145.4149,-35.8332],[145.4184,-35.8306],[145.4198,-35.8282],[145.4265,-35.83],[145.4278,-35.8333],[145.4301,-35.8342],[145.4345,-35.8304],[145.4364,-35.8302],[145.4391,-35.8348],[145.443,-35.8353],[145.4446,-35.8327],[145.4483,-35.8299],[145.4477,-35.8266],[145.4502,-35.8215],[145.4532,-35.8211],[145.4568,-35.8259],[145.4617,-35.8271],[145.4637,-35.8253],[145.4637,-35.8226],[145.4689,-35.8177],[145.4675,-35.8134],[145.474,-35.8091],[145.4752,-35.8124],[145.4786,-35.8104],[145.4831,-35.8137],[145.4871,-35.8123],[145.4895,-35.8143],[145.494,-35.8138],[145.4958,-35.809],[145.5025,-35.8099],[145.5049,-35.8116],[145.511,-35.8122],[145.5129,-35.816],[145.5182,-35.8183],[145.5245,-35.8179],[145.5234,-35.8135],[145.5284,-35.8108],[145.5274,-35.8066],[145.5318,-35.8051],[145.535,-35.8082],[145.5404,-35.8081],[145.5418,-35.8096],[145.5366,-35.8168],[145.5365,-35.8206],[145.5422,-35.8221],[145.5458,-35.8136],[145.5481,-35.8128],[145.5537,-35.815],[145.5604,-35.813],[145.5628,-35.8162],[145.5577,-35.8177],[145.557,-35.8208],[145.5593,-35.8236],[145.5569,-35.8265],[145.5593,-35.829],[145.5658,-35.8258],[145.5674,-35.8286],[145.5637,-35.8313],[145.5635,-35.8337],[145.5693,-35.8345],[145.5705,-35.837],[145.5759,-35.8394],[145.5806,-35.8482],[145.5916,-35.8493],[145.5936,-35.8501],[145.5929,-35.8548],[145.5875,-35.8583],[145.5863,-35.8604],[145.5884,-35.8624],[145.5949,-35.8609],[145.5977,-35.863],[145.5947,-35.8685],[145.5953,-35.8701],[145.6024,-35.8753],[145.6053,-35.8741],[145.6015,-35.8695],[145.6027,-35.8675],[145.6062,-35.8698],[145.6107,-35.8705],[145.614,-35.8659],[145.6242,-35.8619],[145.6272,-35.8633],[145.6278,-35.8677],[145.6189,-35.8689],[145.6166,-35.8705],[145.6149,-35.8737],[145.6186,-35.8753],[145.6222,-35.8731],[145.6266,-35.8736],[145.6268,-35.8771],[145.6233,-35.8782],[145.6198,-35.8829],[145.6226,-35.8847],[145.625,-35.8839],[145.6272,-35.8805],[145.6299,-35.8809],[145.6323,-35.8879],[145.6368,-35.8896],[145.6398,-35.8943],[145.6483,-35.8939],[145.6516,-35.8997],[145.6566,-35.9004],[145.659,-35.9034],[145.6609,-35.9118],[145.6627,-35.9133],[145.6675,-35.9126],[145.6689,-35.9139],[145.6687,-35.9181],[145.6722,-35.9198],[145.6757,-35.9171],[145.6782,-35.9199],[145.6734,-35.9229],[145.6737,-35.9257],[145.6786,-35.9264],[145.6826,-35.93],[145.6867,-35.9305],[145.6876,-35.9279],[145.6864,-35.9254],[145.6877,-35.9235],[145.6936,-35.9212],[145.6983,-35.921],[145.7034,-35.9245],[145.7019,-35.9267],[145.6978,-35.9246],[145.6955,-35.9255],[145.6972,-35.9303],[145.6962,-35.9342],[145.6978,-35.9368],[145.7016,-35.9363],[145.7063,-35.932],[145.7086,-35.9325],[145.711,-35.936],[145.7139,-35.9372],[145.7216,-35.9357],[145.7231,-35.9392],[145.7257,-35.9413],[145.7273,-35.9452],[145.7252,-35.9461],[145.7215,-35.9441],[145.7168,-35.9452],[145.7156,-35.9488],[145.7168,-35.9509],[145.7206,-35.951],[145.7227,-35.9532],[145.7259,-35.9537],[145.7306,-35.9508],[145.7339,-35.9512],[145.7362,-35.9548],[145.7317,-35.9558],[145.731,-35.9591],[145.7336,-35.9602],[145.7394,-35.959],[145.744,-35.9591],[145.7431,-35.9621],[145.7466,-35.9643],[145.7531,-35.9619],[145.7566,-35.9589],[145.7588,-35.9586],[145.7627,-35.9617],[145.7639,-35.9658],[145.7664,-35.9662],[145.7689,-35.9627],[145.7723,-35.9629],[145.7769,-35.96],[145.7815,-35.9632],[145.7781,-35.9667],[145.7765,-35.9715],[145.7778,-35.9729],[145.7843,-35.972],[145.788,-35.9751],[145.7933,-35.973],[145.7923,-35.9773],[145.7929,-35.9819],[145.7953,-35.9834],[145.799,-35.983],[145.8031,-35.9839],[145.8062,-35.9829],[145.8086,-35.9841],[145.807,-35.9885],[145.808,-35.9905],[145.8148,-35.9916],[145.8167,-35.9888],[145.8135,-35.9847],[145.817,-35.9826],[145.8234,-35.9844],[145.8283,-35.9834],[145.8291,-35.9803],[145.825,-35.9787],[145.8284,-35.9759],[145.8357,-35.9768],[145.8372,-35.9831],[145.8444,-35.983],[145.8481,-35.9816],[145.8483,-35.9778],[145.845,-35.9756],[145.8471,-35.9734],[145.8523,-35.9762],[145.8558,-35.9768],[145.8591,-35.9748],[145.8591,-35.9712],[145.8497,-35.9694],[145.8486,-35.9682],[145.8537,-35.9656],[145.8528,-35.9618],[145.8552,-35.9597],[145.8605,-35.9609],[145.8644,-35.9584],[145.8668,-35.9583],[145.8713,-35.9559],[145.8772,-35.9557],[145.8818,-35.9578],[145.8846,-35.9563],[145.8913,-35.9566],[145.8931,-35.9539],[145.9026,-35.9525],[145.9092,-35.9544],[145.9105,-35.9568],[145.9077,-35.959],[145.9033,-35.9598],[145.9006,-35.9617],[145.9015,-35.9661],[145.9073,-35.9637],[145.9116,-35.9672],[145.9163,-35.9646],[145.9232,-35.9642],[145.9278,-35.9659],[145.9279,-35.9686],[145.9255,-35.9698],[145.9278,-35.9737],[145.935,-35.9728],[145.936,-35.9694],[145.9394,-35.9687],[145.9443,-35.9621],[145.9466,-35.9613],[145.9531,-35.9611],[145.9544,-35.9646],[145.9495,-35.9646],[145.945,-35.9658],[145.9452,-35.9698],[145.9493,-35.9723],[145.9515,-35.9766],[145.9499,-35.9789],[145.9461,-35.9787],[145.946,-35.9832],[145.9522,-35.9836],[145.9528,-35.9919],[145.9564,-35.9927],[145.9605,-35.9958],[145.965,-35.9975],[145.9584,-36.004],[145.9587,-36.0077],[145.9633,-36.009],[145.9678,-36.0058],[145.9713,-36.0057],[145.9735,-36.0079],[145.9694,-36.0136],[145.9721,-36.0157],[145.9749,-36.0136],[145.9752,-36.0092],[145.9788,-36.0094],[145.9817,-36.0117],[145.9891,-36.0131],[146.0016,-36.0083],[146.0055,-36.003],[146.0072,-36.0027],[146.0131,-36.0054],[146.0167,-36.0049],[146.0236,-35.9982],[146.0328,-35.9948],[146.0366,-35.9996],[146.0409,-36.0011],[146.0434,-35.9998],[146.0487,-36.0028],[146.0523,-36.0018],[146.0535,-35.9962],[146.0565,-35.9991],[146.0583,-36.0114],[146.061,-36.0148],[146.0687,-36.0153],[146.0723,-36.0147],[146.0753,-36.0174],[146.0811,-36.0176],[146.0854,-36.0193],[146.0889,-36.0192],[146.0936,-36.0211],[146.0963,-36.02],[146.0965,-36.0164],[146.0925,-36.014],[146.0909,-36.0106],[146.0939,-36.0095],[146.0993,-36.0132],[146.1028,-36.0124],[146.1054,-36.0087],[146.1086,-36.0071],[146.114,-36.0078],[146.1084,-36.0138],[146.1105,-36.0157],[146.1196,-36.0169],[146.1235,-36.0142],[146.1263,-36.0102],[146.1307,-36.0085],[146.1317,-36.0044],[146.1343,-36.0031],[146.1381,-36.0049],[146.1399,-36.0095],[146.1343,-36.009],[146.1317,-36.0119],[146.1327,-36.0142],[146.1309,-36.0177],[146.1337,-36.0206],[146.1369,-36.0186],[146.1418,-36.0174],[146.1455,-36.0143],[146.1461,-36.0199],[146.1529,-36.0246],[146.1581,-36.022],[146.1632,-36.0245],[146.1742,-36.0203],[146.1785,-36.0288],[146.1772,-36.0332],[146.1823,-36.0338],[146.1819,-36.0358],[146.1789,-36.0384],[146.1833,-36.0398],[146.1854,-36.042],[146.1886,-36.0415],[146.1906,-36.0385],[146.1977,-36.0337],[146.1996,-36.0374],[146.2059,-36.0389],[146.2113,-36.0292],[146.2141,-36.0296],[146.2159,-36.0338],[146.214,-36.0362],[146.2202,-36.0369],[146.2218,-36.0349],[146.2215,-36.0302],[146.2283,-36.029],[146.2284,-36.0328],[146.2321,-36.0332],[146.2339,-36.0285],[146.2384,-36.028],[146.2428,-36.029],[146.2445,-36.0271],[146.2433,-36.0235],[146.2487,-36.0245],[146.2502,-36.0214],[146.2457,-36.0207],[146.2449,-36.0187],[146.2482,-36.0172],[146.2501,-36.0195],[146.2526,-36.0187],[146.2531,-36.0161],[146.2581,-36.0148],[146.2618,-36.0158],[146.2614,-36.0215],[146.2665,-36.0209],[146.2677,-36.0246],[146.272,-36.0268],[146.2788,-36.0236],[146.2791,-36.0204],[146.2745,-36.0198],[146.2788,-36.0158],[146.2814,-36.0166],[146.2848,-36.0142],[146.2881,-36.0151],[146.2889,-36.0183],[146.2914,-36.0201],[146.2855,-36.0215],[146.2816,-36.024],[146.2851,-36.0278],[146.2924,-36.0252],[146.2932,-36.029],[146.2917,-36.0302],[146.2864,-36.0303],[146.2869,-36.0338],[146.2908,-36.035],[146.2841,-36.0378],[146.2827,-36.0408],[146.285,-36.0422],[146.2877,-36.0399],[146.2912,-36.0389],[146.2912,-36.0421],[146.2928,-36.0457],[146.2999,-36.0478],[146.2974,-36.0402],[146.301,-36.0367],[146.3014,-36.0417],[146.3041,-36.0434],[146.3069,-36.0398],[146.3096,-36.0402],[146.3119,-36.0449],[146.3157,-36.0444],[146.3153,-36.0392],[146.3184,-36.0398],[146.3206,-36.0427],[146.3241,-36.0417],[146.3274,-36.0434],[146.3305,-36.0423],[146.3314,-36.0356],[146.3265,-36.0351],[146.3258,-36.0337],[146.3315,-36.0266],[146.3351,-36.0277],[146.3378,-36.0263],[146.3459,-36.0293],[146.3474,-36.0387],[146.3504,-36.0418],[146.358,-36.0408],[146.362,-36.0435],[146.3673,-36.0504],[146.3708,-36.0506],[146.3736,-36.0468],[146.379,-36.0458],[146.3798,-36.0424],[146.3761,-36.0392],[146.3773,-36.0381],[146.3833,-36.0392],[146.3877,-36.0355],[146.3856,-36.0322],[146.3797,-36.0283],[146.3786,-36.0225],[146.3804,-36.0132],[146.3858,-36.0083],[146.39,-36.0068],[146.397,-36.0082],[146.4,-36.0042],[146.3979,-35.9986],[146.3984,-35.9958],[146.4024,-35.9892],[146.4063,-35.9871],[146.4143,-35.9847],[146.4157,-35.9826],[146.4143,-35.9755],[146.419,-35.9784],[146.4206,-35.9767],[146.419,-35.9737],[146.4244,-35.9732],[146.4245,-35.9716],[146.4216,-35.9671],[146.4254,-35.964],[146.4367,-35.9669],[146.4385,-35.9692],[146.4386,-35.9728],[146.4418,-35.9758],[146.4459,-35.9729],[146.4474,-35.9656],[146.4538,-35.9622],[146.4565,-35.9665],[146.4621,-35.9662],[146.4626,-35.9707],[146.4683,-35.975],[146.4685,-35.9775],[146.4651,-35.9808],[146.4674,-35.9842],[146.4709,-35.9819],[146.4738,-35.9841],[146.4773,-35.9837],[146.4806,-35.987],[146.4852,-35.9859],[146.4872,-35.9866],[146.4879,-35.9901],[146.4903,-35.9914],[146.4991,-35.9912],[146.5027,-35.9883],[146.5027,-35.9843],[146.4979,-35.986],[146.4936,-35.9863],[146.4928,-35.9847],[146.4989,-35.9814],[146.5012,-35.9791],[146.4967,-35.9742],[146.4978,-35.9679],[146.5013,-35.9627],[146.5014,-35.9585],[146.5071,-35.9602],[146.5121,-35.964],[146.5153,-35.9636],[146.519,-35.96],[146.5215,-35.9631],[146.5198,-35.9667],[146.5205,-35.9696],[146.5259,-35.9699],[146.5325,-35.9765],[146.5313,-35.9828],[146.5333,-35.9845],[146.5372,-35.982],[146.5383,-35.9842],[146.5469,-35.9903],[146.5505,-35.9922],[146.5559,-35.9888],[146.5537,-35.9853],[146.555,-35.9831],[146.5523,-35.9792],[146.5579,-35.979],[146.5602,-35.9769],[146.559,-35.9715],[146.5619,-35.9687],[146.5656,-35.9704],[146.5624,-35.9731],[146.5624,-35.9752],[146.5679,-35.9772],[146.5697,-35.979],[146.5761,-35.9784],[146.5813,-35.9832],[146.5854,-35.9832],[146.5867,-35.9806],[146.5834,-35.9767],[146.5837,-35.9751],[146.5898,-35.9738],[146.5948,-35.9743],[146.5989,-35.9707],[146.6,-35.9746],[146.6038,-35.9726],[146.6077,-35.974],[146.6119,-35.9721],[146.6176,-35.9741],[146.6182,-35.9759],[146.6111,-35.9788],[146.616,-35.9824],[146.608,-35.9859],[146.6096,-35.9894],[146.6131,-35.9904],[146.6131,-35.9949],[146.6165,-35.9957],[146.6183,-35.9932],[146.6221,-35.9957],[146.6224,-35.9994],[146.6267,-35.9985],[146.6309,-36.0028],[146.6376,-36.0062],[146.6394,-36.0087],[146.6442,-36.0072],[146.651,-36.008],[146.6496,-36.0129],[146.6523,-36.0148],[146.6575,-36.0138],[146.6588,-36.016],[146.657,-36.0179],[146.6524,-36.0171],[146.6504,-36.018],[146.6526,-36.0216],[146.6577,-36.0214],[146.655,-36.0246],[146.6559,-36.0262],[146.6619,-36.0262],[146.665,-36.0291],[146.6694,-36.0281],[146.6656,-36.0218],[146.6685,-36.0213],[146.6707,-36.0253],[146.6741,-36.0219],[146.6792,-36.0219],[146.6816,-36.0236],[146.6814,-36.026],[146.677,-36.0268],[146.6764,-36.0297],[146.6819,-36.0291],[146.6826,-36.0308],[146.6797,-36.0334],[146.6819,-36.0382],[146.687,-36.0408],[146.6943,-36.0352],[146.6947,-36.0333],[146.7022,-36.0336],[146.7057,-36.0357],[146.7099,-36.0345],[146.7061,-36.0307],[146.7124,-36.0291],[146.7164,-36.0266],[146.7197,-36.0286],[146.7273,-36.0267],[146.7302,-36.0314],[146.7325,-36.0314],[146.7346,-36.037],[146.7308,-36.0399],[146.7304,-36.044],[146.735,-36.0481],[146.7408,-36.0455],[146.7427,-36.0475],[146.7464,-36.0467],[146.75,-36.0417],[146.7529,-36.0435],[146.7477,-36.0533],[146.747,-36.0584],[146.7507,-36.0614],[146.7534,-36.0607],[146.7594,-36.0527],[146.7632,-36.0529],[146.7595,-36.0565],[146.7623,-36.0592],[146.7651,-36.0569],[146.7698,-36.0589],[146.7716,-36.0579],[146.7773,-36.06],[146.7801,-36.0642],[146.7835,-36.0634],[146.7818,-36.06],[146.7882,-36.0594],[146.7867,-36.0626],[146.7922,-36.0637],[146.794,-36.0651],[146.7987,-36.0637],[146.798,-36.0619],[146.7941,-36.0615],[146.7956,-36.0573],[146.7993,-36.0585],[146.8037,-36.0577],[146.806,-36.0607],[146.8145,-36.064],[146.813,-36.0679],[146.8147,-36.0725],[146.8172,-36.0743],[146.8224,-36.0699],[146.8256,-36.0705],[146.8239,-36.0757],[146.8266,-36.0787],[146.8211,-36.084],[146.8224,-36.087],[146.8268,-36.0882],[146.8295,-36.0859],[146.8337,-36.086],[146.8359,-36.0827],[146.8456,-36.0858],[146.8492,-36.0862],[146.8512,-36.0837],[146.8553,-36.085],[146.8605,-36.083],[146.86,-36.077],[146.8656,-36.0787],[146.8642,-36.0748],[146.8654,-36.0731],[146.8724,-36.0742],[146.8765,-36.0801],[146.8766,-36.0825],[146.88,-36.0868],[146.8841,-36.0868],[146.8884,-36.088],[146.8949,-36.0856],[146.8973,-36.0859],[146.9005,-36.0833],[146.9062,-36.0842],[146.9025,-36.0874],[146.9051,-36.0899],[146.9054,-36.0928],[146.9032,-36.0975],[146.9036,-36.0994],[146.9083,-36.0996],[146.9094,-36.1025],[146.912,-36.1045],[146.9107,-36.1066],[146.9068,-36.1074],[146.9071,-36.1107],[146.9142,-36.1125],[146.9165,-36.1116],[146.9183,-36.1083],[146.923,-36.109],[146.9258,-36.1073],[146.9251,-36.1039],[146.9215,-36.1014],[146.9245,-36.0978],[146.9296,-36.0986],[146.9282,-36.101],[146.928,-36.1056],[146.9345,-36.1113],[146.9391,-36.1129],[146.9427,-36.116],[146.9496,-36.1128],[146.9526,-36.1101],[146.9491,-36.1068],[146.9489,-36.1014],[146.9521,-36.0985],[146.9505,-36.094],[146.953,-36.0923],[146.9567,-36.0927],[146.9585,-36.091],[146.9553,-36.0881],[146.9618,-36.0822],[146.9645,-36.0806],[146.9662,-36.0834],[146.9725,-36.0821],[146.9764,-36.085],[146.977,-36.0899],[146.9809,-36.0948],[146.9845,-36.0934],[146.9893,-36.0866],[146.9922,-36.0859],[146.9992,-36.0871],[147.0047,-36.0836],[147.0064,-36.0891],[147.0087,-36.0896],[147.0122,-36.0879],[147.0162,-36.0895],[147.0138,-36.0934],[147.0132,-36.0972],[147.0152,-36.0996],[147.0132,-36.1032],[147.0153,-36.1063],[147.0174,-36.1059],[147.0183,-36.1003],[147.0228,-36.0999],[147.0263,-36.1054],[147.0299,-36.1082],[147.0324,-36.1119],[147.0328,-36.1144],[147.0366,-36.1149],[147.0387,-36.112],[147.0433,-36.1092],[147.0434,-36.1047],[147.0478,-36.1045],[147.05,-36.1067],[147.0537,-36.1065],[147.0559,-36.1017],[147.0522,-36.0998],[147.0527,-36.0971],[147.0508,-36.0955],[147.054,-36.0932],[147.0534,-36.0906],[147.0596,-36.0897],[147.0589,-36.0854],[147.0627,-36.0838],[147.0637,-36.0812],[147.0599,-36.0745],[147.0617,-36.0684],[147.0664,-36.0696],[147.0682,-36.0676],[147.0669,-36.0644],[147.0749,-36.0651],[147.0766,-36.0615],[147.0799,-36.0604],[147.0853,-36.0552],[147.0893,-36.0537],[147.0888,-36.0509],[147.0952,-36.0534],[147.097,-36.0512],[147.0952,-36.0476],[147.0981,-36.0472],[147.0999,-36.0436],[147.0976,-36.0408],[147.1011,-36.0385],[147.1039,-36.0322],[147.0988,-36.0308],[147.1003,-36.0249],[147.0976,-36.0221],[147.1008,-36.0198],[147.1042,-36.0199],[147.1071,-36.0148],[147.111,-36.0105],[147.1071,-36.0077],[147.1078,-36.0052],[147.1123,-36.0087],[147.1165,-36.0084],[147.1165,-36.0051],[147.1128,-36.0021],[147.1165,-35.9993],[147.1216,-36.0004],[147.1224,-36.0043],[147.1255,-36.0055],[147.1244,-36.0092],[147.1275,-36.0112],[147.1278,-36.0153],[147.1266,-36.0179],[147.1294,-36.0204],[147.1302,-36.0244],[147.1366,-36.029],[147.1412,-36.0284],[147.1447,-36.0313],[147.1429,-36.0343],[147.1469,-36.0353],[147.1486,-36.0317],[147.1542,-36.0345],[147.1578,-36.0343],[147.1635,-36.0305],[147.1669,-36.0311],[147.17,-36.0338],[147.1748,-36.0341],[147.1774,-36.0358],[147.1839,-36.0379],[147.1884,-36.0367],[147.1868,-36.0403],[147.1893,-36.0431],[147.196,-36.0428],[147.1975,-36.045],[147.2047,-36.0495],[147.2104,-36.0491],[147.2147,-36.0466],[147.2205,-36.0483],[147.2255,-36.0488],[147.2287,-36.0467],[147.2325,-36.0422],[147.2379,-36.0432],[147.2398,-36.0424],[147.2427,-36.0383],[147.2487,-36.0411],[147.2521,-36.0417],[147.2579,-36.0411],[147.2626,-36.0395],[147.267,-36.0398],[147.2763,-36.0417],[147.2801,-36.0435],[147.2832,-36.0401],[147.2861,-36.0403],[147.288,-36.0433],[147.2908,-36.0428],[147.2972,-36.0458],[147.3002,-36.0456],[147.3026,-36.052],[147.3059,-36.0539],[147.3059,-36.0581],[147.3096,-36.0616],[147.3134,-36.0612],[147.3149,-36.0573],[147.3111,-36.0548],[147.3137,-36.0529],[147.3176,-36.0552],[147.3169,-36.0602],[147.3188,-36.0614],[147.3299,-36.0522],[147.332,-36.0469],[147.3412,-36.044],[147.3444,-36.0418],[147.3502,-36.0337],[147.3542,-36.0317],[147.3534,-36.0297],[147.3473,-36.0249],[147.3465,-36.0227],[147.3478,-36.0149],[147.3563,-36.0108],[147.3586,-36.0047],[147.3566,-36.0028],[147.351,-36.0011],[147.3553,-35.9977],[147.3576,-35.9942],[147.3582,-35.9913],[147.3608,-35.989],[147.3664,-35.9865],[147.3709,-35.9824],[147.3749,-35.9823],[147.3743,-35.9797],[147.3761,-35.9763],[147.3837,-35.9724],[147.3916,-35.9739],[147.392,-35.9694],[147.3888,-35.9659],[147.3882,-35.9635],[147.394,-35.9615],[147.3934,-35.9594],[147.3889,-35.9598],[147.3885,-35.957],[147.3915,-35.9563],[147.3927,-35.9541],[147.3903,-35.9496],[147.3922,-35.9477],[147.3954,-35.9491],[147.4043,-35.9436],[147.4071,-35.9471],[147.4103,-35.9485],[147.4156,-35.947],[147.4178,-35.9487],[147.422,-35.9488],[147.431,-35.953],[147.4352,-35.953],[147.4401,-35.9561],[147.4435,-35.9558],[147.445,-35.9586],[147.4481,-35.9603],[147.4533,-35.9604],[147.4562,-35.9578],[147.4544,-35.9516],[147.4597,-35.9465],[147.4641,-35.944],[147.4743,-35.9435],[147.4781,-35.9415],[147.4812,-35.9468],[147.4887,-35.9487],[147.4918,-35.9438],[147.4939,-35.9435],[147.4989,-35.9469],[147.5009,-35.9507],[147.5067,-35.9548],[147.5069,-35.9577],[147.5125,-35.9627],[147.5162,-35.9589],[147.5233,-35.9613],[147.5254,-35.9648],[147.5206,-35.9677],[147.5197,-35.9705],[147.5165,-35.9731],[147.5149,-35.9763],[147.5194,-35.979],[147.5202,-35.9809],[147.5191,-35.9846],[147.5238,-35.987],[147.5282,-35.9869],[147.5311,-35.9902],[147.5385,-35.9947],[147.5467,-35.9976],[147.5484,-36.0029],[147.5507,-36.0043],[147.5569,-36.0028],[147.5656,-35.9953],[147.5697,-35.9911],[147.5778,-35.9892],[147.5834,-35.9862],[147.5836,-35.9823],[147.5822,-35.9786],[147.5793,-35.9776],[147.565,-35.9783],[147.5627,-35.9747],[147.5596,-35.9726],[147.5496,-35.9778],[147.5473,-35.9754],[147.5507,-35.9723],[147.5516,-35.9698],[147.5485,-35.9683],[147.5498,-35.9645],[147.5542,-35.9674],[147.561,-35.9687],[147.5661,-35.9647],[147.567,-35.9662],[147.5638,-35.9688],[147.5665,-35.9699],[147.5708,-35.9688],[147.5737,-35.9695],[147.5728,-35.9728],[147.5758,-35.9749],[147.5793,-35.9733],[147.5789,-35.9699],[147.5807,-35.968],[147.5922,-35.9699],[147.5967,-35.9763],[147.6005,-35.9791],[147.6062,-35.9768],[147.6108,-35.9736],[147.6169,-35.9704],[147.6207,-35.9675],[147.6367,-35.9624],[147.6395,-35.9595],[147.642,-35.9506],[147.6468,-35.946],[147.6517,-35.9445],[147.6592,-35.9434],[147.6653,-35.9435],[147.6717,-35.9426],[147.6754,-35.9447],[147.6811,-35.9438],[147.6861,-35.9389],[147.695,-35.9358],[147.704,-35.9299],[147.7078,-35.9287],[147.7114,-35.9303],[147.7127,-35.9333],[147.7178,-35.9392],[147.7167,-35.9432],[147.72,-35.946],[147.7238,-35.9453],[147.7311,-35.9491],[147.7382,-35.9548],[147.745,-35.9573],[147.7504,-35.9573],[147.7557,-35.9557],[147.7596,-35.9558],[147.7626,-35.9585],[147.7657,-35.9593],[147.7726,-35.9588],[147.7667,-35.9629],[147.7681,-35.9654],[147.7731,-35.9649],[147.7771,-35.9687],[147.7825,-35.9658],[147.788,-35.9673],[147.7928,-35.9648],[147.7969,-35.9639],[147.8068,-35.9655],[147.8114,-35.9678],[147.8128,-35.9712],[147.8158,-35.9729],[147.8132,-35.9755],[147.8143,-35.978],[147.8173,-35.9796],[147.8218,-35.979],[147.8322,-35.9801],[147.8337,-35.9795],[147.8399,-35.9842],[147.8466,-35.9815],[147.8496,-35.9898],[147.8612,-35.9881],[147.8616,-35.9923],[147.865,-35.9902],[147.868,-35.9907],[147.8705,-35.9936],[147.8731,-35.9911],[147.8795,-35.9958],[147.8825,-36.0016],[147.8861,-36.0009],[147.8853,-35.9987],[147.89,-35.9983],[147.8964,-36],[147.899,-35.9983],[147.8994,-35.9958],[147.8959,-35.9933],[147.9024,-35.993],[147.9058,-35.9959],[147.9122,-35.9953],[147.9135,-35.9985],[147.9087,-36.0007],[147.9163,-36.0053],[147.9136,-36.0085],[147.9168,-36.0107],[147.9136,-36.0146],[147.9131,-36.0187],[147.9105,-36.0219],[147.9145,-36.0226],[147.9115,-36.0266],[147.9149,-36.0284],[147.9179,-36.0276],[147.9238,-36.0291],[147.9276,-36.0315],[147.9288,-36.0336],[147.9282,-36.0375],[147.9241,-36.0394],[147.9234,-36.042],[147.9303,-36.0443],[147.9325,-36.0469],[147.9367,-36.0467],[147.9383,-36.0424],[147.9428,-36.0437],[147.9444,-36.0463],[147.9488,-36.0464],[147.9502,-36.0436],[147.9568,-36.0442],[147.9645,-36.0469],[147.9659,-36.0436],[147.9743,-36.0428],[147.9743,-36.0469],[147.9821,-36.0449],[147.987,-36.0463],[147.9858,-36.0494],[147.9874,-36.0525],[147.9922,-36.0514],[147.9925,-36.0486],[147.9965,-36.05],[147.9977,-36.0536],[147.9968,-36.0558],[147.9987,-36.0581],[147.9963,-36.0598],[147.997,-36.0619],[147.9906,-36.0663],[147.9886,-36.0692],[147.9885,-36.078],[147.9866,-36.0796],[147.9836,-36.078],[147.9814,-36.0801],[147.9837,-36.0839],[147.9824,-36.0888],[147.9915,-36.0945],[147.992,-36.0971],[147.9959,-36.0969],[147.9973,-36.0996],[147.9939,-36.1061],[147.9986,-36.1068],[147.9984,-36.1098],[147.9918,-36.1097],[147.9921,-36.1147],[147.9949,-36.118],[147.9908,-36.1205],[147.9913,-36.1226],[148.0005,-36.1246],[147.999,-36.1285],[148.0033,-36.1322],[148.002,-36.1351],[147.9992,-36.1361],[148.0018,-36.14],[148.0077,-36.1409],[148.0143,-36.1376],[148.0185,-36.1396],[148.0204,-36.1419],[148.023,-36.1402],[148.0279,-36.1406],[148.0289,-36.1443],[148.0353,-36.1428],[148.0353,-36.1471],[148.0292,-36.1531],[148.029,-36.1553],[148.0228,-36.1538],[148.0245,-36.1591],[148.0277,-36.1618],[148.0343,-36.1622],[148.034,-36.1647],[148.0301,-36.166],[148.0296,-36.1686],[148.0254,-36.1684],[148.0237,-36.1709],[148.0218,-36.1773],[148.0224,-36.182],[148.0263,-36.1872],[148.031,-36.1902],[148.0381,-36.2],[148.0397,-36.2058],[148.0374,-36.2065],[148.0349,-36.2097],[148.0379,-36.2124],[148.0352,-36.2162],[148.0317,-36.2189],[148.0304,-36.2225],[148.0271,-36.222],[148.0264,-36.226],[148.0299,-36.2272],[148.0308,-36.2299],[148.0346,-36.2332],[148.0342,-36.2373],[148.0353,-36.2408],[148.0292,-36.244],[148.0311,-36.2507],[148.0358,-36.2536],[148.0356,-36.2561],[148.039,-36.2604],[148.0385,-36.2625],[148.0332,-36.2665],[148.033,-36.2692],[148.0357,-36.2728],[148.0316,-36.2774],[148.0347,-36.2776],[148.0368,-36.2798],[148.0347,-36.2821],[148.0398,-36.2879],[148.0386,-36.2903],[148.0354,-36.2923],[148.0385,-36.296],[148.0395,-36.2991],[148.0421,-36.302],[148.0384,-36.3032],[148.0349,-36.3107],[148.0384,-36.3143],[148.0437,-36.3133],[148.0476,-36.3159],[148.047,-36.3182],[148.0514,-36.3189],[148.0554,-36.3166],[148.0594,-36.3197],[148.0584,-36.3221],[148.0523,-36.3232],[148.0509,-36.3247],[148.0514,-36.3289],[148.0555,-36.3326],[148.0529,-36.3382],[148.0545,-36.3401],[148.0481,-36.3461],[148.0485,-36.3488],[148.0457,-36.3515],[148.0423,-36.3575],[148.0426,-36.3599],[148.0379,-36.3662],[148.0389,-36.3677],[148.0445,-36.3668],[148.0403,-36.372],[148.0442,-36.3747],[148.0387,-36.3785],[148.0458,-36.3815],[148.0397,-36.3867],[148.0378,-36.3895],[148.0431,-36.3923],[148.0471,-36.3916],[148.0469,-36.3967],[148.0502,-36.3993],[148.053,-36.3992],[148.0578,-36.4008],[148.0582,-36.4064],[148.055,-36.4101],[148.0595,-36.4155],[148.0763,-36.4182],[148.0801,-36.4217],[148.079,-36.4247],[148.0814,-36.4266],[148.0835,-36.4312],[148.0871,-36.4325],[148.0881,-36.4376],[148.0866,-36.439],[148.0875,-36.442],[148.0868,-36.4452],[148.0875,-36.452],[148.0923,-36.4533],[148.1014,-36.4572],[148.1064,-36.4566],[148.1108,-36.4575],[148.1178,-36.4614],[148.12,-36.4614],[148.1241,-36.4648],[148.1221,-36.4717],[148.1242,-36.477],[148.1236,-36.4802],[148.119,-36.482],[148.1263,-36.4854],[148.1236,-36.4896],[148.1198,-36.4916],[148.1184,-36.496],[148.1255,-36.4999],[148.1274,-36.5022],[148.1275,-36.5087],[148.131,-36.5161],[148.1389,-36.5247],[148.136,-36.5305],[148.1361,-36.5324],[148.1329,-36.5361],[148.133,-36.5392],[148.128,-36.5421],[148.1284,-36.5453],[148.1239,-36.551],[148.1299,-36.5583],[148.1341,-36.5673],[148.138,-36.5651],[148.1432,-36.5646],[148.1519,-36.5608],[148.1584,-36.5657],[148.1566,-36.5712],[148.1615,-36.572],[148.1624,-36.5736],[148.1601,-36.5778],[148.1607,-36.5798],[148.165,-36.5785],[148.1655,-36.5747],[148.1696,-36.5739],[148.1707,-36.5779],[148.176,-36.5777],[148.18,-36.5801],[148.1897,-36.5767],[148.1894,-36.5806],[148.1904,-36.5849],[148.1977,-36.5866],[148.2035,-36.5887],[148.2041,-36.5924],[148.209,-36.5928],[148.2111,-36.5954],[148.2166,-36.5991],[148.2125,-36.6017],[148.2151,-36.6037],[148.2078,-36.6085],[148.2056,-36.6085],[148.2025,-36.6117],[148.2039,-36.613],[148.2114,-36.6124],[148.2154,-36.6161],[148.214,-36.6189],[148.2194,-36.6199],[148.22,-36.6253],[148.2166,-36.6284],[148.2153,-36.6325],[148.212,-36.6325],[148.2127,-36.636],[148.2155,-36.6383],[148.2115,-36.6409],[148.2096,-36.6452],[148.2101,-36.6501],[148.2059,-36.6531],[148.2004,-36.6588],[148.2027,-36.6618],[148.197,-36.665],[148.1961,-36.6671],[148.1988,-36.6703],[148.1959,-36.6726],[148.1911,-36.6743],[148.1892,-36.676],[148.1887,-36.6793],[148.1837,-36.6836],[148.1861,-36.6882],[148.1838,-36.6921],[148.1818,-36.6919],[148.1795,-36.6979],[148.1741,-36.7007],[148.1727,-36.7028],[148.1717,-36.7094],[148.1683,-36.7135],[148.166,-36.7111],[148.1621,-36.7113],[148.162,-36.7139],[148.1548,-36.7197],[148.1493,-36.7196],[148.1445,-36.7244],[148.1433,-36.7283],[148.1393,-36.732],[148.1348,-36.7318],[148.1308,-36.7343],[148.1315,-36.736],[148.1357,-36.7377],[148.135,-36.7429],[148.1318,-36.745],[148.133,-36.7471],[148.1321,-36.7505],[148.128,-36.7505],[148.128,-36.7525],[148.1208,-36.7557],[148.1196,-36.7588],[148.1222,-36.7619],[148.1201,-36.7654],[148.1156,-36.7663],[148.112,-36.7698],[148.108,-36.7773],[148.1049,-36.7804],[148.1054,-36.7841],[148.1025,-36.7882],[148.0976,-36.7874],[148.0991,-36.7908],[148.1048,-36.7904],[148.1096,-36.7983],[148.114,-36.8028],[148.1172,-36.8035],[148.1188,-36.8057],[148.1218,-36.8044],[148.1229,-36.8015],[148.1261,-36.802],[148.1265,-36.7967],[148.1313,-36.797],[148.135,-36.7954],[148.1477,-36.7952],[148.1547,-36.7906],[148.1589,-36.7932],[148.1611,-36.7925],[148.1647,-36.7946],[148.1692,-36.7928],[148.1722,-36.7952],[148.1798,-36.7971],[148.182,-36.8049],[148.1859,-36.8042],[148.1886,-36.8021],[148.192,-36.7977],[148.1944,-36.7961],[148.2007,-36.7987],[148.2021,-36.7974],[148.2007,-36.7911],[148.2028,-36.7845],[148.2013,-36.7791],[148.2018,-36.7717],[148.2081,-36.7629],[148.2086,-36.7581],[148.2074,-36.7555],[148.2112,-36.7522],[148.2189,-36.7501],[148.2234,-36.7481],[148.2306,-36.7472],[148.2328,-36.7461],[148.2329,-36.7407],[148.2345,-36.7374],[148.2375,-36.7345],[148.2406,-36.7297],[148.2394,-36.7272],[148.2359,-36.7243],[148.2356,-36.7216],[148.2383,-36.716],[148.2385,-36.7069],[148.2411,-36.7054],[148.2453,-36.7052],[148.2514,-36.706],[148.2545,-36.6916],[148.2508,-36.6858],[148.2525,-36.6828],[148.2482,-36.6756],[148.2466,-36.6674],[148.2407,-36.6652],[148.2395,-36.6636],[148.2413,-36.6523],[148.2455,-36.6468],[148.2456,-36.6435],[148.2496,-36.633],[148.2471,-36.6283],[148.2474,-36.6266],[148.2527,-36.6237],[148.2549,-36.6189],[148.2572,-36.6168],[148.2614,-36.6182],[148.2658,-36.6176],[148.2726,-36.619],[148.2754,-36.6186],[148.2849,-36.6139],[148.2898,-36.6093],[148.2951,-36.6087],[148.3043,-36.6097],[148.303,-36.6028],[148.3038,-36.5991],[148.3113,-36.5956],[148.3089,-36.5938],[148.302,-36.591],[148.2973,-36.5873],[148.2958,-36.5809],[148.2876,-36.5689],[148.2801,-36.5637],[148.2773,-36.5603],[148.2709,-36.5588],[148.2698,-36.5543],[148.2702,-36.5505],[148.2684,-36.5488],[148.2602,-36.5481],[148.2537,-36.5463],[148.2504,-36.5428],[148.2514,-36.5401],[148.2572,-36.5341],[148.261,-36.5283],[148.2604,-36.5245],[148.2544,-36.5165],[148.2478,-36.512],[148.247,-36.5102],[148.2499,-36.5027],[148.257,-36.5014],[148.2591,-36.5001],[148.2587,-36.496],[148.26,-36.4901],[148.263,-36.4861],[148.2634,-36.4829],[148.2652,-36.4813],[148.2706,-36.4817],[148.2691,-36.4704],[148.2714,-36.4686],[148.2697,-36.466],[148.273,-36.4618],[148.2714,-36.458],[148.264,-36.4572],[148.2633,-36.4555],[148.2666,-36.447],[148.2699,-36.4421],[148.2714,-36.4381],[148.2702,-36.4356],[148.2786,-36.4314],[148.2804,-36.4221],[148.2861,-36.4186],[148.2878,-36.4122],[148.2902,-36.4101],[148.2954,-36.408],[148.3027,-36.4039],[148.3046,-36.4015],[148.305,-36.3955],[148.3071,-36.3927],[148.3153,-36.3917],[148.318,-36.3882],[148.3218,-36.3854],[148.3287,-36.3833],[148.3306,-36.3804],[148.3317,-36.3757],[148.3311,-36.3735],[148.3324,-36.37],[148.3366,-36.3714],[148.3428,-36.368],[148.3453,-36.3644],[148.3463,-36.359],[148.3511,-36.3577],[148.3549,-36.3518],[148.3535,-36.3482],[148.3566,-36.344],[148.3574,-36.3405],[148.3675,-36.3391],[148.3665,-36.3312],[148.3686,-36.3252],[148.3734,-36.3247],[148.372,-36.3153],[148.3746,-36.3093],[148.3733,-36.3039],[148.369,-36.3007],[148.3689,-36.2983],[148.3712,-36.2955],[148.3724,-36.2889],[148.3773,-36.2872],[148.3826,-36.29],[148.3911,-36.2884],[148.3964,-36.2906],[148.4042,-36.2818],[148.4052,-36.2791],[148.4101,-36.2778],[148.411,-36.2704],[148.4158,-36.2635],[148.4202,-36.2615],[148.4238,-36.2628],[148.4284,-36.2605],[148.431,-36.2569],[148.4338,-36.2493],[148.4342,-36.2386],[148.4295,-36.2361],[148.4275,-36.2339],[148.4281,-36.2263],[148.4244,-36.2202],[148.426,-36.2158],[148.4247,-36.2093],[148.4257,-36.2042],[148.4281,-36.203],[148.4349,-36.2024],[148.4372,-36.1949],[148.4383,-36.1868],[148.4367,-36.182],[148.4347,-36.1802],[148.4281,-36.1773],[148.4302,-36.1755],[148.4407,-36.1723],[148.4452,-36.162],[148.4467,-36.1615],[148.4488,-36.156],[148.4527,-36.1492],[148.4578,-36.1484],[148.461,-36.1449],[148.4587,-36.1402],[148.4575,-36.1307],[148.4539,-36.1276],[148.454,-36.1259],[148.459,-36.1221],[148.4609,-36.1182],[148.4657,-36.1197],[148.4707,-36.1189],[148.4728,-36.1162],[148.4789,-36.1136],[148.4769,-36.1062],[148.4806,-36.1042],[148.4821,-36.1006],[148.4864,-36.0984],[148.4878,-36.1004],[148.4914,-36.1003],[148.5129,-36.0877],[148.5221,-36.0903],[148.526,-36.088],[148.5323,-36.0958],[148.5381,-36.0995],[148.5498,-36.1026],[148.5525,-36.1057],[148.5612,-36.1054],[148.5622,-36.1],[148.566,-36.0934],[148.5636,-36.0879],[148.5603,-36.0841],[148.5639,-36.0814],[148.5655,-36.0744],[148.5697,-36.0703],[148.5693,-36.066],[148.562,-36.0596],[148.5604,-36.0568],[148.5615,-36.0524],[148.5592,-36.0492],[148.5562,-36.0428],[148.556,-36.04],[148.5582,-36.0366],[148.558,-36.0314],[148.5601,-36.0216],[148.559,-36.015],[148.5586,-36.0076],[148.5598,-36.0051],[148.5581,-36],[148.5555,-35.9995],[148.5516,-36.001],[148.5395,-35.9998],[148.5349,-36.0003],[148.5332,-35.9992],[148.5344,-35.9916],[148.5299,-35.9871],[148.5249,-35.9835],[148.5174,-35.981],[148.5121,-35.9764],[148.5049,-35.973],[148.4958,-35.9657],[148.4935,-35.9627],[148.4938,-35.9585],[148.4875,-35.9555],[148.4881,-35.9524],[148.4848,-35.9497],[148.4814,-35.9454],[148.4739,-35.9456],[148.4689,-35.9419],[148.4705,-35.9374],[148.4708,-35.9207],[148.4728,-35.9183],[148.4714,-35.915],[148.4641,-35.9095],[148.4628,-35.9077],[148.4556,-35.9056],[148.4512,-35.9062],[148.4448,-35.905],[148.4446,-35.9027],[148.4394,-35.9005],[148.4383,-35.8989],[148.4406,-35.8918],[148.4402,-35.8873],[148.4449,-35.8816],[148.4463,-35.8789],[148.4458,-35.8738],[148.4506,-35.872],[148.4501,-35.8619],[148.4469,-35.8592],[148.4515,-35.8541],[148.4532,-35.8464],[148.4524,-35.8428],[148.4538,-35.8391],[148.4566,-35.8367],[148.457,-35.8334],[148.4601,-35.8286],[148.471,-35.8236],[148.4688,-35.8218],[148.4689,-35.8156],[148.4734,-35.8077],[148.4744,-35.8041],[148.4797,-35.7927],[148.4841,-35.7907],[148.4884,-35.7867],[148.4903,-35.7825],[148.4943,-35.7796],[148.5035,-35.778],[148.5035,-35.7739],[148.507,-35.7685],[148.508,-35.762],[148.5117,-35.7605],[148.5172,-35.7537],[148.518,-35.7493],[148.522,-35.7447],[148.5262,-35.7357],[148.5255,-35.7291],[148.5301,-35.7212],[148.5377,-35.7173],[148.5446,-35.7155],[148.5475,-35.7135],[148.5492,-35.7056],[148.5519,-35.7053],[148.55,-35.6985],[148.5516,-35.6926],[148.5577,-35.6895],[148.5626,-35.6912],[148.5671,-35.6881],[148.5669,-35.6867],[148.5595,-35.6844],[148.5574,-35.6814],[148.5705,-35.6789],[148.5697,-35.6753],[148.567,-35.6715],[148.5703,-35.6687],[148.5692,-35.6654],[148.5716,-35.6625],[148.5772,-35.6638],[148.5807,-35.659],[148.5787,-35.6565],[148.5781,-35.6516],[148.5805,-35.6502],[148.579,-35.6466],[148.5812,-35.6454],[148.5803,-35.64],[148.5862,-35.633],[148.5837,-35.629],[148.5798,-35.6259],[148.5801,-35.6218],[148.5834,-35.6194],[148.5862,-35.6193],[148.5891,-35.617],[148.5925,-35.6164],[148.5994,-35.6174],[148.6038,-35.615],[148.6097,-35.6169],[148.6118,-35.6191],[148.6127,-35.6239],[148.6154,-35.6253],[148.6161,-35.6289],[148.6191,-35.6306],[148.6188,-35.6328],[148.6242,-35.6389],[148.6299,-35.6391],[148.6338,-35.6457],[148.6447,-35.6527],[148.6494,-35.6533],[148.6624,-35.6593],[148.668,-35.6605],[148.6777,-35.6564],[148.685,-35.6582],[148.6984,-35.6602],[148.7022,-35.6618],[148.7062,-35.665],[148.7111,-35.6662],[148.72,-35.6674],[148.7259,-35.6719],[148.7308,-35.6767],[148.7358,-35.6781],[148.7409,-35.6842],[148.7449,-35.6862],[148.7478,-35.6847],[148.7505,-35.6852],[148.7535,-35.6878],[148.7562,-35.6942],[148.7575,-35.6992],[148.7598,-35.7006],[148.7666,-35.7028],[148.7695,-35.7103],[148.7723,-35.7149],[148.7739,-35.7194],[148.782,-35.7366],[148.7867,-35.7307],[148.794,-35.7241],[148.8019,-35.7228],[148.8023,-35.7183],[148.8041,-35.714],[148.7963,-35.7094],[148.7962,-35.7079],[148.7911,-35.7034],[148.7884,-35.6978],[148.7914,-35.6933],[148.7914,-35.6896],[148.7966,-35.6827],[148.7984,-35.6761],[148.7973,-35.6725],[148.7985,-35.667],[148.7906,-35.6593],[148.787,-35.6604],[148.7861,-35.6574],[148.7817,-35.6558],[148.7735,-35.6555],[148.7722,-35.6537],[148.7728,-35.65],[148.7702,-35.6499],[148.7675,-35.6474],[148.7717,-35.6449],[148.7709,-35.64],[148.7804,-35.633],[148.7834,-35.6285],[148.7807,-35.626],[148.7795,-35.6226],[148.7804,-35.6176],[148.7782,-35.6134],[148.7727,-35.6094],[148.7689,-35.6043],[148.7722,-35.6014],[148.7736,-35.5986],[148.7832,-35.5954],[148.784,-35.5934],[148.7888,-35.5883],[148.7861,-35.5825],[148.7826,-35.5813],[148.7821,-35.5792],[148.7736,-35.5693],[148.7729,-35.5678],[148.7785,-35.5635],[148.7779,-35.5585],[148.7732,-35.5489],[148.77,-35.5456],[148.7698,-35.5381],[148.7722,-35.5299],[148.768,-35.525],[148.768,-35.5216],[148.766,-35.5109],[148.7683,-35.5083],[148.7652,-35.5053],[148.7644,-35.4996],[148.7628,-35.4955],[148.7652,-35.4909],[148.7744,-35.4861],[148.7708,-35.4801],[148.7706,-35.4756],[148.7668,-35.4712],[148.7672,-35.4655],[148.7717,-35.4635],[148.776,-35.4549],[148.773,-35.4495],[148.7746,-35.4461],[148.7748,-35.4418],[148.7777,-35.44],[148.781,-35.4333],[148.7836,-35.4327],[148.7889,-35.4265],[148.7889,-35.418],[148.7902,-35.4157],[148.7863,-35.4128],[148.7858,-35.4089],[148.796,-35.4066],[148.7964,-35.4039],[148.7957,-35.393],[148.7994,-35.3902],[148.8036,-35.3888],[148.8048,-35.3851],[148.8087,-35.3825],[148.8086,-35.3807],[148.8053,-35.3789],[148.8041,-35.3762],[148.8044,-35.3684],[148.8057,-35.3652],[148.8015,-35.3626],[148.7996,-35.359],[148.7967,-35.3584],[148.7994,-35.3534],[148.7987,-35.3482],[148.7969,-35.3464],[148.7935,-35.3391],[148.7985,-35.3321],[148.8017,-35.3292],[148.8023,-35.3256],[148.8011,-35.3218],[148.8037,-35.3168]]]},"properties":{"name":"Riverina Murray"}},
{"type":"Feature","geometry":{"type":"Polygon","coordinates":[[[151.1357,-33.1098],[151.1343,-33.1042],[151.1308,-33.1011],[151.13,-33.0951],[151.1272,-33.0915],[151.125,-33.0927],[151.1171,-33.0905],[151.1145,-33.0912],[151.1123,-33.0882],[151.1091,-33.086],[151.1085,-33.0839],[151.104,-33.077],[151.0983,-33.0783],[151.093,-33.0767],[151.0892,-33.0782],[151.0839,-33.0752],[151.0759,-33.0773],[151.0704,-33.0775],[151.0696,-33.0798],[151.063,-33.0813],[151.0597,-33.0797],[151.0525,-33.0799],[151.0502,-33.0823],[151.0467,-33.0882],[151.0418,-33.0913],[151.0424,-33.094],[151.0402,-33.0959],[151.0378,-33.1054],[151.0391,-33.107],[151.0386,-33.1108],[151.0354,-33.1175],[151.0372,-33.1235],[151.0299,-33.1236],[151.0244,-33.1257],[151.0211,-33.1226],[151.0178,-33.1216],[151.0128,-33.1218],[151.0117,-33.124],[151.0062,-33.1248],[151.0038,-33.126],[151,-33.1241],[150.9969,-33.1247],[150.9948,-33.1225],[150.9879,-33.125],[150.9856,-33.128],[150.9813,-33.1263],[150.9758,-33.1289],[150.9712,-33.1299],[150.9659,-33.1299],[150.9613,-33.1268],[150.9513,-33.1249],[150.9502,-33.1227],[150.9456,-33.1219],[150.942,-33.1232],[150.939,-33.1204],[150.9339,-33.1192],[150.9336,-33.1157],[150.9314,-33.1131],[150.9286,-33.1131],[150.9241,-33.1111],[150.9196,-33.1126],[150.9164,-33.1116],[150.9114,-33.1145],[150.9052,-33.1158],[150.9,-33.1212],[150.8849,-33.1191],[150.8734,-33.1142],[150.8723,-33.1087],[150.8708,-33.1072],[150.8725,-33.1045],[150.8667,-33.1025],[150.8653,-33.0993],[150.8617,-33.0976],[150.8596,-33.0948],[150.8538,-33.094],[150.8514,-33.0976],[150.8475,-33.0985],[150.8483,-33.0928],[150.8514,-33.0908],[150.8492,-33.0868],[150.8531,-33.0838],[150.849,-33.0799],[150.8484,-33.0745],[150.8523,-33.0729],[150.8557,-33.0697],[150.8513,-33.0662],[150.8535,-33.0636],[150.8573,-33.0639],[150.859,-33.0611],[150.8537,-33.0595],[150.8547,-33.0551],[150.8521,-33.0523],[150.8544,-33.0461],[150.8498,-33.0459],[150.851,-33.0422],[150.8534,-33.0436],[150.858,-33.0431],[150.8579,-33.0399],[150.854,-33.0383],[150.8528,-33.0365],[150.8553,-33.0326],[150.8518,-33.0303],[150.847,-33.0352],[150.8425,-33.0334],[150.8395,-33.0346],[150.8356,-33.0306],[150.8323,-33.033],[150.827,-33.0284],[150.8259,-33.0255],[150.8184,-33.0233],[150.8175,-33.0184],[150.8203,-33.0174],[150.819,-33.0145],[150.8162,-33.0161],[150.8139,-33.0152],[150.8119,-33.0117],[150.8067,-33.0111],[150.8048,-33.006],[150.7638,-33.0003],[150.7611,-33.0148],[150.7566,-33.0154],[150.7518,-33.0179],[150.7512,-33.0206],[150.7458,-33.0219],[150.7446,-33.0198],[150.741,-33.0195],[150.7357,-33.0162],[150.7315,-33.0174],[150.7234,-33.0126],[150.7166,-33.012],[150.7148,-33.014],[150.7112,-33.0133],[150.7094,-33.0114],[150.7029,-33.0104],[150.7038,-33.0058],[150.6998,-32.9995],[150.6972,-32.999],[150.6967,-32.9964],[150.6858,-32.9968],[150.6873,-33.0014],[150.6837,-33.0088],[150.6772,-33.0133],[150.6752,-33.018],[150.6722,-33.0215],[150.6724,-33.0268],[150.679,-33.0277],[150.6819,-33.0315],[150.6817,-33.034],[150.6831,-33.0401],[150.6814,-33.0415],[150.6821,-33.0447],[150.6909,-33.0441],[150.6947,-33.0421],[150.7002,-33.0424],[150.7056,-33.0447],[150.7063,-33.0494],[150.7054,-33.0561],[150.7083,-33.0597],[150.7166,-33.0653],[150.7181,-33.0687],[150.7279,-33.072],[150.6302,-33.0586],[150.6283,-33.061],[150.6107,-33.0662],[150.6113,-33.0709],[150.6088,-33.0703],[150.6058,-33.073],[150.6135,-33.0728],[150.611,-33.0789],[150.6114,-33.0819],[150.6098,-33.0842],[150.6131,-33.0893],[150.6071,-33.0891],[150.6077,-33.0911],[150.6122,-33.0925],[150.6103,-33.0993],[150.6069,-33.1009],[150.6024,-33.0998],[150.6018,-33.1014],[150.6066,-33.1032],[150.6101,-33.1021],[150.617,-33.1037],[150.6198,-33.1095],[150.6137,-33.1099],[150.6093,-33.1092],[150.6094,-33.1137],[150.6126,-33.1163],[150.6119,-33.1189],[150.6082,-33.1197],[150.6062,-33.1248],[150.6009,-33.1229],[150.5984,-33.125],[150.5991,-33.1272],[150.6045,-33.132],[150.6101,-33.1342],[150.6121,-33.1382],[150.61,-33.1434],[150.6047,-33.1474],[150.5971,-33.145],[150.5918,-33.148],[150.5863,-33.1478],[150.5865,-33.1519],[150.5895,-33.16],[150.5842,-33.1625],[150.5856,-33.1658],[150.5834,-33.1681],[150.5762,-33.1675],[150.5706,-33.1684],[150.5694,-33.1654],[150.5732,-33.1611],[150.5731,-33.1575],[150.5683,-33.156],[150.5651,-33.1613],[150.5626,-33.1621],[150.5587,-33.1607],[150.5537,-33.1625],[150.5551,-33.1661],[150.552,-33.1703],[150.5558,-33.175],[150.5521,-33.1838],[150.5489,-33.1836],[150.5437,-33.1851],[150.5433,-33.1881],[150.5384,-33.1881],[150.5359,-33.1921],[150.531,-33.1913],[150.5273,-33.1943],[150.5276,-33.1964],[150.5307,-33.1993],[150.5307,-33.2025],[150.5327,-33.2071],[150.5332,-33.2105],[150.5406,-33.2137],[150.5435,-33.2179],[150.5439,-33.2207],[150.5409,-33.2226],[150.5323,-33.2234],[150.5298,-33.2267],[150.5299,-33.2326],[150.5257,-33.2371],[150.5274,-33.2403],[150.533,-33.2403],[150.5349,-33.2447],[150.5399,-33.2483],[150.5433,-33.2554],[150.5495,-33.2573],[150.5556,-33.2541],[150.5614,-33.258],[150.5632,-33.2636],[150.5606,-33.2663],[150.5543,-33.2652],[150.5526,-33.2709],[150.553,-33.2743],[150.555,-33.278],[150.558,-33.2808],[150.5638,-33.2828],[150.5747,-33.2903],[150.5661,-33.2908],[150.5604,-33.2889],[150.5565,-33.2924],[150.5589,-33.2955],[150.5652,-33.2984],[150.5668,-33.3054],[150.5638,-33.3101],[150.5583,-33.3126],[150.5529,-33.3108],[150.5513,-33.3149],[150.5529,-33.3174],[150.5584,-33.32],[150.5704,-33.3208],[150.5747,-33.3225],[150.5802,-33.3208],[150.5843,-33.3224],[150.5856,-33.3258],[150.5819,-33.3299],[150.5849,-33.334],[150.5903,-33.3361],[150.5918,-33.3387],[150.5901,-33.3431],[150.5833,-33.3427],[150.5817,-33.3446],[150.5809,-33.3515],[150.5761,-33.353],[150.575,-33.3577],[150.5668,-33.3555],[150.5667,-33.3592],[150.5599,-33.3614],[150.5594,-33.3656],[150.5546,-33.3659],[150.5493,-33.3685],[150.5496,-33.3647],[150.5472,-33.3636],[150.5453,-33.3666],[150.542,-33.3637],[150.541,-33.3669],[150.536,-33.3663],[150.5336,-33.3692],[150.5275,-33.3711],[150.5262,-33.3753],[150.5204,-33.3738],[150.5171,-33.3778],[150.5118,-33.3752],[150.5095,-33.379],[150.5044,-33.3757],[150.5012,-33.3783],[150.4964,-33.3771],[150.4939,-33.3791],[150.4898,-33.3775],[150.4875,-33.3819],[150.4836,-33.3822],[150.4822,-33.3838],[150.4877,-33.3863],[150.4844,-33.3893],[150.4832,-33.3928],[150.4852,-33.3954],[150.4838,-33.3978],[150.4801,-33.3967],[150.477,-33.3974],[150.4759,-33.3994],[150.4797,-33.403],[150.4776,-33.4052],[150.4803,-33.409],[150.4788,-33.4128],[150.4803,-33.415],[150.4781,-33.418],[150.4793,-33.4218],[150.4769,-33.4277],[150.479,-33.43],[150.4735,-33.433],[150.4728,-33.4385],[150.4665,-33.4439],[150.4621,-33.4466],[150.4604,-33.4503],[150.466,-33.4513],[150.4684,-33.4541],[150.4648,-33.4566],[150.4602,-33.4573],[150.4557,-33.457],[150.4515,-33.4585],[150.4504,-33.462],[150.4499,-33.4705],[150.4476,-33.4729],[150.4489,-33.4768],[150.4458,-33.4775],[150.4474,-33.4814],[150.4416,-33.4824],[150.4368,-33.4806],[150.4241,-33.4815],[150.4195,-33.4864],[150.4171,-33.4864],[150.4144,-33.4818],[150.4126,-33.4834],[150.4088,-33.4818],[150.411,-33.4796],[150.4092,-33.4735],[150.4071,-33.4736],[150.4059,-33.477],[150.4021,-33.4771],[150.3971,-33.4821],[150.4005,-33.4875],[150.3922,-33.4867],[150.3886,-33.4838],[150.3895,-33.4819],[150.3866,-33.4793],[150.3839,-33.4802],[150.3824,-33.4844],[150.3835,-33.487],[150.378,-33.4873],[150.3756,-33.4862],[150.372,-33.488],[150.3704,-33.4907],[150.3654,-33.4913],[150.3641,-33.4891],[150.3571,-33.4858],[150.3515,-33.4922],[150.3557,-33.4958],[150.354,-33.4989],[150.347,-33.5025],[150.3487,-33.5055],[150.3479,-33.509],[150.3438,-33.5097],[150.3351,-33.5128],[150.3319,-33.5226],[150.3119,-33.5201],[150.3147,-33.5044],[150.3016,-33.5023],[150.2768,-33.4992],[150.277,-33.4977],[150.2709,-33.4976],[150.2608,-33.4963],[150.2568,-33.4943],[150.2547,-33.5054],[150.2557,-33.5055],[150.2533,-33.5182],[150.2577,-33.5187],[150.2546,-33.5371],[150.2507,-33.558],[150.2413,-33.5568],[150.2406,-33.5604],[150.2364,-33.5598],[150.2354,-33.562],[150.2261,-33.5605],[150.2278,-33.5506],[150.2269,-33.5495],[150.2157,-33.548],[150.2138,-33.5577],[150.2246,-33.5603],[150.2274,-33.5636],[150.2255,-33.5717],[150.2287,-33.5721],[150.2281,-33.5751],[150.2353,-33.576],[150.2354,-33.5813],[150.2394,-33.5815],[150.2369,-33.5933],[150.2448,-33.5944],[150.2432,-33.6024],[150.2503,-33.6034],[150.249,-33.6091],[150.2603,-33.6107],[150.259,-33.6175],[150.2715,-33.6191],[150.2708,-33.623],[150.2665,-33.6223],[150.266,-33.6265],[150.2675,-33.6293],[150.2641,-33.6312],[150.2619,-33.6417],[150.2405,-33.6386],[150.2378,-33.6512],[150.2416,-33.6545],[150.2468,-33.6563],[150.2483,-33.6584],[150.2483,-33.6636],[150.2431,-33.6645],[150.2314,-33.663],[150.2289,-33.676],[150.2194,-33.6747],[150.2148,-33.6749],[150.2076,-33.7085],[150.1816,-33.7045],[150.1828,-33.7087],[150.1846,-33.711],[150.1805,-33.7148],[150.178,-33.7158],[150.1769,-33.7188],[150.1779,-33.721],[150.1817,-33.7223],[150.1853,-33.7205],[150.1901,-33.7206],[150.1919,-33.7168],[150.1954,-33.7129],[150.1985,-33.7127],[150.1998,-33.7174],[150.2023,-33.7178],[150.206,-33.7142],[150.2081,-33.7147],[150.2098,-33.7186],[150.2122,-33.7209],[150.2097,-33.726],[150.2023,-33.7284],[150.1986,-33.7284],[150.1974,-33.7326],[150.1945,-33.7339],[150.1904,-33.7336],[150.1886,-33.7365],[150.1801,-33.7427],[150.1801,-33.7448],[150.186,-33.7509],[150.1885,-33.7495],[150.1922,-33.7502],[150.1929,-33.7535],[150.1964,-33.7581],[150.1934,-33.762],[150.1957,-33.767],[150.1903,-33.7714],[150.1906,-33.7743],[150.1891,-33.7763],[150.1839,-33.7781],[150.1785,-33.7779],[150.1771,-33.779],[150.1795,-33.7822],[150.177,-33.787],[150.1719,-33.7877],[150.1719,-33.7929],[150.1692,-33.7965],[150.1726,-33.7988],[150.1798,-33.7969],[150.1814,-33.8033],[150.1807,-33.8055],[150.1759,-33.8121],[150.1734,-33.8178],[150.1741,-33.8206],[150.1725,-33.8234],[150.1693,-33.8253],[150.1696,-33.8277],[150.1749,-33.8339],[150.1783,-33.8308],[150.182,-33.8298],[150.1838,-33.8309],[150.1855,-33.8378],[150.1817,-33.8437],[150.1816,-33.8481],[150.1754,-33.8531],[150.1762,-33.8585],[150.1747,-33.8621],[150.1695,-33.8626],[150.1664,-33.8639],[150.1664,-33.8661],[150.1709,-33.8727],[150.1754,-33.8718],[150.1784,-33.8727],[150.1817,-33.8759],[150.1848,-33.8804],[150.1807,-33.881],[150.1786,-33.8839],[150.1725,-33.8877],[150.1676,-33.8892],[150.1638,-33.8865],[150.1592,-33.8876],[150.1559,-33.8944],[150.159,-33.8976],[150.1645,-33.8974],[150.17,-33.9024],[150.1677,-33.9072],[150.1652,-33.9154],[150.1679,-33.9175],[150.1713,-33.93],[150.1706,-33.9343],[150.172,-33.9369],[150.1752,-33.939],[150.1756,-33.9452],[150.1803,-33.9455],[150.1824,-33.9498],[150.1891,-33.9506],[150.1982,-33.9471],[150.2033,-33.9438],[150.21,-33.9374],[150.2148,-33.9364],[150.2188,-33.9384],[150.217,-33.9478],[150.2377,-33.9505],[150.241,-33.9519],[150.2373,-33.9563],[150.2332,-33.9627],[150.2364,-33.965],[150.2318,-33.9681],[150.2319,-33.971],[150.2278,-33.9741],[150.2273,-33.9792],[150.2225,-33.9803],[150.2187,-33.9837],[150.2156,-33.9881],[150.211,-33.9896],[150.2085,-33.9949],[150.2084,-33.9984],[150.2021,-34.0016],[150.202,-34.0045],[150.1993,-34.0053],[150.1943,-34.005],[150.1881,-34.01],[150.1832,-34.0116],[150.1823,-34.0176],[150.1808,-34.0182],[150.1757,-34.0161],[150.1724,-34.0191],[150.1717,-34.0224],[150.1674,-34.0208],[150.1662,-34.0243],[150.1688,-34.0274],[150.1603,-34.0297],[150.1595,-34.0323],[150.1654,-34.0334],[150.168,-34.0354],[150.1616,-34.0375],[150.1583,-34.0343],[150.1544,-34.0358],[150.1536,-34.0425],[150.1488,-34.0437],[150.1464,-34.0476],[150.1414,-34.0492],[150.1406,-34.0509],[150.1432,-34.0579],[150.143,-34.0653],[150.146,-34.0704],[150.1419,-34.0733],[150.1393,-34.0712],[150.1364,-34.0741],[150.1305,-34.0729],[150.1276,-34.0758],[150.1287,-34.0775],[150.1331,-34.0797],[150.1326,-34.0821],[150.1263,-34.079],[150.1237,-34.0757],[150.1173,-34.0774],[150.1157,-34.0806],[150.1185,-34.0895],[150.1153,-34.091],[150.1151,-34.0861],[150.1111,-34.084],[150.1099,-34.0869],[150.1118,-34.0898],[150.1067,-34.0897],[150.1118,-34.0971],[150.1112,-34.1004],[150.1129,-34.1022],[150.1103,-34.1055],[150.108,-34.1055],[150.1041,-34.1108],[150.104,-34.1134],[150.1065,-34.1208],[150.1098,-34.1228],[150.1125,-34.1271],[150.1101,-34.1314],[150.1118,-34.1333],[150.1141,-34.1404],[150.1213,-34.1407],[150.125,-34.1492],[150.1171,-34.1501],[150.1149,-34.151],[150.1125,-34.1478],[150.1077,-34.1463],[150.1045,-34.1418],[150.1052,-34.1385],[150.0952,-34.1373],[150.0905,-34.1334],[150.0887,-34.1296],[150.0895,-34.1257],[150.0855,-34.1206],[150.0821,-34.1211],[150.0782,-34.1264],[150.0712,-34.1316],[150.0644,-34.1291],[150.0597,-34.129],[150.0548,-34.1276],[150.0544,-34.1261],[150.0472,-34.1241],[150.044,-34.1208],[150.0376,-34.1208],[150.0331,-34.1266],[150.0302,-34.1282],[150.0216,-34.1292],[150.019,-34.1388],[150.0155,-34.1417],[150.0172,-34.1455],[150.0224,-34.1442],[150.0243,-34.1461],[150.0311,-34.1447],[150.034,-34.1487],[150.0367,-34.1472],[150.042,-34.1482],[150.0466,-34.15],[150.0447,-34.1521],[150.0463,-34.1546],[150.0473,-34.1609],[150.0501,-34.1615],[150.051,-34.1656],[150.0538,-34.1692],[150.055,-34.1734],[150.061,-34.174],[150.0619,-34.1764],[150.0593,-34.1774],[150.0634,-34.1831],[150.0628,-34.1893],[150.066,-34.1953],[150.0631,-34.2005],[150.0639,-34.2061],[150.0602,-34.2066],[150.0572,-34.2107],[150.0597,-34.2174],[150.0562,-34.2221],[150.0515,-34.2254],[150.0529,-34.2312],[150.0504,-34.2352],[150.0576,-34.2348],[150.0615,-34.2387],[150.06,-34.2424],[150.0576,-34.2435],[150.058,-34.2469],[150.054,-34.2476],[150.0529,-34.2501],[150.0579,-34.252],[150.0601,-34.2578],[150.0571,-34.2604],[150.058,-34.2655],[150.0612,-34.2688],[150.072,-34.2681],[150.0802,-34.2721],[150.0864,-34.271],[150.0913,-34.2664],[150.0962,-34.2664],[150.0982,-34.2684],[150.0962,-34.277],[150.0984,-34.2788],[150.1023,-34.2787],[150.1091,-34.2801],[150.1171,-34.2828],[150.1222,-34.2855],[150.1247,-34.2881],[150.1265,-34.2931],[150.1335,-34.293],[150.1365,-34.2955],[150.1372,-34.2985],[150.1409,-34.2993],[150.1468,-34.2954],[150.1499,-34.2955],[150.1531,-34.2975],[150.1569,-34.3058],[150.1647,-34.3081],[150.1715,-34.3071],[150.1781,-34.3078],[150.1874,-34.3034],[150.197,-34.3041],[150.1985,-34.3033],[150.2082,-34.2941],[150.2109,-34.2894],[150.2114,-34.2814],[150.213,-34.2793],[150.2227,-34.2746],[150.225,-34.2712],[150.2255,-34.2615],[150.2307,-34.2469],[150.231,-34.2398],[150.2297,-34.2349],[150.2299,-34.2318],[150.2327,-34.229],[150.2448,-34.226],[150.254,-34.2253],[150.2592,-34.2192],[150.261,-34.2151],[150.2662,-34.2126],[150.2696,-34.2142],[150.271,-34.2175],[150.2716,-34.2227],[150.2782,-34.2245],[150.2777,-34.2269],[150.2859,-34.2285],[150.2865,-34.2257],[150.3313,-34.2322],[150.3304,-34.2369],[150.3345,-34.2367],[150.3412,-34.2344],[150.3453,-34.2351],[150.347,-34.2339],[150.3529,-34.2347],[150.3518,-34.239],[150.3567,-34.2397],[150.3572,-34.2369],[150.4421,-34.2484],[150.5094,-34.2594],[150.548,-34.2644],[150.5514,-34.2669],[150.5503,-34.2726],[150.5486,-34.2746],[150.5481,-34.2793],[150.546,-34.2803],[150.546,-34.2834],[150.5395,-34.2886],[150.5418,-34.2945],[150.5631,-34.2975],[150.5617,-34.3049],[150.564,-34.3062],[150.5656,-34.3109],[150.5624,-34.3115],[150.5657,-34.3234],[150.5603,-34.3244],[150.5621,-34.3312],[150.5809,-34.3174],[150.5939,-34.3187],[150.6015,-34.3145],[150.6346,-34.3197],[150.7457,-34.3374],[150.7509,-34.3019],[150.7916,-34.3071],[150.7926,-34.3033],[150.8168,-34.3064],[150.8143,-34.3005],[150.8158,-34.2959],[150.815,-34.2933],[150.8114,-34.2898],[150.8095,-34.2849],[150.8066,-34.2807],[150.8052,-34.2713],[150.814,-34.2693],[150.817,-34.2698],[150.8273,-34.2749],[150.8372,-34.2745],[150.8445,-34.2772],[150.8514,-34.2785],[150.8528,-34.28],[150.8761,-34.2599],[150.8812,-34.2579],[150.8824,-34.2519],[150.8866,-34.2425],[150.8928,-34.2355],[150.8979,-34.2319],[150.8931,-34.2303],[150.8912,-34.2284],[150.8936,-34.221],[150.89,-34.2126],[150.9082,-34.2152],[150.9089,-34.2112],[150.9043,-34.2093],[150.9071,-34.2023],[150.9108,-34.1978],[150.907,-34.1929],[150.9022,-34.19],[150.8994,-34.1896],[150.8995,-34.1868],[150.9037,-34.1851],[150.9052,-34.1725],[150.9063,-34.1704],[150.9069,-34.1646],[150.9141,-34.1591],[150.9166,-34.1525],[150.9151,-34.1503],[150.9188,-34.1459],[150.9197,-34.1423],[150.9181,-34.1394],[150.9186,-34.137],[150.9224,-34.1338],[150.9226,-34.13],[150.9808,-34.1388],[150.9909,-34.1459],[151.0137,-34.1545],[151.0189,-34.156],[151.0159,-34.1593],[151.0143,-34.1638],[151.0159,-34.1664],[151.0544,-34.1718],[151.0552,-34.1677],[151.0608,-34.1685],[151.0603,-34.1715],[151.0666,-34.1724],[151.0717,-34.169],[151.0811,-34.1668],[151.0965,-34.1571],[151.0985,-34.154],[151.1023,-34.1537],[151.1097,-34.1494],[151.1182,-34.1418],[151.122,-34.1396],[151.1232,-34.1367],[151.1283,-34.1377],[151.1288,-34.1325],[151.1301,-34.1297],[151.1341,-34.1267],[151.1366,-34.1233],[151.136,-34.1205],[151.1387,-34.1196],[151.1411,-34.1166],[151.144,-34.1175],[151.152,-34.1145],[151.1514,-34.1115],[151.1604,-34.0995],[151.1635,-34.0981],[151.1712,-34.0884],[151.1716,-34.0815],[151.1689,-34.075],[151.1573,-34.0702],[151.1581,-34.067],[151.156,-34.0641],[151.1587,-34.0583],[151.1554,-34.0549],[151.1563,-34.0518],[151.1609,-34.0453],[151.1675,-34.0398],[151.1756,-34.0364],[151.1798,-34.0355],[151.1899,-34.0352],[151.1948,-34.0368],[151.1982,-34.0415],[151.201,-34.0394],[151.207,-34.0415],[151.2141,-34.0416],[151.2222,-34.0383],[151.2251,-34.0346],[151.2284,-34.0282],[151.2296,-34.0206],[151.2322,-34.0162],[151.2485,-34.0014],[151.2494,-33.9985],[151.2534,-33.9912],[151.2525,-33.9868],[151.255,-33.9828],[151.2519,-33.9789],[151.2596,-33.9761],[151.2579,-33.9716],[151.252,-33.9651],[151.2558,-33.965],[151.26,-33.9679],[151.2651,-33.9688],[151.2664,-33.9674],[151.2654,-33.9638],[151.2633,-33.9611],[151.2654,-33.9579],[151.2582,-33.9528],[151.2575,-33.9492],[151.2589,-33.9462],[151.2613,-33.9454],[151.2656,-33.9412],[151.2607,-33.9383],[151.2622,-33.933],[151.2601,-33.9308],[151.2613,-33.9273],[151.2583,-33.9231],[151.2591,-33.9202],[151.2657,-33.9164],[151.2704,-33.9151],[151.2719,-33.9132],[151.2703,-33.9106],[151.2704,-33.9066],[151.2686,-33.9041],[151.2713,-33.9004],[151.2747,-33.8996],[151.2744,-33.8941],[151.2786,-33.8913],[151.2814,-33.891],[151.2828,-33.8937],[151.2859,-33.8919],[151.2856,-33.8856],[151.2833,-33.879],[151.2843,-33.8747],[151.2842,-33.8649],[151.2831,-33.8626],[151.2863,-33.8574],[151.2878,-33.8499],[151.2849,-33.8433],[151.2853,-33.8412],[151.2821,-33.8365],[151.2811,-33.833],[151.3014,-33.8235],[151.3012,-33.8184],[151.3037,-33.8158],[151.3036,-33.8103],[151.3051,-33.8084],[151.2997,-33.8],[151.2932,-33.8003],[151.2991,-33.7962],[151.2959,-33.7936],[151.2961,-33.788],[151.289,-33.7871],[151.2914,-33.7852],[151.2915,-33.7813],[151.2961,-33.781],[151.2941,-33.7783],[151.2934,-33.7729],[151.2967,-33.7691],[151.3024,-33.7655],[151.3016,-33.7598],[151.2974,-33.7542],[151.2993,-33.7508],[151.309,-33.7438],[151.3149,-33.7419],[151.3138,-33.7388],[151.3086,-33.7389],[151.3062,-33.7352],[151.3015,-33.7303],[151.3,-33.7234],[151.3003,-33.7182],[151.3026,-33.7118],[151.3074,-33.704],[151.3103,-33.7032],[151.3095,-33.7004],[151.3108,-33.6983],[151.3153,-33.6958],[151.3122,-33.6944],[151.3091,-33.6914],[151.3094,-33.6884],[151.3168,-33.6756],[151.3203,-33.6748],[151.3183,-33.6703],[151.3199,-33.6667],[151.325,-33.6644],[151.3262,-33.6598],[151.324,-33.6576],[151.3239,-33.653],[151.3277,-33.6489],[151.3278,-33.6463],[151.3312,-33.6439],[151.3338,-33.6441],[151.3319,-33.6365],[151.3345,-33.6337],[151.3394,-33.634],[151.3408,-33.6268],[151.3439,-33.6243],[151.3405,-33.6205],[151.3395,-33.6174],[151.3337,-33.6162],[151.3321,-33.6129],[151.3329,-33.6083],[151.3354,-33.6075],[151.3357,-33.6044],[151.3253,-33.5982],[151.325,-33.5952],[151.3274,-33.5865],[151.3302,-33.5823],[151.3336,-33.5806],[151.3299,-33.5782],[151.3234,-33.5788],[151.3225,-33.5798],[151.3109,-33.5795],[151.3086,-33.5758],[151.3057,-33.5759],[151.3022,-33.5734],[151.292,-33.5718],[151.2893,-33.5734],[151.2848,-33.5722],[151.2796,-33.5719],[151.2735,-33.5774],[151.2677,-33.5794],[151.2604,-33.5794],[151.2512,-33.577],[151.242,-33.5673],[151.2398,-33.5609],[151.241,-33.5553],[151.2475,-33.5453],[151.2488,-33.5413],[151.2465,-33.5372],[151.2424,-33.5354],[151.2305,-33.5354],[151.2251,-33.5363],[151.2078,-33.5409],[151.1975,-33.5394],[151.1946,-33.5383],[151.1908,-33.5317],[151.1874,-33.519],[151.1864,-33.5102],[151.1841,-33.5058],[151.181,-33.504],[151.1765,-33.5063],[151.1742,-33.5096],[151.17,-33.5196],[151.1687,-33.5213],[151.1616,-33.5229],[151.1588,-33.5173],[151.158,-33.5083],[151.1583,-33.5026],[151.1569,-33.495],[151.1505,-33.4906],[151.1495,-33.4876],[151.1511,-33.4823],[151.1552,-33.4764],[151.1617,-33.4689],[151.1627,-33.4644],[151.1598,-33.4615],[151.1564,-33.4611],[151.1523,-33.4626],[151.1472,-33.4706],[151.1453,-33.4722],[151.1392,-33.4727],[151.1248,-33.4645],[151.1212,-33.4639],[151.1182,-33.4648],[151.1141,-33.4676],[151.1085,-33.4739],[151.1059,-33.4801],[151.1033,-33.4825],[151.0973,-33.4822],[151.0936,-33.4807],[151.0894,-33.4767],[151.0862,-33.4696],[151.0819,-33.4499],[151.0803,-33.4474],[151.0775,-33.4465],[151.0745,-33.4494],[151.0769,-33.4574],[151.076,-33.4598],[151.0714,-33.4614],[151.0687,-33.4603],[151.064,-33.4545],[151.0635,-33.4507],[151.0643,-33.4462],[151.0622,-33.442],[151.0526,-33.4411],[151.0484,-33.4377],[151.0459,-33.4311],[151.043,-33.4293],[151.0357,-33.4292],[151.0323,-33.4273],[151.0309,-33.4218],[151.0334,-33.4127],[151.0328,-33.4064],[151.0296,-33.4036],[151.0233,-33.401],[151.0172,-33.4],[151.0026,-33.4016],[150.9995,-33.4013],[150.9948,-33.3994],[150.9934,-33.3975],[150.9925,-33.3843],[150.9902,-33.3784],[150.9847,-33.3751],[150.9844,-33.3711],[150.9872,-33.3644],[150.9913,-33.3643],[150.9937,-33.363],[150.9951,-33.3595],[150.998,-33.3558],[151.0004,-33.3504],[151.0045,-33.3494],[151.0124,-33.3492],[151.0137,-33.3523],[151.0184,-33.3534],[151.0231,-33.3515],[151.0245,-33.3496],[151.0317,-33.3508],[151.0345,-33.35],[151.0395,-33.3468],[151.0422,-33.3436],[151.0444,-33.3441],[151.0514,-33.3409],[151.0565,-33.3429],[151.0638,-33.3418],[151.0667,-33.34],[151.0659,-33.3339],[151.0699,-33.3328],[151.0778,-33.3354],[151.0812,-33.3341],[151.0883,-33.3273],[151.0902,-33.3247],[151.0845,-33.3179],[151.0881,-33.316],[151.0897,-33.3137],[151.0938,-33.312],[151.0943,-33.3087],[151.0921,-33.307],[151.0953,-33.3026],[151.0937,-33.2953],[151.0952,-33.2918],[151.0932,-33.29],[151.0941,-33.2859],[151.0896,-33.2808],[151.0914,-33.2778],[151.0897,-33.2758],[151.0898,-33.2686],[151.0947,-33.2616],[151.0981,-33.2615],[151.097,-33.2583],[151.0994,-33.2537],[151.0984,-33.2506],[151.1003,-33.2419],[151.1039,-33.2362],[151.1061,-33.2342],[151.1062,-33.2285],[151.1042,-33.2274],[151.1021,-33.2222],[151.0991,-33.2215],[151.0982,-33.214],[151.0988,-33.2106],[151.0982,-33.2031],[151.1005,-33.1958],[151.0967,-33.1933],[151.0983,-33.19],[151.1,-33.1839],[151.1042,-33.1812],[151.1011,-33.1774],[151.1006,-33.1711],[151.1018,-33.1679],[151.101,-33.1626],[151.1058,-33.1515],[151.1057,-33.1505],[151.0996,-33.1444],[151.1009,-33.142],[151.1014,-33.1354],[151.1076,-33.1279],[151.1113,-33.1273],[151.1169,-33.1247],[151.1196,-33.1213],[151.1228,-33.1194],[151.1256,-33.1152],[151.1283,-33.1147],[151.1357,-33.1098]]]},"properties":{"name":"Greater Sydney"}},
{"type":"Feature","geometry":{"type":"Polygon","coordinates":[[[143.3522,-34.8585],[143.3549,-34.8614],[143.3544,-34.8657],[143.3513,-34.8712],[143.3523,-34.8744],[143.3558,-34.8767],[143.3614,-34.8767],[143.3641,-34.8743],[143.3666,-34.8657],[143.3665,-34.8616],[143.3691,-34.8588],[143.3735,-34.859],[143.3737,-34.8641],[143.3705,-34.8707],[143.371,-34.8729],[143.3771,-34.8727],[143.3817,-34.8758],[143.3843,-34.8753],[143.3848,-34.8706],[143.3892,-34.8703],[143.3948,-34.8684],[143.3966,-34.8699],[143.3968,-34.8731],[143.3988,-34.8759],[143.4078,-34.881],[143.4123,-34.8808],[143.4152,-34.8839],[143.4155,-34.8908],[143.4169,-34.8941],[143.4209,-34.8931],[143.4241,-34.8964],[143.4265,-34.8971],[143.4301,-34.8936],[143.4338,-34.8941],[143.4363,-34.8981],[143.4462,-34.897],[143.4489,-34.8989],[143.4486,-34.9008],[143.4447,-34.9019],[143.4471,-34.908],[143.4492,-34.9096],[143.453,-34.9093],[143.455,-34.9073],[143.4531,-34.9049],[143.4552,-34.9023],[143.461,-34.906],[143.4682,-34.9036],[143.4752,-34.9083],[143.4821,-34.9154],[143.4823,-34.9202],[143.4812,-34.9228],[143.4775,-34.9226],[143.4743,-34.9208],[143.4712,-34.921],[143.4662,-34.9253],[143.4691,-34.937],[143.4707,-34.939],[143.4782,-34.9444],[143.4806,-34.9493],[143.4788,-34.9554],[143.4792,-34.9584],[143.4764,-34.9621],[143.4741,-34.9679],[143.4805,-34.9695],[143.4835,-34.9692],[143.4848,-34.9718],[143.491,-34.9724],[143.4951,-34.9456],[143.4881,-34.9448],[143.4888,-34.9428],[143.491,-34.9288],[143.4923,-34.9226],[143.5087,-34.8217],[143.5148,-34.804],[143.5238,-34.7831],[143.5301,-34.7738],[143.5402,-34.7622],[143.5414,-34.7544],[143.5386,-34.7466],[143.539,-34.7424],[143.5416,-34.7317],[143.5748,-34.7356],[143.5772,-34.7315],[143.5802,-34.7287],[143.5819,-34.7252],[143.5793,-34.7216],[143.581,-34.7139],[143.5858,-34.7082],[143.5901,-34.7047],[143.5895,-34.7004],[143.5881,-34.6996],[143.5839,-34.6934],[143.599,-34.6954],[143.6003,-34.6926],[143.5995,-34.6903],[143.6003,-34.6863],[143.6277,-34.6894],[143.6362,-34.637],[143.6358,-34.6352],[143.6157,-34.6329],[143.6155,-34.6304],[143.6191,-34.63],[143.6233,-34.6312],[143.6242,-34.6288],[143.622,-34.6254],[143.6293,-34.6245],[143.6297,-34.6217],[143.6321,-34.6204],[143.6374,-34.6205],[143.6357,-34.6136],[143.6406,-34.6106],[143.6392,-34.6157],[143.644,-34.6165],[143.645,-34.614],[143.6508,-34.6122],[143.6453,-34.607],[143.6488,-34.6041],[143.6539,-34.6064],[143.6565,-34.605],[143.6564,-34.6025],[143.6541,-34.6001],[143.6472,-34.6008],[143.6488,-34.5957],[143.6513,-34.594],[143.6471,-34.5922],[143.6453,-34.5953],[143.638,-34.5943],[143.6379,-34.5908],[143.64,-34.5879],[143.636,-34.5855],[143.6367,-34.5823],[143.6407,-34.5795],[143.6408,-34.5777],[143.6478,-34.5756],[143.6519,-34.5755],[143.6531,-34.5719],[143.6524,-34.5696],[143.6493,-34.5685],[143.6489,-34.572],[143.6417,-34.5723],[143.6418,-34.5666],[143.6366,-34.5658],[143.6348,-34.5608],[143.6368,-34.56],[143.6439,-34.5599],[143.6439,-34.5549],[143.6428,-34.5523],[143.6474,-34.549],[143.6484,-34.5462],[143.6457,-34.5396],[143.6518,-34.5382],[143.6555,-34.5391],[143.6597,-34.5325],[143.6559,-34.5309],[143.6587,-34.5283],[143.6566,-34.526],[143.6587,-34.5224],[143.6641,-34.5234],[143.6739,-34.5229],[143.6772,-34.5244],[143.6785,-34.5208],[143.6833,-34.5209],[143.6807,-34.5169],[143.6873,-34.5153],[143.6845,-34.5128],[143.687,-34.5102],[143.6826,-34.5072],[143.6778,-34.5079],[143.6765,-34.5056],[143.6817,-34.5045],[143.6855,-34.4991],[143.6813,-34.4951],[143.6826,-34.4931],[143.6862,-34.4927],[143.6874,-34.4879],[143.6919,-34.4855],[143.6981,-34.4911],[143.7022,-34.4919],[143.7063,-34.4897],[143.7095,-34.4833],[143.7167,-34.4804],[143.7133,-34.4786],[143.7121,-34.4754],[143.7141,-34.4736],[143.7124,-34.4708],[143.7129,-34.4641],[143.7156,-34.4657],[143.7257,-34.465],[143.7257,-34.4621],[143.7305,-34.4621],[143.7287,-34.458],[143.7307,-34.4559],[143.7301,-34.4523],[143.7236,-34.4475],[143.7255,-34.4453],[143.7309,-34.4443],[143.7334,-34.4418],[143.7332,-34.4379],[143.7291,-34.4353],[143.7263,-34.4321],[143.727,-34.4305],[143.7327,-34.4322],[143.7361,-34.4323],[143.7363,-34.4287],[143.7316,-34.4236],[143.736,-34.4234],[143.741,-34.4213],[143.7348,-34.4189],[143.7395,-34.4154],[143.739,-34.4127],[143.7433,-34.413],[143.7439,-34.41],[143.7529,-34.4061],[143.7511,-34.402],[143.7544,-34.3969],[143.7606,-34.3963],[143.7662,-34.3967],[143.765,-34.394],[143.7717,-34.3896],[143.7785,-34.3903],[143.7841,-34.3921],[143.7863,-34.3868],[143.7848,-34.3855],[143.7799,-34.3884],[143.7777,-34.3844],[143.7815,-34.383],[143.7818,-34.3787],[143.7866,-34.3753],[143.79,-34.3763],[143.7948,-34.3738],[143.8006,-34.3726],[143.8023,-34.3767],[143.8049,-34.3798],[143.8087,-34.378],[143.8126,-34.37],[143.8146,-34.3706],[143.8169,-34.3744],[143.82,-34.3708],[143.824,-34.3711],[143.8245,-34.367],[143.8274,-34.3651],[143.8305,-34.3681],[143.8359,-34.3665],[143.8398,-34.3685],[143.8404,-34.3644],[143.8456,-34.363],[143.8406,-34.357],[143.8422,-34.354],[143.845,-34.3552],[143.8553,-34.3515],[143.8594,-34.3532],[143.8593,-34.3501],[143.8665,-34.3509],[143.8692,-34.3521],[143.8712,-34.3494],[143.8775,-34.3489],[143.8819,-34.3505],[143.8844,-34.3489],[143.8829,-34.3458],[143.8871,-34.3445],[143.8902,-34.3403],[143.8881,-34.3363],[143.8923,-34.3341],[143.8982,-34.3338],[143.8997,-34.3307],[143.9054,-34.3319],[143.9095,-34.3314],[143.9141,-34.3335],[143.9148,-34.3367],[143.9133,-34.339],[143.9178,-34.3407],[143.9167,-34.3437],[143.9137,-34.3455],[143.9165,-34.3488],[143.9151,-34.353],[143.9215,-34.3531],[143.9264,-34.3605],[143.9306,-34.3601],[143.9304,-34.3629],[143.9334,-34.3632],[143.9354,-34.361],[143.9469,-34.357],[143.949,-34.3599],[143.9519,-34.3586],[143.9496,-34.3558],[143.9524,-34.349],[143.9577,-34.3469],[143.9804,-34.3262],[144.0354,-34.2751],[144.037,-34.2734],[144.0426,-34.2747],[144.0452,-34.2735],[144.0487,-34.2743],[144.0515,-34.2728],[144.0556,-34.2761],[144.0631,-34.2733],[144.064,-34.2686],[144.0687,-34.2667],[144.0689,-34.2611],[144.0706,-34.2561],[144.0706,-34.2528],[144.0683,-34.2502],[144.0748,-34.2467],[144.0747,-34.2437],[144.072,-34.2421],[144.0769,-34.2369],[144.0731,-34.2362],[144.0774,-34.2319],[144.074,-34.2298],[144.0755,-34.2241],[144.0741,-34.2206],[144.0789,-34.2207],[144.0834,-34.214],[144.0851,-34.2154],[144.093,-34.2114],[144.0956,-34.2151],[144.1012,-34.2128],[144.1047,-34.2125],[144.1048,-34.2093],[144.1075,-34.2072],[144.107,-34.2045],[144.108,-34.1997],[144.1112,-34.1962],[144.1165,-34.1935],[144.1176,-34.19],[144.121,-34.1942],[144.1255,-34.1939],[144.1264,-34.1957],[144.1334,-34.1965],[144.1393,-34.2047],[144.1412,-34.2034],[144.1457,-34.2046],[144.1489,-34.2067],[144.1559,-34.2077],[144.1585,-34.2089],[144.1607,-34.2123],[144.1581,-34.2152],[144.1604,-34.2175],[144.1568,-34.2215],[144.1637,-34.2237],[144.1669,-34.2229],[144.1706,-34.2252],[144.1706,-34.2277],[144.1685,-34.2304],[144.1715,-34.2316],[144.1767,-34.2309],[144.1797,-34.2343],[144.183,-34.2358],[144.1826,-34.2397],[144.1854,-34.2397],[144.1858,-34.2433],[144.1905,-34.244],[144.1941,-34.2468],[144.197,-34.2451],[144.1978,-34.2485],[144.2007,-34.2495],[144.2027,-34.248],[144.2073,-34.2498],[144.2089,-34.2518],[144.2161,-34.2514],[144.2204,-34.2487],[144.2257,-34.2488],[144.2324,-34.2443],[144.2338,-34.242],[144.2377,-34.2411],[144.2403,-34.2426],[144.2426,-34.2409],[144.2388,-34.2379],[144.2381,-34.2343],[144.2399,-34.2327],[144.2463,-34.2345],[144.2523,-34.2317],[144.2591,-34.2334],[144.2608,-34.2364],[144.2645,-34.2379],[144.2685,-34.2341],[144.2727,-34.2354],[144.2701,-34.2377],[144.2736,-34.241],[144.2803,-34.2408],[144.2826,-34.2384],[144.2807,-34.2321],[144.2836,-34.2312],[144.2859,-34.2342],[144.2888,-34.2355],[144.2917,-34.2344],[144.2947,-34.2355],[144.2969,-34.2412],[144.2958,-34.244],[144.299,-34.2443],[144.303,-34.2416],[144.309,-34.2389],[144.3115,-34.2417],[144.3149,-34.2417],[144.3146,-34.2444],[144.3184,-34.2463],[144.3223,-34.2444],[144.3213,-34.2413],[144.3259,-34.2408],[144.3279,-34.2393],[144.3334,-34.2432],[144.3432,-34.2413],[144.3458,-34.2435],[144.3496,-34.242],[144.3489,-34.2379],[144.3531,-34.2392],[144.3568,-34.2374],[144.3625,-34.2406],[144.3665,-34.2392],[144.3643,-34.237],[144.369,-34.2347],[144.3736,-34.238],[144.3762,-34.2334],[144.3756,-34.2289],[144.3793,-34.2299],[144.3854,-34.2293],[144.3883,-34.2227],[144.3878,-34.2207],[144.3921,-34.2182],[144.3938,-34.2207],[144.4006,-34.2211],[144.4039,-34.2242],[144.4077,-34.2202],[144.4114,-34.2195],[144.4143,-34.2216],[144.4159,-34.2246],[144.4204,-34.2278],[144.4249,-34.2262],[144.4289,-34.2265],[144.4333,-34.2231],[144.4352,-34.2201],[144.4401,-34.2179],[144.4443,-34.2175],[144.4484,-34.2193],[144.4543,-34.2201],[144.4533,-34.2243],[144.4562,-34.2244],[144.458,-34.2207],[144.462,-34.2184],[144.4671,-34.2222],[144.4715,-34.22],[144.4739,-34.2206],[144.4754,-34.2171],[144.4787,-34.218],[144.4797,-34.2157],[144.4828,-34.2158],[144.4849,-34.2127],[144.492,-34.213],[144.495,-34.2114],[144.4991,-34.2126],[144.4996,-34.2096],[144.5029,-34.2059],[144.5083,-34.2034],[144.5188,-34.1903],[144.5194,-34.1849],[144.5264,-34.1836],[144.5304,-34.1862],[144.5316,-34.1842],[144.5377,-34.1814],[144.539,-34.1773],[144.5414,-34.1784],[144.5441,-34.1761],[144.5435,-34.1743],[144.548,-34.1718],[144.551,-34.1674],[144.553,-34.1627],[144.5476,-34.1633],[144.5489,-34.1597],[144.5479,-34.1578],[144.5489,-34.1536],[144.5537,-34.1518],[144.5515,-34.1491],[144.5539,-34.144],[144.5572,-34.1428],[144.5584,-34.1388],[144.5559,-34.1385],[144.5558,-34.135],[144.5598,-34.1339],[144.5609,-34.1301],[144.5643,-34.1317],[144.571,-34.1326],[144.578,-34.1324],[144.5786,-34.1299],[144.5847,-34.1263],[144.5865,-34.1199],[144.5921,-34.1189],[144.5935,-34.1167],[144.6002,-34.1189],[144.6038,-34.1179],[144.6057,-34.1153],[144.6072,-34.1064],[144.6104,-34.1053],[144.6113,-34.1025],[144.6145,-34.0999],[144.6188,-34.1001],[144.6214,-34.0975],[144.6244,-34.0968],[144.6234,-34.0941],[144.6257,-34.0925],[144.6263,-34.0888],[144.6337,-34.0879],[144.6351,-34.0844],[144.6391,-34.0859],[144.6415,-34.0828],[144.6505,-34.0808],[144.6536,-34.0823],[144.6591,-34.082],[144.6663,-34.0834],[144.6682,-34.0815],[144.6727,-34.0846],[144.6759,-34.085],[144.6756,-34.0811],[144.6772,-34.0762],[144.6797,-34.0729],[144.6882,-34.069],[144.6881,-34.0652],[144.6841,-34.0645],[144.6859,-34.0602],[144.683,-34.0568],[144.6881,-34.0551],[144.6887,-34.0523],[144.6875,-34.0485],[144.6667,-34.0461],[144.6599,-34.0422],[144.6541,-34.0414],[144.6503,-34.0422],[144.6508,-34.0389],[144.5787,-34.0306],[144.5582,-34.0284],[144.5626,-34.0007],[144.5524,-33.9997],[144.5612,-33.9488],[144.568,-33.9496],[144.5733,-33.9177],[144.5735,-33.9119],[144.5745,-33.9105],[144.5785,-33.8865],[144.5423,-33.8823],[144.5538,-33.8134],[144.5441,-33.8123],[144.5564,-33.7333],[144.5132,-33.7283],[144.5256,-33.6477],[144.5218,-33.6435],[144.5267,-33.6403],[144.5313,-33.6104],[144.4476,-33.6015],[144.4512,-33.5784],[144.4605,-33.5163],[144.4316,-33.5131],[144.4417,-33.452],[144.3907,-33.4465],[144.3915,-33.4406],[144.3824,-33.4398],[144.3847,-33.4251],[144.3948,-33.3632],[144.3651,-33.3599],[144.3666,-33.3241],[144.3577,-33.3228],[144.3588,-33.3082],[144.3674,-33.3075],[144.3687,-33.2827],[144.4138,-33.2865],[144.4157,-33.2792],[144.433,-33.2804],[144.4332,-33.2879],[144.4717,-33.2912],[144.4718,-33.299],[144.4887,-33.3005],[144.4911,-33.293],[144.5303,-33.2966],[144.5308,-33.2983],[144.5469,-33.3],[144.5492,-33.2855],[144.5775,-33.2886],[144.5776,-33.2849],[144.5802,-33.2684],[144.5957,-33.27],[144.598,-33.2551],[144.6094,-33.2563],[144.6122,-33.2378],[144.6426,-33.2411],[144.6457,-33.2224],[144.7051,-33.2285],[144.7334,-33.2318],[144.7419,-33.1736],[144.7426,-33.1703],[144.7487,-33.1714],[144.7499,-33.1673],[144.7477,-33.1653],[144.7476,-33.1615],[144.753,-33.1601],[144.752,-33.1569],[144.7545,-33.1532],[144.7601,-33.1568],[144.7604,-33.1607],[144.7682,-33.1616],[144.7704,-33.1578],[144.7758,-33.158],[144.778,-33.1635],[144.7889,-33.0947],[144.7982,-33.0362],[144.9131,-33.0491],[144.9089,-33.0744],[144.9423,-33.0783],[144.9411,-33.0848],[144.9628,-33.0873],[144.9635,-33.082],[144.9794,-33.0838],[144.9809,-33.073],[144.9859,-33.0705],[144.9864,-33.0667],[144.9823,-33.0633],[144.9875,-33.0264],[144.9844,-33.0259],[144.9849,-33.0216],[144.9936,-33.0225],[144.9917,-33.0337],[145.008,-33.0355],[145.0103,-33.0244],[145.027,-33.0263],[145.0277,-33.0219],[145.1076,-33.0337],[145.1087,-33.0266],[145.1188,-32.9537],[145.1273,-32.9547],[145.14,-32.8731],[145.1484,-32.8188],[145.1595,-32.7472],[145.165,-32.7148],[145.2494,-32.7244],[145.2573,-32.6713],[145.3443,-32.6825],[145.3306,-32.7667],[145.4137,-32.776],[145.416,-32.7623],[145.4665,-32.7239],[145.5103,-32.7288],[145.5033,-32.77],[145.5449,-32.7754],[145.538,-32.7831],[145.5506,-32.7918],[145.5599,-32.7818],[145.5687,-32.7579],[145.5603,-32.7568],[145.5569,-32.7657],[145.5492,-32.7648],[145.5526,-32.7562],[145.5525,-32.7495],[145.5544,-32.7363],[145.5566,-32.7336],[145.5951,-32.7377],[145.5865,-32.7962],[145.6719,-32.8057],[145.6653,-32.8484],[145.6516,-32.9358],[145.6685,-32.9364],[145.6585,-32.9985],[145.6453,-33.0801],[145.6865,-33.0819],[145.714,-33.0832],[145.7278,-33.0824],[145.7483,-33.0825],[145.7909,-33.0838],[145.8713,-33.0867],[145.8732,-33.0752],[145.9073,-33.0788],[145.9059,-33.0879],[145.9156,-33.0882],[145.9734,-33.0908],[146.0317,-33.0936],[146.0936,-33.1891],[146.0689,-33.204],[146.0589,-33.2118],[146.0749,-33.2406],[146.0951,-33.2762],[146.0983,-33.2711],[146.1007,-33.2724],[146.1045,-33.2669],[146.1075,-33.2668],[146.1043,-33.2613],[146.1083,-33.2607],[146.1098,-33.2668],[146.1147,-33.267],[146.1164,-33.2629],[146.1231,-33.2641],[146.1247,-33.2621],[146.124,-33.2589],[146.1303,-33.2614],[146.1263,-33.2516],[146.1266,-33.2486],[146.1254,-33.2439],[146.1325,-33.2434],[146.1348,-33.24],[146.1356,-33.2364],[146.1382,-33.2333],[146.1359,-33.2317],[146.1369,-33.2279],[146.1421,-33.2297],[146.1441,-33.2266],[146.1484,-33.2287],[146.1447,-33.2303],[146.1451,-33.2321],[146.1518,-33.2323],[146.1565,-33.2341],[146.1589,-33.2316],[146.1626,-33.2347],[146.1659,-33.2301],[146.169,-33.2337],[146.1705,-33.2316],[146.1776,-33.2285],[146.1765,-33.2327],[146.1857,-33.2335],[146.1947,-33.2335],[146.2007,-33.2365],[146.2019,-33.2332],[146.2067,-33.2319],[146.2143,-33.2325],[146.2201,-33.2285],[146.2231,-33.2308],[146.2236,-33.2334],[146.2293,-33.2323],[146.2334,-33.2363],[146.2313,-33.2403],[146.2356,-33.2409],[146.2387,-33.2392],[146.2437,-33.2346],[146.2472,-33.2327],[146.2526,-33.2366],[146.2541,-33.2354],[146.2543,-33.2317],[146.2522,-33.2306],[146.2474,-33.2252],[146.2452,-33.2244],[146.2475,-33.2193],[146.253,-33.2213],[146.2528,-33.2265],[146.2609,-33.2267],[146.2656,-33.2282],[146.2665,-33.2248],[146.2693,-33.2247],[146.271,-33.2277],[146.2762,-33.2254],[146.2817,-33.2263],[146.2834,-33.2242],[146.2893,-33.2273],[146.2912,-33.2266],[146.2895,-33.2221],[146.2913,-33.2192],[146.295,-33.2169],[146.2924,-33.2148],[146.2962,-33.2125],[146.2975,-33.2064],[146.2992,-33.2025],[146.2984,-33.2],[146.3017,-33.1971],[146.3056,-33.1977],[146.3082,-33.1906],[146.3109,-33.1895],[146.3128,-33.1916],[146.3166,-33.1907],[146.3204,-33.1913],[146.3261,-33.1906],[146.3273,-33.1927],[146.3322,-33.1938],[146.3336,-33.1913],[146.3365,-33.1935],[146.3402,-33.1917],[146.3413,-33.1896],[146.3462,-33.1916],[146.3468,-33.1937],[146.3533,-33.1929],[146.3584,-33.1947],[146.3588,-33.196],[146.3558,-33.2003],[146.3557,-33.2038],[146.3591,-33.2031],[146.3644,-33.1942],[146.376,-33.1957],[146.3823,-33.2173],[146.3724,-33.2194],[146.3686,-33.2208],[146.3703,-33.2247],[146.3705,-33.2282],[146.3734,-33.2327],[146.377,-33.2306],[146.3768,-33.2276],[146.38,-33.2267],[146.3842,-33.2358],[146.3881,-33.2355],[146.3896,-33.2321],[146.3851,-33.2305],[146.3858,-33.2284],[146.3923,-33.2287],[146.3954,-33.2266],[146.3997,-33.2254],[146.4023,-33.2267],[146.4065,-33.2267],[146.4105,-33.2246],[146.4119,-33.2211],[146.4162,-33.2224],[146.4171,-33.2194],[146.4206,-33.2203],[146.4275,-33.2206],[146.4279,-33.2175],[146.4301,-33.2167],[146.429,-33.2103],[146.4338,-33.2105],[146.4377,-33.2089],[146.4373,-33.2059],[146.441,-33.2051],[146.4395,-33.2028],[146.4414,-33.1995],[146.4417,-33.1962],[146.4468,-33.1985],[146.4483,-33.2032],[146.4569,-33.2004],[146.46,-33.1973],[146.4565,-33.1931],[146.4612,-33.1888],[146.4601,-33.1854],[146.4558,-33.1869],[146.4532,-33.1847],[146.4549,-33.1831],[146.4539,-33.1805],[146.4553,-33.1765],[146.454,-33.1728],[146.4602,-33.1742],[146.4625,-33.1708],[146.4673,-33.1694],[146.4645,-33.167],[146.4682,-33.1606],[146.4659,-33.1584],[146.4685,-33.1569],[146.4706,-33.1588],[146.4703,-33.1628],[146.4732,-33.1631],[146.4744,-33.1583],[146.4786,-33.1578],[146.4773,-33.1545],[146.4741,-33.1552],[146.4703,-33.1542],[146.4657,-33.1498],[146.4652,-33.1482],[146.4714,-33.1467],[146.4647,-33.141],[146.4634,-33.137],[146.4677,-33.1336],[146.4658,-33.1303],[146.4679,-33.128],[146.4635,-33.1248],[146.4645,-33.1221],[146.4672,-33.1213],[146.4722,-33.1233],[146.4748,-33.1189],[146.4741,-33.1149],[146.4771,-33.1128],[146.477,-33.1109],[146.4828,-33.1095],[146.484,-33.1056],[146.4903,-33.1074],[146.4913,-33.1104],[146.4946,-33.1091],[146.4974,-33.1105],[146.5027,-33.1077],[146.5039,-33.1054],[146.5079,-33.1044],[146.5128,-33.1074],[146.5178,-33.1073],[146.5212,-33.1046],[146.5241,-33.1068],[146.5259,-33.1054],[146.5227,-33.1004],[146.5247,-33.0973],[146.5298,-33.0992],[146.5319,-33.0958],[146.5344,-33.0975],[146.5366,-33.0953],[146.5373,-33.0921],[146.5438,-33.089],[146.5476,-33.092],[146.5492,-33.0841],[146.5529,-33.084],[146.5584,-33.088],[146.5567,-33.0899],[146.5568,-33.0943],[146.5596,-33.0965],[146.564,-33.0952],[146.5615,-33.0925],[146.5633,-33.0879],[146.566,-33.0868],[146.5661,-33.0843],[146.5685,-33.081],[146.5702,-33.0814],[146.5714,-33.0887],[146.5736,-33.0846],[146.5775,-33.0847],[146.5783,-33.0829],[146.5765,-33.0795],[146.5826,-33.0797],[146.5803,-33.0823],[146.5872,-33.0854],[146.5908,-33.085],[146.5939,-33.086],[146.5949,-33.0789],[146.599,-33.0769],[146.5994,-33.0754],[146.6039,-33.0747],[146.6071,-33.07],[146.6096,-33.071],[146.6136,-33.066],[146.6179,-33.064],[146.6204,-33.0651],[146.6229,-33.0636],[146.6281,-33.065],[146.6303,-33.0597],[146.634,-33.0578],[146.6348,-33.0554],[146.6397,-33.0547],[146.6403,-33.0507],[146.635,-33.0522],[146.6364,-33.0475],[146.6393,-33.046],[146.6414,-33.0406],[146.6441,-33.0417],[146.6435,-33.0357],[146.6543,-33.0319],[146.6615,-33.0298],[146.6658,-33.0248],[146.6713,-33.0238],[146.6744,-33.0266],[146.6778,-33.0265],[146.6774,-33.0294],[146.6824,-33.0286],[146.6905,-33.0233],[146.6923,-33.0252],[146.6971,-33.0251],[146.6956,-33.0283],[146.6986,-33.0288],[146.705,-33.032],[146.7055,-33.029],[146.7022,-33.0172],[146.6951,-32.9888],[146.6894,-32.9643],[146.6814,-32.9324],[146.6674,-32.8787],[146.6505,-32.8136],[146.6297,-32.7593],[146.6271,-32.757],[146.6236,-32.7399],[146.6141,-32.7055],[146.6105,-32.6893],[146.5985,-32.6461],[146.5822,-32.5843],[146.5601,-32.4958],[146.5539,-32.4739],[146.5346,-32.398],[146.53,-32.3813],[146.5296,-32.377],[146.5268,-32.3654],[146.528,-32.3633],[146.5267,-32.3581],[146.5242,-32.3557],[146.5205,-32.3435],[146.514,-32.3187],[146.5121,-32.3153],[146.5097,-32.3061],[146.5043,-32.2976],[146.5064,-32.2904],[146.4975,-32.2581],[146.491,-32.2324],[146.4862,-32.2125],[146.4766,-32.176],[146.4573,-32.1051],[146.449,-32.0765],[146.4471,-32.0691],[146.4337,-32.0141],[146.4312,-32.0042],[146.4256,-31.9847],[146.417,-31.9514],[146.4107,-31.9248],[146.3972,-31.871],[146.3858,-31.8283],[146.3705,-31.7665],[146.347,-31.6745],[146.3365,-31.6328],[146.3286,-31.6026],[146.3245,-31.5877],[146.3208,-31.5728],[146.354,-31.5334],[146.416,-31.4593],[146.4692,-31.3963],[146.501,-31.3587],[146.5397,-31.3119],[146.5479,-31.3021],[146.4939,-31.2208],[146.4667,-31.1797],[146.4387,-31.1937],[146.3659,-31.2293],[146.3454,-31.1983],[146.3372,-31.1941],[146.3349,-31.1906],[146.342,-31.1871],[146.3147,-31.1521],[146.3242,-31.1472],[146.3221,-31.1441],[146.3581,-31.1257],[146.3636,-31.1224],[146.3315,-31.0734],[146.3171,-31.0805],[146.2851,-31.032],[146.3478,-31.0013],[146.3503,-31.0051],[146.3864,-30.9867],[146.3943,-30.9832],[146.3934,-30.9815],[146.4383,-30.9609],[146.427,-30.9432],[146.416,-30.9483],[146.3673,-30.8709],[146.3602,-30.8742],[146.3455,-30.8531],[146.3603,-30.8247],[146.3762,-30.8166],[146.4057,-30.8021],[146.3739,-30.7692],[146.3403,-30.7353],[146.3195,-30.7138],[146.3825,-30.7023],[146.4306,-30.6932],[146.5078,-30.785],[146.5618,-30.8492],[146.6025,-30.8972],[146.6066,-30.9022],[146.662,-30.8915],[146.6544,-30.8624],[146.6418,-30.8647],[146.6256,-30.8365],[146.6755,-30.827],[146.7007,-30.8351],[146.7172,-30.8371],[146.72,-30.8198],[146.7969,-30.8053],[146.8779,-30.7899],[146.8911,-30.805],[146.9524,-30.793],[146.9527,-30.7924],[146.9369,-30.7761],[146.9028,-30.7376],[146.9199,-30.7341],[146.9884,-30.7213],[146.9892,-30.7227],[146.9975,-30.717],[147,-30.7164],[147.0031,-30.7178],[147.0063,-30.7151],[147.008,-30.7153],[147.0113,-30.7195],[147.0085,-30.7212],[147.0073,-30.7256],[147.011,-30.7275],[147.0087,-30.7307],[147.0098,-30.7342],[147.0086,-30.7373],[147.0114,-30.7424],[147.0145,-30.7409],[147.016,-30.7479],[147.019,-30.7458],[147.0221,-30.7505],[147.0207,-30.7529],[147.024,-30.7562],[147.0254,-30.7621],[147.0302,-30.7635],[147.0379,-30.7619],[147.0406,-30.7628],[147.0403,-30.7654],[147.0469,-30.7671],[147.0505,-30.7694],[147.0494,-30.7738],[147.0523,-30.7743],[147.0539,-30.7786],[147.0525,-30.7835],[147.0568,-30.7893],[147.0541,-30.7898],[147.0506,-30.7924],[147.0519,-30.7941],[147.0566,-30.7963],[147.054,-30.7999],[147.0604,-30.8058],[147.0631,-30.8062],[147.0664,-30.8092],[147.0626,-30.8136],[147.0651,-30.8142],[147.0651,-30.8179],[147.0684,-30.8194],[147.061,-30.8306],[147.0638,-30.8334],[147.055,-30.8405],[147.0555,-30.8427],[147.0534,-30.8538],[147.0616,-30.8541],[147.0808,-30.8563],[147.1136,-30.8376],[147.1161,-30.8348],[147.1183,-30.8258],[147.1542,-30.82],[147.2406,-30.8289],[147.2371,-30.8274],[147.2377,-30.8255],[147.245,-30.8274],[147.2474,-30.8215],[147.2458,-30.8186],[147.25,-30.8183],[147.2513,-30.8152],[147.2538,-30.814],[147.2512,-30.8107],[147.2515,-30.8043],[147.2539,-30.8022],[147.2523,-30.8001],[147.253,-30.797],[147.2503,-30.7938],[147.2465,-30.7924],[147.252,-30.7883],[147.2475,-30.7855],[147.2489,-30.7827],[147.2525,-30.7793],[147.248,-30.7776],[147.2483,-30.7743],[147.244,-30.7742],[147.2426,-30.7723],[147.2433,-30.7689],[147.2473,-30.7668],[147.2443,-30.7611],[147.2412,-30.7598],[147.2418,-30.7562],[147.239,-30.7552],[147.2415,-30.7524],[147.2455,-30.7521],[147.2465,-30.7503],[147.2447,-30.7478],[147.2419,-30.7469],[147.2391,-30.7497],[147.2371,-30.749],[147.2302,-30.7434],[147.2288,-30.7411],[147.2243,-30.7426],[147.225,-30.7372],[147.2198,-30.7376],[147.2169,-30.7348],[147.2166,-30.7302],[147.2141,-30.7287],[147.2142,-30.7253],[147.2099,-30.7218],[147.2076,-30.7178],[147.2037,-30.7171],[147.2088,-30.7133],[147.2086,-30.7062],[147.2113,-30.7039],[147.2171,-30.704],[147.217,-30.6997],[147.2207,-30.6935],[147.217,-30.6901],[147.2094,-30.686],[147.2096,-30.6832],[147.2127,-30.6823],[147.2131,-30.6795],[147.2102,-30.6775],[147.2144,-30.6759],[147.2148,-30.6723],[147.2198,-30.6693],[147.2166,-30.6678],[147.2123,-30.6629],[147.2125,-30.6609],[147.2093,-30.6598],[147.2103,-30.6566],[147.2086,-30.6546],[147.2051,-30.6547],[147.2057,-30.6508],[147.209,-30.6507],[147.2075,-30.645],[147.2121,-30.6442],[147.2114,-30.6402],[147.2079,-30.642],[147.2046,-30.6405],[147.2088,-30.6379],[147.2023,-30.6353],[147.205,-30.6331],[147.2018,-30.6316],[147.2022,-30.6257],[147.2078,-30.6259],[147.2049,-30.6225],[147.2094,-30.6218],[147.2049,-30.6181],[147.2034,-30.6112],[147.1191,-30.6014],[147.1087,-30.5632],[147.1076,-30.563],[147.0993,-30.5326],[147.1884,-30.5396],[147.1872,-30.5359],[147.1896,-30.5329],[147.1813,-30.5309],[147.1821,-30.5298],[147.1892,-30.5282],[147.1894,-30.5246],[147.1847,-30.5219],[147.1871,-30.5191],[147.1826,-30.5186],[147.1814,-30.5167],[147.1866,-30.514],[147.1856,-30.5115],[147.1793,-30.512],[147.182,-30.5068],[147.1804,-30.5044],[147.1835,-30.5015],[147.178,-30.4987],[147.1806,-30.4953],[147.1836,-30.4954],[147.184,-30.4916],[147.188,-30.4874],[147.1861,-30.4837],[147.179,-30.4842],[147.177,-30.4822],[147.1798,-30.4794],[147.1784,-30.4764],[147.1744,-30.4776],[147.175,-30.4731],[147.1738,-30.4719],[147.1693,-30.4722],[147.1654,-30.4698],[147.1647,-30.466],[147.1668,-30.4633],[147.1695,-30.4669],[147.1716,-30.4648],[147.1763,-30.4646],[147.1775,-30.461],[147.1798,-30.4599],[147.18,-30.4573],[147.1752,-30.4576],[147.1734,-30.4588],[147.1703,-30.4565],[147.1709,-30.4532],[147.1686,-30.4481],[147.1746,-30.4476],[147.1732,-30.443],[147.1737,-30.4405],[147.1682,-30.4371],[147.1712,-30.435],[147.1723,-30.4287],[147.166,-30.4299],[147.1655,-30.4279],[147.1705,-30.4246],[147.1655,-30.421],[147.1724,-30.4198],[147.1716,-30.417],[147.1743,-30.4163],[147.1746,-30.4139],[147.1711,-30.4126],[147.1707,-30.4096],[147.1728,-30.4024],[147.1957,-30.405],[147.1945,-30.4085],[147.2594,-30.4158],[147.2602,-30.4121],[147.3452,-30.4218],[147.3475,-30.4076],[147.3812,-30.4118],[147.4017,-30.4138],[147.421,-30.4162],[147.449,-30.419],[147.4648,-30.421],[147.478,-30.4231],[147.4879,-30.4243],[147.5119,-30.4263],[147.5294,-30.4287],[147.5565,-30.4318],[147.5607,-30.4292],[147.566,-30.4327],[147.5691,-30.4336],[147.5698,-30.4357],[147.5726,-30.436],[147.5733,-30.4409],[147.5733,-30.4484],[147.5781,-30.4568],[147.5789,-30.4629],[147.5813,-30.4658],[147.5866,-30.465],[147.5927,-30.4664],[147.5952,-30.4735],[147.6008,-30.4764],[147.6014,-30.4842],[147.6036,-30.4858],[147.6046,-30.4897],[147.6067,-30.4917],[147.6102,-30.4928],[147.6152,-30.4968],[147.6177,-30.5005],[147.6199,-30.5017],[147.6201,-30.5073],[147.6215,-30.5088],[147.6213,-30.5128],[147.6836,-30.5206],[147.7072,-30.5242],[147.7319,-30.5272],[147.7476,-30.5283],[147.8473,-30.5403],[147.8478,-30.5403],[147.8454,-30.4794],[147.9565,-30.432],[147.9565,-30.4308],[147.9607,-30.4252],[147.9674,-30.4236],[147.9707,-30.4208],[147.9704,-30.4167],[147.9715,-30.4132],[147.9747,-30.4105],[147.9758,-30.408],[147.9805,-30.405],[147.9843,-30.4045],[147.9906,-30.4009],[147.9948,-30.4018],[147.9987,-30.4009],[147.9963,-30.413],[148.0244,-30.4167],[148.0533,-30.4202],[148.0551,-30.4124],[148.1085,-30.4189],[148.1087,-30.4223],[148.1022,-30.4263],[148.1006,-30.4285],[148.1013,-30.4317],[148.098,-30.4358],[148.1034,-30.442],[148.1039,-30.4449],[148.0964,-30.4497],[148.0944,-30.4545],[148.093,-30.4655],[148.0973,-30.4751],[148.0955,-30.4808],[148.0964,-30.4842],[148.1008,-30.4889],[148.0976,-30.492],[148.0978,-30.4961],[148.1175,-30.5127],[148.1897,-30.4675],[148.2009,-30.4603],[148.2053,-30.4585],[148.2325,-30.4409],[148.2338,-30.4356],[148.2209,-30.3927],[148.2284,-30.3502],[148.2803,-30.3502],[148.2827,-30.3359],[148.2614,-30.3331],[148.2626,-30.3265],[148.2675,-30.3271],[148.269,-30.3182],[148.3024,-30.3221],[148.3031,-30.3182],[148.3225,-30.3335],[148.3226,-30.3329],[148.3956,-30.3907],[148.3955,-30.3943],[148.3912,-30.4189],[148.3973,-30.4236],[148.4361,-30.4545],[148.438,-30.4588],[148.4518,-30.4725],[148.4785,-30.497],[148.4788,-30.4984],[148.4745,-30.5076],[148.5067,-30.5242],[148.5095,-30.5252],[148.5519,-30.5469],[148.554,-30.5486],[148.5858,-30.5649],[148.587,-30.5644],[148.6437,-30.5816],[148.6468,-30.5628],[148.6714,-30.5657],[148.6737,-30.552],[148.662,-30.5506],[148.666,-30.5267],[148.7374,-30.5355],[148.7405,-30.5181],[148.8347,-30.5294],[148.8517,-30.5314],[148.8548,-30.5179],[148.8589,-30.494],[148.8583,-30.4924],[148.8765,-30.3853],[148.879,-30.3716],[148.8793,-30.3672],[148.8841,-30.3615],[148.8794,-30.3609],[148.8816,-30.3466],[148.8852,-30.3256],[148.8897,-30.3268],[148.8937,-30.3319],[148.8921,-30.3341],[148.8994,-30.3374],[148.9036,-30.3345],[148.9139,-30.3369],[148.9138,-30.3415],[148.921,-30.3376],[148.9228,-30.327],[148.9198,-30.3266],[148.9222,-30.3122],[148.9297,-30.3131],[148.9319,-30.2996],[148.9289,-30.3],[148.9311,-30.2872],[148.9262,-30.2861],[148.9291,-30.2685],[148.9284,-30.2685],[148.9316,-30.2484],[148.9382,-30.2042],[148.9402,-30.2044],[148.9428,-30.1878],[148.9814,-30.1678],[148.9749,-30.1562],[148.9749,-30.1539],[148.9706,-30.1497],[148.9796,-30.1386],[148.9933,-30.1174],[148.9972,-30.1159],[149.002,-30.1164],[149.001,-30.1223],[148.997,-30.1268],[149.0204,-30.1293],[149.0229,-30.1138],[149.0271,-30.1122],[149.0237,-30.1055],[149.0446,-30.0974],[149.0511,-30.092],[149.0551,-30.0925],[149.0578,-30.075],[149.0614,-30.0728],[149.0678,-30.0329],[149.0812,-30.0345],[149.0819,-30.0288],[149.0841,-30.0178],[149.091,-29.9752],[149.0943,-29.9593],[149.048,-29.9535],[149.0517,-29.927],[149.0522,-29.9194],[149.0591,-29.8762],[149.0596,-29.8762],[149.0623,-29.8605],[149.0658,-29.8587],[149.0751,-29.801],[149.0796,-29.7752],[149.0786,-29.7751],[149.0837,-29.7451],[149.0888,-29.7125],[149.0195,-29.6848],[148.9857,-29.6714],[148.9534,-29.6589],[148.8799,-29.6292],[148.881,-29.6227],[148.8773,-29.6223],[148.8969,-29.5038],[148.9008,-29.4784],[148.8984,-29.4769],[148.8949,-29.4787],[148.8917,-29.4772],[148.8904,-29.4815],[148.8847,-29.4792],[148.883,-29.483],[148.8747,-29.4842],[148.8715,-29.486],[148.8688,-29.4907],[148.8633,-29.4911],[148.8562,-29.4947],[148.8416,-29.4962],[148.8367,-29.4946],[148.8291,-29.4932],[148.8267,-29.4957],[148.8212,-29.4937],[148.8205,-29.4921],[148.8161,-29.4897],[148.8068,-29.499],[148.7979,-29.5034],[148.7907,-29.5046],[148.7891,-29.5066],[148.7866,-29.5015],[148.7841,-29.5042],[148.7807,-29.5056],[148.7767,-29.5041],[148.7741,-29.5054],[148.7702,-29.5026],[148.7667,-29.5032],[148.7623,-29.5004],[148.7616,-29.5035],[148.7552,-29.5039],[148.7552,-29.5066],[148.7515,-29.5098],[148.7462,-29.5057],[148.7397,-29.5061],[148.7341,-29.5048],[148.7298,-29.5086],[148.7295,-29.5122],[148.7262,-29.5141],[148.7231,-29.5134],[148.7198,-29.5111],[148.7129,-29.5108],[148.7107,-29.5119],[148.7084,-29.5157],[148.7032,-29.5154],[148.6997,-29.5139],[148.6978,-29.511],[148.6941,-29.5093],[148.6918,-29.5112],[148.6862,-29.5056],[148.6814,-29.5117],[148.678,-29.5088],[148.6791,-29.5035],[148.681,-29.5013],[148.685,-29.4996],[148.6825,-29.4953],[148.6866,-29.4953],[148.6855,-29.4839],[148.6813,-29.482],[148.6791,-29.477],[148.68,-29.4734],[148.6848,-29.4715],[148.6826,-29.468],[148.6834,-29.4634],[148.6865,-29.4595],[148.6891,-29.4548],[148.6925,-29.4538],[148.693,-29.4504],[148.6964,-29.4502],[148.6968,-29.4468],[148.6923,-29.4463],[148.6942,-29.4418],[148.6982,-29.4403],[148.6977,-29.436],[148.6944,-29.4331],[148.698,-29.4302],[148.6992,-29.4326],[148.7025,-29.4311],[148.7032,-29.4258],[148.7079,-29.4276],[148.711,-29.4245],[148.7158,-29.421],[148.7149,-29.4172],[148.7115,-29.4172],[148.7088,-29.4155],[148.7145,-29.4126],[148.7133,-29.4099],[148.7094,-29.406],[148.7072,-29.4026],[148.7081,-29.3953],[148.7055,-29.3909],[148.7017,-29.3881],[148.698,-29.3931],[148.6959,-29.3923],[148.6951,-29.3889],[148.6912,-29.3871],[148.6837,-29.3884],[148.6846,-29.3855],[148.6889,-29.3787],[148.6926,-29.3756],[148.6975,-29.3744],[148.6933,-29.3648],[148.6959,-29.365],[148.7028,-29.3632],[148.7037,-29.3609],[148.6987,-29.3587],[148.6943,-29.3582],[148.6923,-29.3522],[148.6892,-29.3501],[148.6925,-29.3467],[148.695,-29.3497],[148.6986,-29.3467],[148.6972,-29.3409],[148.6976,-29.3348],[148.6967,-29.3328],[148.698,-29.3301],[148.6967,-29.328],[148.6982,-29.3261],[148.702,-29.3307],[148.7063,-29.3306],[148.7088,-29.3264],[148.7093,-29.3213],[148.7118,-29.3223],[148.7141,-29.3176],[148.713,-29.3135],[148.7182,-29.3157],[148.7225,-29.3159],[148.7188,-29.3097],[148.7209,-29.3088],[148.7212,-29.3055],[148.7166,-29.3002],[148.7178,-29.2953],[148.7217,-29.2951],[148.7238,-29.2964],[148.7256,-29.3005],[148.7279,-29.2991],[148.7243,-29.2936],[148.724,-29.2869],[148.7209,-29.282],[148.7246,-29.28],[148.7283,-29.2739],[148.7307,-29.2765],[148.7333,-29.2747],[148.7338,-29.2677],[148.7314,-29.2677],[148.7329,-29.2636],[148.7383,-29.2678],[148.7398,-29.2609],[148.7367,-29.2591],[148.7331,-29.2548],[148.7379,-29.2517],[148.7369,-29.2481],[148.7418,-29.2487],[148.7428,-29.2435],[148.7423,-29.2405],[148.7475,-29.2378],[148.75,-29.2381],[148.7495,-29.2321],[148.7509,-29.2248],[148.7532,-29.2225],[148.7567,-29.2217],[148.7542,-29.2174],[148.7608,-29.2161],[148.762,-29.212],[148.7587,-29.2092],[148.7619,-29.206],[148.7649,-29.2089],[148.7678,-29.2084],[148.7664,-29.203],[148.7641,-29.2027],[148.7635,-29.1972],[148.766,-29.1919],[148.7692,-29.1908],[148.7711,-29.1865],[148.7748,-29.1866],[148.7752,-29.1893],[148.7811,-29.1889],[148.7827,-29.1846],[148.787,-29.1865],[148.7888,-29.1851],[148.7922,-29.1867],[148.7951,-29.1838],[148.7969,-29.1843],[148.7975,-29.188],[148.8002,-29.1875],[148.8026,-29.1833],[148.8057,-29.1814],[148.804,-29.1778],[148.8092,-29.1757],[148.8069,-29.1733],[148.8079,-29.1707],[148.7984,-29.1658],[148.8004,-29.1637],[148.7972,-29.1548],[148.7996,-29.1484],[148.7993,-29.1448],[148.797,-29.1411],[148.8028,-29.135],[148.8033,-29.1302],[148.7993,-29.1301],[148.8013,-29.127],[148.8022,-29.1232],[148.8042,-29.1205],[148.807,-29.1219],[148.8073,-29.1167],[148.8042,-29.1143],[148.8072,-29.1127],[148.8072,-29.1065],[148.8045,-29.102],[148.8052,-29.0994],[148.8085,-29.094],[148.8111,-29.092],[148.8137,-29.0943],[148.8174,-29.0937],[148.8156,-29.0909],[148.8157,-29.0882],[148.8128,-29.0848],[148.8191,-29.0757],[148.8246,-29.0719],[148.8245,-29.0684],[148.8303,-29.0654],[148.8329,-29.0653],[148.8398,-29.0698],[148.8446,-29.0673],[148.8454,-29.0651],[148.8494,-29.0641],[148.8504,-29.0599],[148.8481,-29.0577],[148.8479,-29.0554],[148.8518,-29.0548],[148.8524,-29.0522],[148.8546,-29.0504],[148.859,-29.0509],[148.8591,-29.0469],[148.8602,-29.045],[148.8634,-29.0459],[148.8642,-29.0428],[148.8671,-29.0412],[148.8681,-29.0439],[148.8739,-29.0417],[148.8777,-29.0418],[148.8789,-29.0391],[148.8767,-29.0365],[148.8777,-29.032],[148.8832,-29.0316],[148.8858,-29.036],[148.8887,-29.0338],[148.8884,-29.0315],[148.8924,-29.0314],[148.8919,-29.0281],[148.8939,-29.027],[148.8976,-29.0276],[148.8956,-29.0234],[148.8996,-29.0212],[148.9057,-29.0218],[148.9094,-29.0213],[148.9125,-29.0222],[148.9155,-29.0203],[148.9213,-29.0217],[148.9232,-29.0252],[148.9361,-29.0244],[148.9416,-29.0247],[148.943,-29.0199],[148.9443,-29.0191],[148.9483,-29.0112],[148.9507,-29.0095],[148.9543,-29.0109],[148.9538,-29.0066],[148.9583,-29.0053],[148.9581,-28.9991],[148.8574,-28.9991],[148.7762,-28.9991],[148.657,-28.9991],[148.5922,-28.9991],[148.5037,-28.9991],[148.4271,-28.9991],[148.3596,-28.9991],[148.2563,-28.9991],[148.164,-28.9991],[148.0456,-28.9991],[147.9142,-28.9991],[147.8316,-28.9992],[147.7439,-28.9992],[147.65,-28.9992],[147.5742,-28.9992],[147.4849,-28.9991],[147.3694,-28.9992],[147.2638,-28.9991],[147.1548,-28.9991],[147.0722,-28.9991],[146.9897,-28.9991],[146.9237,-28.9991],[146.8081,-28.9991],[146.7421,-28.9991],[146.6761,-28.9991],[146.577,-28.999],[146.4944,-28.999],[146.4119,-28.9991],[146.3293,-28.9991],[146.2462,-28.9991],[146.1642,-28.9991],[146.0816,-28.9991],[145.999,-28.9991],[145.9165,-28.9991],[145.8339,-28.9991],[145.7513,-28.9991],[145.6676,-28.9991],[145.5862,-28.9991],[145.5257,-28.9991],[145.421,-28.9991],[145.3384,-28.9991],[145.2548,-28.9991],[145.1705,-28.9991],[145.0907,-28.9991],[145.0081,-28.9991],[144.8742,-28.9991],[144.7474,-28.9991],[144.6778,-28.9991],[144.5953,-28.9991],[144.5127,-28.9991],[144.4139,-28.9991],[144.3321,-28.9991],[144.25,-28.9991],[144.1667,-28.9991],[144.0833,-28.9991],[143.9481,-28.9992],[143.8503,-28.9991],[143.7869,-28.9991],[143.687,-28.9991],[143.6,-28.9991],[143.5375,-28.9991],[143.4,-28.999],[143.2908,-28.9991],[143.1761,-28.999],[143.0388,-28.999],[143.0009,-28.9989],[142.912,-28.999],[142.8,-28.999],[142.7,-28.9991],[142.6033,-28.999],[142.5,-28.9991],[142.4,-28.999],[142.3418,-28.9991],[142.258,-28.9991],[142.2,-28.999],[142.1014,-28.999],[142.0189,-28.999],[141.8922,-28.9991],[141.8,-28.999],[141.7,-28.9991],[141.6392,-28.9991],[141.5908,-28.999],[141.5,-28.999],[141.3739,-28.9991],[141.3,-28.999],[141.2,-28.999],[141.1109,-28.9991],[140.9993,-28.9991],[140.9993,-29.1796],[140.9994,-29.2341],[140.9995,-29.3299],[140.9996,-29.4433],[140.9997,-29.5591],[140.9997,-29.6466],[140.9998,-29.7324],[140.9999,-29.8182],[140.9999,-29.9041],[141,-29.9868],[141.0001,-30.0812],[141.0001,-30.1841],[141.0002,-30.2859],[141.0002,-30.3842],[141.0003,-30.4755],[141.0003,-30.5167],[141.0004,-30.6209],[141.0004,-30.7077],[141.0004,-30.7573],[141.0004,-30.8443],[141.0004,-30.9209],[141.0003,-30.97],[141.0003,-31.0478],[141.0004,-31.0924],[141.0003,-31.2001],[141.0004,-31.2769],[141.0005,-31.3538],[141.0006,-31.4241],[141.0008,-31.5916],[141.0009,-31.6839],[141.0009,-31.7403],[141.001,-31.8163],[141.0011,-31.909],[141.0012,-31.9537],[141.0011,-32.0232],[141.0011,-32.1022],[141.0011,-32.2183],[141.0011,-32.2944],[141.0011,-32.3449],[141.001,-32.4642],[141.001,-32.5373],[141.001,-32.6312],[141.001,-32.7107],[141.0011,-32.7868],[141.0012,-32.8579],[141.0015,-32.9327],[141.0016,-32.9875],[141.0019,-33.0749],[141.0021,-33.1997],[141.0023,-33.329],[141.0024,-33.4374],[141.0025,-33.5272],[141.0026,-33.6454],[141.0026,-33.7465],[141.0027,-33.8233],[141.0028,-33.9294],[141.0029,-33.9471],[141.003,-34.0225],[141.0117,-34.0258],[141.0048,-34.0264],[141.0029,-34.0294],[141.0037,-34.0326],[141.0018,-34.0376],[141.0028,-34.0406],[141.0072,-34.0426],[141.0089,-34.0447],[141.015,-34.0463],[141.018,-34.0485],[141.0181,-34.054],[141.0194,-34.0573],[141.0225,-34.0594],[141.0269,-34.0592],[141.0275,-34.0574],[141.0232,-34.0525],[141.0247,-34.0502],[141.0294,-34.049],[141.0324,-34.0471],[141.0311,-34.0413],[141.033,-34.0361],[141.0368,-34.0364],[141.0414,-34.0395],[141.0435,-34.0449],[141.0401,-34.0493],[141.0395,-34.0528],[141.041,-34.0598],[141.0439,-34.0617],[141.0478,-34.0617],[141.0534,-34.0573],[141.0624,-34.0544],[141.0665,-34.051],[141.0672,-34.0562],[141.069,-34.0604],[141.0737,-34.0637],[141.0768,-34.0636],[141.08,-34.0616],[141.084,-34.061],[141.0865,-34.064],[141.0855,-34.0674],[141.0831,-34.0695],[141.0845,-34.0734],[141.0875,-34.0757],[141.0937,-34.0752],[141.0966,-34.0713],[141.0959,-34.0608],[141.0941,-34.0594],[141.0876,-34.0584],[141.0875,-34.0554],[141.0931,-34.0512],[141.0976,-34.0501],[141.1018,-34.052],[141.1049,-34.0594],[141.1075,-34.0613],[141.1203,-34.0649],[141.1277,-34.0637],[141.138,-34.0582],[141.1373,-34.0611],[141.1398,-34.0632],[141.1436,-34.0631],[141.1438,-34.0585],[141.1457,-34.0559],[141.1534,-34.0552],[141.1512,-34.0603],[141.1538,-34.0638],[141.1441,-34.0671],[141.1468,-34.0696],[141.1504,-34.0682],[141.1536,-34.0706],[141.1528,-34.0797],[141.1533,-34.0816],[141.157,-34.0842],[141.1636,-34.084],[141.1678,-34.0821],[141.1724,-34.0735],[141.1751,-34.0737],[141.1754,-34.0824],[141.178,-34.0851],[141.1796,-34.0897],[141.1843,-34.0919],[141.1922,-34.0909],[141.1945,-34.086],[141.193,-34.0833],[141.189,-34.0811],[141.1927,-34.0779],[141.1935,-34.0742],[141.1983,-34.0731],[141.2009,-34.0702],[141.2019,-34.0655],[141.2072,-34.0612],[141.2129,-34.0624],[141.2137,-34.0646],[141.217,-34.065],[141.2202,-34.0621],[141.2227,-34.0634],[141.2217,-34.0675],[141.2262,-34.073],[141.2315,-34.0733],[141.2367,-34.0703],[141.2373,-34.0641],[141.2407,-34.0617],[141.2434,-34.0624],[141.2448,-34.0689],[141.2473,-34.073],[141.2458,-34.0769],[141.2417,-34.082],[141.2421,-34.0867],[141.2474,-34.0881],[141.2493,-34.0865],[141.2509,-34.0803],[141.2554,-34.0775],[141.261,-34.079],[141.264,-34.0831],[141.2658,-34.0879],[141.2687,-34.0921],[141.2754,-34.0982],[141.2798,-34.0991],[141.283,-34.1033],[141.2985,-34.107],[141.2982,-34.1112],[141.3024,-34.114],[141.3127,-34.1118],[141.3181,-34.1129],[141.3184,-34.1163],[141.3135,-34.1239],[141.3139,-34.1257],[141.3178,-34.1274],[141.3221,-34.1256],[141.3257,-34.1265],[141.3263,-34.1293],[141.3231,-34.1332],[141.3232,-34.1376],[141.3254,-34.139],[141.3286,-34.1383],[141.331,-34.1356],[141.3319,-34.1317],[141.3339,-34.1302],[141.3422,-34.1276],[141.3464,-34.1243],[141.3475,-34.1207],[141.347,-34.1151],[141.3478,-34.113],[141.3518,-34.1103],[141.3602,-34.1102],[141.3644,-34.1144],[141.3651,-34.1199],[141.3684,-34.1254],[141.3691,-34.1207],[141.3736,-34.1191],[141.3819,-34.1213],[141.3857,-34.1251],[141.3869,-34.1288],[141.3862,-34.132],[141.3888,-34.1342],[141.3923,-34.1332],[141.3971,-34.1295],[141.4053,-34.1257],[141.4095,-34.1273],[141.4116,-34.1309],[141.4083,-34.138],[141.407,-34.1425],[141.4079,-34.1457],[141.4122,-34.1487],[141.417,-34.1495],[141.4209,-34.1489],[141.4281,-34.1454],[141.433,-34.1446],[141.4357,-34.1468],[141.4339,-34.1511],[141.4327,-34.1574],[141.4356,-34.1612],[141.4401,-34.1631],[141.4452,-34.1676],[141.4485,-34.1667],[141.4478,-34.1618],[141.4529,-34.1604],[141.4614,-34.1647],[141.4656,-34.165],[141.4687,-34.1634],[141.4705,-34.1583],[141.4741,-34.1589],[141.4808,-34.1627],[141.4852,-34.1615],[141.4851,-34.1565],[141.4883,-34.1535],[141.4938,-34.1534],[141.4974,-34.1548],[141.5017,-34.158],[141.5059,-34.1684],[141.5079,-34.1723],[141.5127,-34.1785],[141.5182,-34.1794],[141.5193,-34.1829],[141.5163,-34.1849],[141.5105,-34.1868],[141.5076,-34.1909],[141.5087,-34.1943],[141.5141,-34.1973],[141.5191,-34.203],[141.5186,-34.206],[141.5162,-34.2081],[141.5089,-34.2089],[141.5064,-34.2116],[141.5092,-34.2155],[141.513,-34.2158],[141.5179,-34.213],[141.5256,-34.2125],[141.5318,-34.2113],[141.5355,-34.2065],[141.5351,-34.204],[141.5308,-34.1976],[141.5308,-34.1929],[141.533,-34.1912],[141.538,-34.1916],[141.5451,-34.1999],[141.5492,-34.2002],[141.556,-34.1969],[141.5579,-34.1916],[141.5598,-34.1904],[141.5671,-34.1908],[141.5742,-34.1957],[141.5784,-34.1962],[141.5843,-34.1983],[141.5878,-34.1949],[141.5881,-34.1876],[141.5917,-34.1866],[141.5942,-34.1902],[141.6,-34.1916],[141.6039,-34.1895],[141.6048,-34.1854],[141.6005,-34.1828],[141.5935,-34.1829],[141.5891,-34.1792],[141.5897,-34.1745],[141.5944,-34.1717],[141.6012,-34.1692],[141.603,-34.1654],[141.5999,-34.1576],[141.5982,-34.1563],[141.5904,-34.1585],[141.5874,-34.1582],[141.5835,-34.1551],[141.5832,-34.1518],[141.5884,-34.1504],[141.5927,-34.1532],[141.5978,-34.1534],[141.6013,-34.1497],[141.6047,-34.1487],[141.6095,-34.1511],[141.6116,-34.155],[141.6137,-34.1562],[141.619,-34.1551],[141.6203,-34.1536],[141.6195,-34.1491],[141.6119,-34.1403],[141.6124,-34.1377],[141.6173,-34.1393],[141.6193,-34.1426],[141.6228,-34.1447],[141.6259,-34.1448],[141.6297,-34.143],[141.631,-34.1395],[141.629,-34.1289],[141.6311,-34.1214],[141.6346,-34.1189],[141.6431,-34.1184],[141.6539,-34.1161],[141.6645,-34.1094],[141.6727,-34.1033],[141.6777,-34.1008],[141.6868,-34.1017],[141.6921,-34.0989],[141.7049,-34.095],[141.7098,-34.0965],[141.7118,-34.0992],[141.7121,-34.1085],[141.715,-34.1137],[141.7171,-34.1143],[141.7223,-34.1127],[141.7291,-34.1051],[141.7293,-34.1036],[141.725,-34.0973],[141.725,-34.0933],[141.7265,-34.0915],[141.7324,-34.0907],[141.737,-34.0936],[141.7396,-34.097],[141.7461,-34.1025],[141.7508,-34.1025],[141.7542,-34.1007],[141.7568,-34.0973],[141.7613,-34.0963],[141.7629,-34.1004],[141.7559,-34.1044],[141.7538,-34.1077],[141.7575,-34.1113],[141.761,-34.1112],[141.7662,-34.1069],[141.7743,-34.1023],[141.7786,-34.1016],[141.7801,-34.1056],[141.7761,-34.1114],[141.7768,-34.1162],[141.7806,-34.1154],[141.7832,-34.1123],[141.7876,-34.1115],[141.7929,-34.1151],[141.7979,-34.1144],[141.8021,-34.115],[141.8072,-34.1195],[141.8148,-34.1203],[141.8265,-34.1272],[141.8314,-34.1291],[141.8416,-34.1317],[141.844,-34.1307],[141.8466,-34.1265],[141.851,-34.124],[141.8529,-34.1247],[141.8525,-34.1296],[141.8547,-34.1308],[141.8616,-34.1281],[141.8662,-34.1276],[141.8721,-34.1301],[141.8768,-34.1376],[141.8795,-34.1361],[141.8795,-34.1315],[141.8817,-34.129],[141.8874,-34.1258],[141.8886,-34.1214],[141.8848,-34.117],[141.8853,-34.1147],[141.8926,-34.1142],[141.9009,-34.1112],[141.9036,-34.1113],[141.9112,-34.1152],[141.9191,-34.1155],[141.9218,-34.1142],[141.9252,-34.1201],[141.9302,-34.1245],[141.9306,-34.1271],[141.9265,-34.1332],[141.9284,-34.1361],[141.9329,-34.1376],[141.937,-34.1362],[141.9379,-34.1331],[141.9372,-34.1288],[141.9381,-34.1248],[141.9404,-34.1216],[141.944,-34.1196],[141.949,-34.1207],[141.9515,-34.1252],[141.957,-34.1311],[141.9637,-34.1358],[141.9672,-34.1363],[141.9704,-34.135],[141.9711,-34.1329],[141.968,-34.1256],[141.968,-34.1222],[141.9702,-34.1168],[141.9744,-34.1133],[141.9818,-34.1119],[141.9863,-34.1129],[141.992,-34.1202],[141.9989,-34.1185],[142.005,-34.1221],[142.0103,-34.1235],[142.0133,-34.1253],[142.0209,-34.1253],[142.0243,-34.1233],[142.0235,-34.1206],[142.0165,-34.1173],[142.0147,-34.1135],[142.0148,-34.1087],[142.0126,-34.1073],[142.014,-34.1044],[142.0204,-34.1062],[142.0277,-34.1061],[142.0361,-34.0996],[142.039,-34.1003],[142.0422,-34.1034],[142.042,-34.1059],[142.0337,-34.1116],[142.0295,-34.118],[142.0287,-34.1233],[142.0303,-34.1268],[142.0336,-34.1289],[142.039,-34.1294],[142.0478,-34.1257],[142.0527,-34.1254],[142.0636,-34.1259],[142.0736,-34.1302],[142.0777,-34.1353],[142.076,-34.1405],[142.0731,-34.1425],[142.0693,-34.1429],[142.0653,-34.1473],[142.0659,-34.1513],[142.0699,-34.1543],[142.0746,-34.155],[142.0774,-34.1571],[142.0795,-34.1615],[142.0817,-34.1685],[142.0819,-34.1724],[142.0863,-34.1733],[142.0903,-34.1716],[142.0945,-34.172],[142.1006,-34.1745],[142.1058,-34.1774],[142.1109,-34.1751],[142.1209,-34.174],[142.1212,-34.1687],[142.1185,-34.1601],[142.1201,-34.1567],[142.1241,-34.1562],[142.1309,-34.1595],[142.1342,-34.1605],[142.1397,-34.1587],[142.1422,-34.1529],[142.1463,-34.1487],[142.1498,-34.1485],[142.1558,-34.1506],[142.1658,-34.152],[142.1668,-34.1538],[142.1657,-34.1572],[142.1611,-34.1642],[142.1596,-34.1699],[142.161,-34.1718],[142.1659,-34.1706],[142.1667,-34.1725],[142.1636,-34.1763],[142.1667,-34.1828],[142.176,-34.1844],[142.1803,-34.1816],[142.1811,-34.177],[142.1836,-34.1757],[142.1894,-34.1801],[142.1986,-34.1835],[142.2064,-34.1837],[142.2164,-34.1808],[142.2203,-34.1817],[142.2238,-34.1863],[142.2277,-34.1892],[142.227,-34.1949],[142.2281,-34.1982],[142.2293,-34.2077],[142.2321,-34.2085],[142.2348,-34.2048],[142.2383,-34.2047],[142.2434,-34.2092],[142.2442,-34.2126],[142.2435,-34.2167],[142.2404,-34.2181],[142.2358,-34.2226],[142.2368,-34.2259],[142.2403,-34.2275],[142.244,-34.2325],[142.245,-34.2379],[142.2435,-34.2461],[142.2408,-34.2484],[142.2347,-34.2497],[142.2321,-34.2556],[142.2355,-34.2575],[142.2401,-34.2576],[142.2443,-34.2597],[142.2476,-34.263],[142.2496,-34.2666],[142.2488,-34.2695],[142.2456,-34.2737],[142.2448,-34.2774],[142.2488,-34.2837],[142.2489,-34.2856],[142.2464,-34.2897],[142.2422,-34.2928],[142.237,-34.295],[142.2341,-34.2952],[142.2319,-34.2983],[142.2318,-34.3017],[142.2363,-34.3073],[142.2389,-34.3079],[142.2488,-34.3072],[142.2537,-34.3061],[142.257,-34.3039],[142.2673,-34.2953],[142.2695,-34.2964],[142.2711,-34.3022],[142.2729,-34.3039],[142.2771,-34.3033],[142.2845,-34.297],[142.2862,-34.2966],[142.2921,-34.3023],[142.2985,-34.3048],[142.2961,-34.3074],[142.2919,-34.3061],[142.288,-34.3065],[142.2854,-34.3088],[142.2802,-34.3166],[142.2801,-34.3208],[142.2841,-34.3268],[142.2869,-34.3269],[142.2941,-34.3234],[142.3003,-34.3286],[142.3074,-34.33],[142.3137,-34.3295],[142.3178,-34.3312],[142.32,-34.3356],[142.323,-34.3376],[142.3285,-34.3391],[142.3337,-34.3393],[142.344,-34.338],[142.3486,-34.3366],[142.3526,-34.3327],[142.3574,-34.3315],[142.3604,-34.329],[142.3651,-34.3271],[142.3688,-34.327],[142.3706,-34.3295],[142.3745,-34.3318],[142.3804,-34.3311],[142.3857,-34.334],[142.3889,-34.3339],[142.3949,-34.336],[142.3977,-34.3405],[142.396,-34.3443],[142.3888,-34.343],[142.3861,-34.3441],[142.3844,-34.3473],[142.3851,-34.3521],[142.3884,-34.3578],[142.392,-34.361],[142.3863,-34.3643],[142.3825,-34.3627],[142.3803,-34.3603],[142.3713,-34.3578],[142.3643,-34.3609],[142.3634,-34.3625],[142.3669,-34.365],[142.3725,-34.3623],[142.3752,-34.362],[142.3787,-34.3644],[142.3776,-34.3673],[142.3693,-34.3694],[142.3683,-34.3714],[142.3702,-34.3742],[142.3698,-34.3804],[142.3708,-34.3835],[142.3741,-34.3864],[142.3724,-34.3885],[142.3694,-34.386],[142.3649,-34.3852],[142.3608,-34.3893],[142.3514,-34.3951],[142.3514,-34.399],[142.3562,-34.3994],[142.3561,-34.4011],[142.3519,-34.405],[142.3523,-34.4075],[142.3592,-34.4099],[142.3603,-34.4129],[142.3519,-34.4198],[142.3521,-34.4227],[142.3568,-34.4237],[142.3611,-34.4221],[142.3647,-34.4227],[142.3629,-34.4286],[142.3599,-34.4314],[142.3676,-34.4359],[142.3624,-34.438],[142.3605,-34.4417],[142.3647,-34.4484],[142.3625,-34.453],[142.3603,-34.4599],[142.354,-34.4642],[142.3527,-34.4675],[142.3539,-34.4709],[142.3577,-34.4724],[142.3629,-34.4697],[142.3671,-34.4699],[142.3719,-34.4718],[142.3754,-34.4707],[142.3775,-34.4677],[142.3805,-34.4684],[142.3837,-34.4774],[142.382,-34.4788],[142.3779,-34.4766],[142.3748,-34.4768],[142.3715,-34.4811],[142.3669,-34.4828],[142.3624,-34.4864],[142.359,-34.4932],[142.3601,-34.4995],[142.3702,-34.503],[142.3715,-34.4971],[142.377,-34.4924],[142.3808,-34.4917],[142.3902,-34.4927],[142.3929,-34.4936],[142.3937,-34.4964],[142.3891,-34.4979],[142.3849,-34.5069],[142.3764,-34.5133],[142.377,-34.5167],[142.3815,-34.5187],[142.3839,-34.5185],[142.3917,-34.5154],[142.3954,-34.5162],[142.4011,-34.5217],[142.4004,-34.5242],[142.3971,-34.5247],[142.3854,-34.5246],[142.3766,-34.5266],[142.3712,-34.5271],[142.3689,-34.5284],[142.3714,-34.534],[142.3738,-34.5342],[142.3776,-34.5312],[142.3796,-34.534],[142.3771,-34.5378],[142.3784,-34.5408],[142.3874,-34.5447],[142.3904,-34.5481],[142.3992,-34.5468],[142.4029,-34.542],[142.4076,-34.5418],[142.4078,-34.5465],[142.4121,-34.5521],[142.4114,-34.5563],[142.4085,-34.5612],[142.4073,-34.5648],[142.409,-34.5682],[142.415,-34.5677],[142.4196,-34.566],[142.4235,-34.5622],[142.4262,-34.5616],[142.4291,-34.5634],[142.431,-34.5664],[142.4303,-34.5734],[142.4329,-34.575],[142.4375,-34.5756],[142.4431,-34.574],[142.4457,-34.575],[142.4504,-34.5824],[142.4526,-34.5835],[142.4577,-34.5831],[142.4583,-34.5806],[142.4531,-34.5759],[142.4509,-34.5726],[142.4504,-34.568],[142.4477,-34.5593],[142.4514,-34.5567],[142.4571,-34.5573],[142.4645,-34.5609],[142.4696,-34.5649],[142.4745,-34.5764],[142.4713,-34.5797],[142.4614,-34.586],[142.4614,-34.5886],[142.4663,-34.5881],[142.4708,-34.5901],[142.4727,-34.5939],[142.4708,-34.5975],[142.4713,-34.6009],[142.4689,-34.603],[142.4641,-34.6043],[142.463,-34.6063],[142.4657,-34.6102],[142.4693,-34.6134],[142.4616,-34.6156],[142.4608,-34.6196],[142.4653,-34.6244],[142.4655,-34.627],[142.4615,-34.63],[142.4543,-34.6317],[142.455,-34.6351],[142.4579,-34.6355],[142.4635,-34.6329],[142.4672,-34.6351],[142.4701,-34.6389],[142.473,-34.6397],[142.4822,-34.6342],[142.4856,-34.6356],[142.4843,-34.6394],[142.479,-34.6419],[142.4737,-34.6492],[142.4739,-34.6563],[142.4727,-34.6648],[142.4742,-34.6698],[142.4779,-34.6727],[142.4912,-34.6724],[142.496,-34.6686],[142.4954,-34.6671],[142.4885,-34.6677],[142.4865,-34.6636],[142.489,-34.6619],[142.4966,-34.6641],[142.5004,-34.6644],[142.5027,-34.6623],[142.5033,-34.6595],[142.5081,-34.6561],[142.5111,-34.6567],[142.5172,-34.6641],[142.5129,-34.6667],[142.5069,-34.6672],[142.5025,-34.6693],[142.5001,-34.6716],[142.4992,-34.6753],[142.5002,-34.6805],[142.5022,-34.6816],[142.5068,-34.6809],[142.5097,-34.683],[142.5107,-34.6864],[142.5145,-34.6907],[142.514,-34.6946],[142.5117,-34.6968],[142.5039,-34.6981],[142.5004,-34.7003],[142.5028,-34.7036],[142.5055,-34.703],[142.5117,-34.6999],[142.5171,-34.6998],[142.5201,-34.7011],[142.5199,-34.7045],[142.5112,-34.7136],[142.5146,-34.721],[142.5116,-34.7267],[142.5059,-34.7308],[142.5026,-34.7343],[142.5015,-34.7379],[142.5052,-34.7401],[142.5111,-34.7396],[142.5138,-34.741],[142.5129,-34.7438],[142.5094,-34.7461],[142.5095,-34.7487],[142.5139,-34.7509],[142.5235,-34.7577],[142.5268,-34.7587],[142.5292,-34.7576],[142.5332,-34.7527],[142.5354,-34.753],[142.5381,-34.7608],[142.5407,-34.7623],[142.5499,-34.7612],[142.5515,-34.7633],[142.5515,-34.7687],[142.556,-34.7735],[142.5595,-34.7739],[142.5632,-34.7681],[142.5662,-34.7666],[142.5689,-34.7671],[142.5761,-34.7704],[142.5851,-34.7695],[142.5943,-34.7713],[142.6051,-34.7788],[142.6139,-34.7839],[142.6193,-34.785],[142.6286,-34.7844],[142.6338,-34.7829],[142.6399,-34.779],[142.6445,-34.7736],[142.6455,-34.7638],[142.642,-34.7586],[142.6382,-34.7581],[142.6287,-34.7608],[142.6226,-34.7596],[142.6189,-34.7544],[142.6194,-34.7464],[142.6161,-34.7383],[142.6158,-34.735],[142.6171,-34.7294],[142.6225,-34.7269],[142.6247,-34.7273],[142.6352,-34.7343],[142.6372,-34.734],[142.6423,-34.7309],[142.6497,-34.7296],[142.6568,-34.7255],[142.6595,-34.7219],[142.6643,-34.7224],[142.6654,-34.7293],[142.6684,-34.7352],[142.6735,-34.7376],[142.678,-34.7382],[142.6853,-34.7354],[142.6849,-34.7329],[142.6776,-34.7305],[142.6756,-34.728],[142.6764,-34.7244],[142.6796,-34.7216],[142.6837,-34.7218],[142.69,-34.7258],[142.6976,-34.7251],[142.699,-34.7228],[142.6972,-34.7211],[142.6901,-34.7184],[142.6859,-34.7159],[142.6841,-34.7132],[142.6855,-34.7089],[142.6905,-34.704],[142.6903,-34.7013],[142.6816,-34.6906],[142.679,-34.6838],[142.6785,-34.679],[142.6806,-34.6724],[142.6867,-34.6703],[142.6913,-34.6719],[142.6985,-34.6761],[142.7039,-34.6785],[142.7077,-34.6788],[142.71,-34.6762],[142.7102,-34.6677],[142.7092,-34.6641],[142.7026,-34.6603],[142.6958,-34.6606],[142.6891,-34.6532],[142.6893,-34.6512],[142.6926,-34.6472],[142.6965,-34.6398],[142.6944,-34.6367],[142.6984,-34.631],[142.7004,-34.6243],[142.7018,-34.6231],[142.7074,-34.623],[142.7068,-34.6198],[142.6899,-34.6195],[142.6885,-34.6174],[142.6916,-34.6149],[142.7002,-34.615],[142.7032,-34.6128],[142.7025,-34.6098],[142.699,-34.6029],[142.7006,-34.598],[142.7038,-34.5971],[142.7145,-34.6],[142.7176,-34.598],[142.7186,-34.5947],[142.7222,-34.5922],[142.7254,-34.5923],[142.7293,-34.5971],[142.7348,-34.6003],[142.7452,-34.6023],[142.7538,-34.6019],[142.7585,-34.5999],[142.7626,-34.5965],[142.7627,-34.5921],[142.7598,-34.5896],[142.749,-34.5896],[142.7451,-34.587],[142.7456,-34.5814],[142.7488,-34.5757],[142.7506,-34.5755],[142.7576,-34.579],[142.7685,-34.5776],[142.7786,-34.5783],[142.7823,-34.5792],[142.7826,-34.5762],[142.7743,-34.5737],[142.7703,-34.5705],[142.7708,-34.5665],[142.7791,-34.5664],[142.7813,-34.5648],[142.7828,-34.5608],[142.7876,-34.558],[142.7884,-34.5563],[142.7877,-34.5516],[142.7902,-34.5462],[142.7922,-34.5463],[142.795,-34.5507],[142.7976,-34.5517],[142.8037,-34.5523],[142.8062,-34.5536],[142.8107,-34.5605],[142.8097,-34.5626],[142.8035,-34.5654],[142.7972,-34.573],[142.8007,-34.5752],[142.8019,-34.5793],[142.7986,-34.5808],[142.79,-34.5823],[142.7865,-34.5862],[142.7882,-34.5899],[142.7956,-34.5964],[142.7988,-34.5965],[142.803,-34.5876],[142.8105,-34.5886],[142.8119,-34.5912],[142.8091,-34.5969],[142.8049,-34.5996],[142.804,-34.6055],[142.8059,-34.6078],[142.818,-34.6115],[142.8194,-34.6099],[142.8178,-34.6038],[142.8198,-34.6006],[142.8235,-34.5998],[142.8255,-34.6011],[142.826,-34.6084],[142.8334,-34.61],[142.838,-34.6118],[142.8405,-34.6171],[142.8403,-34.6241],[142.844,-34.6261],[142.8458,-34.6248],[142.8486,-34.6191],[142.853,-34.6188],[142.856,-34.6197],[142.8609,-34.6273],[142.8627,-34.6279],[142.8683,-34.6269],[142.8689,-34.6285],[142.8632,-34.6334],[142.8577,-34.6364],[142.8563,-34.6387],[142.8575,-34.6436],[142.8594,-34.6436],[142.8599,-34.6395],[142.8643,-34.6402],[142.8657,-34.6446],[142.8703,-34.6478],[142.8724,-34.6511],[142.869,-34.6583],[142.8626,-34.6622],[142.8618,-34.6653],[142.8645,-34.6663],[142.8682,-34.6642],[142.8722,-34.6638],[142.8742,-34.6725],[142.8778,-34.674],[142.8847,-34.6716],[142.8874,-34.6728],[142.886,-34.6763],[142.8889,-34.6795],[142.8929,-34.6775],[142.8903,-34.6743],[142.8914,-34.6714],[142.8966,-34.6723],[142.8987,-34.6695],[142.8928,-34.6666],[142.8944,-34.6637],[142.8996,-34.662],[142.9007,-34.6551],[142.9036,-34.6531],[142.9125,-34.6502],[142.9191,-34.6498],[142.9233,-34.6476],[142.9245,-34.6507],[142.9219,-34.654],[142.9227,-34.656],[142.9299,-34.6548],[142.9334,-34.6559],[142.9371,-34.6607],[142.9438,-34.6616],[142.9476,-34.6679],[142.9523,-34.6685],[142.9563,-34.665],[142.9592,-34.6649],[142.9586,-34.6709],[142.9622,-34.6736],[142.9647,-34.6819],[142.968,-34.6903],[142.9729,-34.6942],[142.9763,-34.6932],[142.9813,-34.683],[142.9813,-34.68],[142.9795,-34.6765],[142.9744,-34.6718],[142.9757,-34.6698],[142.9841,-34.6685],[142.9859,-34.6673],[142.9879,-34.663],[142.991,-34.6633],[142.9933,-34.6718],[142.9964,-34.6731],[142.9989,-34.6698],[143.0013,-34.6691],[143.0066,-34.6706],[143.0118,-34.6709],[143.016,-34.6724],[143.0168,-34.6768],[143.014,-34.6791],[143.0081,-34.6864],[143.0079,-34.69],[143.0107,-34.6941],[143.0144,-34.6951],[143.0192,-34.6941],[143.0228,-34.6923],[143.0228,-34.6883],[143.0241,-34.6834],[143.0264,-34.682],[143.0328,-34.6832],[143.0304,-34.6863],[143.0296,-34.6908],[143.0382,-34.702],[143.0419,-34.7021],[143.0446,-34.6993],[143.0384,-34.6929],[143.0379,-34.6892],[143.0398,-34.6867],[143.0433,-34.6868],[143.0449,-34.6941],[143.0475,-34.6977],[143.052,-34.6997],[143.0594,-34.6968],[143.0644,-34.6906],[143.0659,-34.6877],[143.0672,-34.6799],[143.0719,-34.6798],[143.0714,-34.6846],[143.0727,-34.6914],[143.0767,-34.6964],[143.0801,-34.6983],[143.0909,-34.7016],[143.0934,-34.7012],[143.0978,-34.6961],[143.1029,-34.6946],[143.1064,-34.6926],[143.1084,-34.6894],[143.1109,-34.6818],[143.1129,-34.681],[143.1208,-34.6868],[143.113,-34.6863],[143.111,-34.6878],[143.11,-34.6933],[143.1067,-34.6995],[143.1098,-34.7018],[143.1131,-34.6988],[143.1223,-34.6936],[143.1258,-34.6925],[143.1266,-34.6952],[143.1205,-34.6967],[143.1174,-34.6995],[143.1177,-34.7026],[143.1216,-34.7035],[143.1262,-34.701],[143.1317,-34.7004],[143.1338,-34.7013],[143.1343,-34.7067],[143.1383,-34.7101],[143.1466,-34.7145],[143.1488,-34.7132],[143.1483,-34.7087],[143.1536,-34.7057],[143.1566,-34.6992],[143.1587,-34.6981],[143.1633,-34.6983],[143.1652,-34.6998],[143.1661,-34.7034],[143.1658,-34.7096],[143.1641,-34.7136],[143.1654,-34.7177],[143.1705,-34.7199],[143.1732,-34.7197],[143.1759,-34.7134],[143.18,-34.7097],[143.1818,-34.7111],[143.1781,-34.7152],[143.18,-34.7174],[143.1844,-34.7149],[143.1921,-34.7128],[143.1947,-34.7132],[143.2001,-34.7175],[143.197,-34.7205],[143.1983,-34.7301],[143.2013,-34.7335],[143.2042,-34.7345],[143.2083,-34.7335],[143.2145,-34.7298],[143.2188,-34.7292],[143.2216,-34.7334],[143.2151,-34.7354],[143.2147,-34.7391],[143.2216,-34.7428],[143.2192,-34.7506],[143.2207,-34.7556],[143.2251,-34.7586],[143.2293,-34.7567],[143.2278,-34.7505],[143.2283,-34.7485],[143.2318,-34.7467],[143.2364,-34.7475],[143.2423,-34.7458],[143.2436,-34.748],[143.2436,-34.7526],[143.2463,-34.7567],[143.2519,-34.7575],[143.255,-34.7543],[143.2629,-34.7512],[143.2667,-34.7487],[143.2739,-34.7528],[143.268,-34.7536],[143.2683,-34.757],[143.2712,-34.7595],[143.2641,-34.7644],[143.259,-34.7648],[143.2531,-34.7674],[143.253,-34.774],[143.2577,-34.7785],[143.2622,-34.7768],[143.2631,-34.7733],[143.2681,-34.7756],[143.2653,-34.7771],[143.2636,-34.7808],[143.2673,-34.7822],[143.2741,-34.7809],[143.2761,-34.7828],[143.2733,-34.7875],[143.2762,-34.7916],[143.2832,-34.7948],[143.2873,-34.7945],[143.2844,-34.7855],[143.2865,-34.7844],[143.2946,-34.7908],[143.2958,-34.7863],[143.302,-34.7832],[143.306,-34.7804],[143.312,-34.7803],[143.3137,-34.7824],[143.3132,-34.7863],[143.3145,-34.7888],[143.3203,-34.791],[143.3237,-34.7897],[143.3274,-34.7866],[143.3302,-34.7866],[143.3327,-34.7928],[143.3368,-34.7933],[143.346,-34.791],[143.3512,-34.7944],[143.351,-34.797],[143.3475,-34.8034],[143.3472,-34.8059],[143.3489,-34.8087],[143.3562,-34.8115],[143.3595,-34.817],[143.3543,-34.8201],[143.3522,-34.8225],[143.352,-34.8266],[143.3542,-34.8296],[143.3503,-34.8354],[143.3511,-34.8384],[143.3455,-34.8429],[143.3413,-34.8453],[143.3437,-34.8483],[143.3479,-34.8485],[143.345,-34.8543],[143.3471,-34.8563],[143.3522,-34.8585]]]},"properties":{"name":"Far West"}},
{"type":"Feature","geometry":{"type":"Polygon","coordinates":[[[152.8043,-31.7281],[152.8045,-31.7245],[152.7997,-31.7178],[152.796,-31.7169],[152.7935,-31.7122],[152.7941,-31.7045],[152.7961,-31.6989],[152.8013,-31.6889],[152.8056,-31.6816],[152.8225,-31.6616],[152.8341,-31.6504],[152.8371,-31.6487],[152.8406,-31.6483],[152.8432,-31.6445],[152.8434,-31.6419],[152.8397,-31.6405],[152.8375,-31.6382],[152.838,-31.6362],[152.8345,-31.6341],[152.8339,-31.6291],[152.8355,-31.6213],[152.8393,-31.6114],[152.8439,-31.604],[152.8469,-31.603],[152.8481,-31.5989],[152.8429,-31.5919],[152.8401,-31.5897],[152.8409,-31.5824],[152.8453,-31.5729],[152.8504,-31.565],[152.853,-31.5595],[152.8581,-31.553],[152.8604,-31.5489],[152.8674,-31.5401],[152.875,-31.5316],[152.8855,-31.5218],[152.8956,-31.5116],[152.9009,-31.5069],[152.9107,-31.4964],[152.9158,-31.4923],[152.9283,-31.4808],[152.9336,-31.4763],[152.9377,-31.4763],[152.9379,-31.4717],[152.9355,-31.4701],[152.9341,-31.467],[152.9372,-31.4591],[152.9328,-31.4571],[152.9317,-31.451],[152.9337,-31.4477],[152.9299,-31.4463],[152.9264,-31.4421],[152.9256,-31.4376],[152.9265,-31.4345],[152.9225,-31.4292],[152.9196,-31.4289],[152.9175,-31.4247],[152.9148,-31.4232],[152.9144,-31.4151],[152.9162,-31.4055],[152.9191,-31.3962],[152.9257,-31.381],[152.9384,-31.3601],[152.9485,-31.3459],[152.9579,-31.3339],[152.9691,-31.3225],[152.9722,-31.3234],[152.9723,-31.3189],[152.9764,-31.314],[152.9734,-31.3113],[152.9703,-31.3125],[152.9671,-31.3109],[152.9647,-31.3042],[152.9647,-31.2966],[152.9655,-31.2917],[152.9678,-31.2859],[152.9723,-31.2788],[152.9684,-31.2786],[152.9666,-31.2747],[152.9677,-31.2684],[152.9715,-31.2607],[152.9692,-31.2576],[152.9693,-31.2518],[152.9641,-31.251],[152.9612,-31.248],[152.9606,-31.2383],[152.9619,-31.2278],[152.9644,-31.2198],[152.9673,-31.2124],[152.9737,-31.2002],[152.9762,-31.1967],[152.9799,-31.1959],[152.983,-31.1906],[152.9825,-31.1876],[152.9778,-31.1863],[152.9758,-31.1807],[152.9758,-31.1775],[152.979,-31.1687],[152.9857,-31.1542],[152.9922,-31.1438],[152.9975,-31.1361],[153.0117,-31.1183],[153.026,-31.1026],[153.0358,-31.0914],[153.0461,-31.0825],[153.0482,-31.0801],[153.0558,-31.0786],[153.0548,-31.07],[153.0566,-31.0685],[153.0564,-31.0653],[153.0602,-31.0617],[153.0597,-31.0597],[153.0645,-31.0574],[153.0651,-31.0522],[153.0614,-31.0497],[153.0528,-31.0533],[153.0487,-31.0508],[153.0452,-31.0473],[153.04,-31.0384],[153.0387,-31.0322],[153.0378,-31.0233],[153.0383,-31.0098],[153.0401,-31.0001],[153.0427,-30.9904],[153.0517,-30.969],[153.0576,-30.9581],[153.0637,-30.9498],[153.0678,-30.9459],[153.0785,-30.9326],[153.0815,-30.9302],[153.0853,-30.9255],[153.0885,-30.9249],[153.0902,-30.9212],[153.0865,-30.9183],[153.0871,-30.9137],[153.0887,-30.911],[153.0844,-30.9087],[153.0816,-30.9046],[153.0817,-30.8999],[153.0833,-30.8993],[153.0826,-30.8951],[153.076,-30.8878],[153.0776,-30.8804],[153.076,-30.8783],[153.072,-30.8763],[153.0684,-30.8759],[153.0683,-30.882],[153.0644,-30.8852],[153.0586,-30.887],[153.0526,-30.8864],[153.0469,-30.8845],[153.0416,-30.882],[153.0405,-30.8831],[153.0361,-30.8821],[153.0321,-30.8779],[153.0289,-30.8724],[153.0235,-30.8733],[153.0165,-30.8647],[153.0117,-30.8561],[153.0058,-30.8411],[153.0033,-30.831],[153.0014,-30.8179],[153.0007,-30.8016],[153.0015,-30.7962],[153.0036,-30.7937],[152.999,-30.7913],[152.9981,-30.7859],[152.998,-30.7755],[153.0009,-30.7559],[153.0023,-30.7539],[153.0012,-30.751],[153.0025,-30.7484],[152.9963,-30.745],[152.9924,-30.7438],[152.9902,-30.7407],[152.9887,-30.7353],[152.9881,-30.7299],[152.9882,-30.7207],[152.9891,-30.7121],[152.9909,-30.7008],[152.9933,-30.6908],[152.9978,-30.6788],[153.0013,-30.672],[153.0018,-30.6696],[153.008,-30.6591],[153.0119,-30.6535],[153.0113,-30.6511],[153.0191,-30.6493],[153.0202,-30.6476],[153.0173,-30.6445],[153.0168,-30.6386],[153.0142,-30.6338],[153.014,-30.6259],[153.0115,-30.622],[153.0104,-30.6175],[153.0101,-30.6111],[153.011,-30.6054],[153.0142,-30.5946],[153.0128,-30.5845],[153.0133,-30.5771],[153.0171,-30.5649],[153.0208,-30.5568],[153.0232,-30.553],[153.0288,-30.5473],[153.0264,-30.5434],[153.025,-30.5339],[153.0266,-30.5272],[153.029,-30.5227],[153.0301,-30.5115],[153.0326,-30.5027],[153.0312,-30.5],[153.0325,-30.4985],[153.0346,-30.4911],[153.0376,-30.4834],[153.0432,-30.4724],[153.0474,-30.4669],[153.0523,-30.4594],[153.059,-30.4518],[153.067,-30.4412],[153.0762,-30.4328],[153.0761,-30.4294],[153.0728,-30.4266],[153.0725,-30.424],[153.0749,-30.4146],[153.0799,-30.403],[153.0845,-30.3957],[153.0897,-30.3884],[153.0947,-30.3828],[153.1009,-30.3769],[153.1046,-30.377],[153.1033,-30.3695],[153.1039,-30.3654],[153.1084,-30.358],[153.1092,-30.3553],[153.1071,-30.3533],[153.1125,-30.3423],[153.1185,-30.3339],[153.1231,-30.3284],[153.1356,-30.3166],[153.1407,-30.3131],[153.1459,-30.3133],[153.149,-30.3123],[153.1527,-30.3092],[153.1519,-30.3064],[153.1454,-30.302],[153.1422,-30.3017],[153.1406,-30.2996],[153.1395,-30.2902],[153.1415,-30.2836],[153.1447,-30.2816],[153.1469,-30.2763],[153.1435,-30.276],[153.1427,-30.2735],[153.1441,-30.2705],[153.1412,-30.2681],[153.1405,-30.2641],[153.1383,-30.2625],[153.1407,-30.2571],[153.1405,-30.2552],[153.1435,-30.2486],[153.1487,-30.2413],[153.1525,-30.238],[153.1554,-30.2336],[153.154,-30.2326],[153.1545,-30.2286],[153.1593,-30.219],[153.1635,-30.2128],[153.1613,-30.2107],[153.1646,-30.2027],[153.171,-30.1926],[153.1776,-30.1847],[153.1858,-30.1776],[153.1898,-30.1787],[153.1903,-30.1688],[153.1985,-30.1592],[153.2008,-30.1577],[153.2014,-30.1543],[153.2008,-30.1489],[153.2018,-30.1466],[153.1998,-30.1422],[153.2012,-30.135],[153.2048,-30.1296],[153.2041,-30.128],[153.2059,-30.12],[153.2086,-30.1137],[153.2124,-30.112],[153.212,-30.109],[153.2071,-30.1081],[153.2026,-30.1087],[153.1999,-30.1048],[153.1993,-30.1007],[153.2015,-30.0942],[153.2007,-30.087],[153.2032,-30.0785],[153.2058,-30.0771],[153.2035,-30.0749],[153.2044,-30.0705],[153.2077,-30.0684],[153.2036,-30.0667],[153.2025,-30.0634],[153.2038,-30.0598],[153.1982,-30.0578],[153.1959,-30.0533],[153.1956,-30.048],[153.1983,-30.0374],[153.2036,-30.0287],[153.2073,-30.0248],[153.2069,-30.0232],[153.2116,-30.016],[153.2142,-30.0107],[153.2217,-29.9984],[153.2279,-29.9903],[153.2319,-29.9843],[153.2341,-29.9824],[153.2344,-29.9789],[153.2388,-29.9726],[153.2424,-29.9689],[153.25,-29.958],[153.2555,-29.9513],[153.2591,-29.9505],[153.2604,-29.9477],[153.258,-29.944],[153.2592,-29.9413],[153.2619,-29.9405],[153.2615,-29.9373],[153.2631,-29.9344],[153.2614,-29.9311],[153.2661,-29.9241],[153.2719,-29.9194],[153.2728,-29.9168],[153.2717,-29.9125],[153.2731,-29.9007],[153.2756,-29.8922],[153.2708,-29.8912],[153.2677,-29.8859],[153.2668,-29.8819],[153.2669,-29.8726],[153.2678,-29.8655],[153.2697,-29.8588],[153.2746,-29.8475],[153.282,-29.8345],[153.2851,-29.8314],[153.2879,-29.8311],[153.29,-29.8267],[153.2941,-29.8251],[153.293,-29.8228],[153.2926,-29.817],[153.2903,-29.8147],[153.2881,-29.8094],[153.2873,-29.8025],[153.2884,-29.7974],[153.2928,-29.7881],[153.2992,-29.7808],[153.3031,-29.7789],[153.3001,-29.7729],[153.2965,-29.7688],[153.2955,-29.7606],[153.2931,-29.7583],[153.2927,-29.7526],[153.2947,-29.7428],[153.2986,-29.7309],[153.303,-29.7208],[153.31,-29.7083],[153.3152,-29.7001],[153.3253,-29.6884],[153.3303,-29.6855],[153.3308,-29.6798],[153.3335,-29.6755],[153.331,-29.6731],[153.326,-29.6724],[153.3225,-29.6692],[153.3209,-29.6627],[153.3211,-29.6547],[153.3222,-29.649],[153.3254,-29.6374],[153.3314,-29.6235],[153.3363,-29.6163],[153.3412,-29.6126],[153.3424,-29.608],[153.3389,-29.6082],[153.3361,-29.606],[153.333,-29.5994],[153.332,-29.5932],[153.3325,-29.5869],[153.3343,-29.581],[153.3378,-29.5736],[153.3381,-29.5663],[153.3395,-29.5625],[153.3458,-29.5518],[153.3477,-29.5442],[153.3515,-29.5367],[153.3567,-29.5301],[153.3601,-29.5288],[153.3615,-29.5248],[153.3589,-29.5239],[153.3577,-29.5208],[153.3588,-29.5164],[153.3608,-29.515],[153.3602,-29.5098],[153.3633,-29.5044],[153.3621,-29.5001],[153.359,-29.4961],[153.3612,-29.4901],[153.3645,-29.485],[153.3686,-29.4833],[153.365,-29.4816],[153.3635,-29.4779],[153.3602,-29.476],[153.3615,-29.4726],[153.3588,-29.4708],[153.3584,-29.4672],[153.3605,-29.4586],[153.3629,-29.4516],[153.3664,-29.4443],[153.369,-29.4411],[153.3727,-29.4397],[153.3718,-29.4379],[153.3672,-29.4379],[153.3646,-29.4341],[153.3649,-29.4283],[153.3716,-29.4287],[153.3719,-29.425],[153.3669,-29.4238],[153.3637,-29.4215],[153.3643,-29.414],[153.3679,-29.4027],[153.3733,-29.397],[153.37,-29.3937],[153.3684,-29.3905],[153.371,-29.3836],[153.3726,-29.3813],[153.3703,-29.3784],[153.3724,-29.3714],[153.3741,-29.3717],[153.3758,-29.3675],[153.3743,-29.3629],[153.3708,-29.3646],[153.3674,-29.3639],[153.3635,-29.3594],[153.3582,-29.3594],[153.355,-29.3581],[153.3506,-29.3542],[153.3446,-29.3446],[153.3412,-29.3323],[153.3404,-29.321],[153.3408,-29.3157],[153.343,-29.3015],[153.3462,-29.2909],[153.3512,-29.2798],[153.3581,-29.2679],[153.3594,-29.2644],[153.3654,-29.2544],[153.3731,-29.2431],[153.3778,-29.2368],[153.3861,-29.2271],[153.3887,-29.223],[153.39,-29.2191],[153.3946,-29.2105],[153.4047,-29.1961],[153.407,-29.1938],[153.4131,-29.1849],[153.421,-29.1759],[153.4289,-29.1681],[153.4392,-29.1594],[153.4488,-29.1498],[153.4544,-29.1389],[153.4497,-29.1346],[153.4486,-29.131],[153.4515,-29.1187],[153.4476,-29.1158],[153.446,-29.1166],[153.4413,-29.1154],[153.4359,-29.1125],[153.435,-29.1097],[153.4345,-29.1029],[153.4363,-29.0831],[153.4418,-29.0657],[153.4464,-29.0539],[153.4541,-29.0371],[153.4569,-29.0331],[153.4598,-29.0267],[153.4671,-29.0145],[153.4766,-29.0009],[153.4812,-28.9955],[153.4909,-28.9818],[153.5065,-28.9612],[153.5336,-28.9297],[153.542,-28.9208],[153.5462,-28.9158],[153.5535,-28.9088],[153.5547,-28.9069],[153.5638,-28.8976],[153.566,-28.8948],[153.5776,-28.8833],[153.5865,-28.8765],[153.59,-28.8779],[153.5923,-28.8757],[153.59,-28.8739],[153.591,-28.8709],[153.5942,-28.8667],[153.5941,-28.865],[153.5991,-28.8591],[153.5985,-28.8555],[153.6059,-28.844],[153.6044,-28.8391],[153.6051,-28.8341],[153.6076,-28.8306],[153.6073,-28.8248],[153.6041,-28.819],[153.6041,-28.8166],[153.6063,-28.8123],[153.6064,-28.8087],[153.6036,-28.8057],[153.6011,-28.8048],[153.5965,-28.8009],[153.5953,-28.7972],[153.5953,-28.7817],[153.5976,-28.769],[153.6009,-28.7576],[153.6037,-28.7497],[153.6082,-28.739],[153.6115,-28.7321],[153.6158,-28.725],[153.6191,-28.722],[153.6167,-28.7184],[153.6181,-28.716],[153.6173,-28.7101],[153.6193,-28.706],[153.6155,-28.7043],[153.6141,-28.6975],[153.618,-28.6784],[153.6217,-28.6679],[153.6262,-28.6576],[153.6311,-28.6485],[153.6334,-28.6452],[153.6365,-28.6432],[153.6387,-28.6358],[153.6357,-28.6344],[153.6338,-28.636],[153.6284,-28.6357],[153.6258,-28.6395],[153.6236,-28.6411],[153.6193,-28.6416],[153.6128,-28.6394],[153.6044,-28.6353],[153.5979,-28.6305],[153.5925,-28.625],[153.5863,-28.6177],[153.5749,-28.6014],[153.5689,-28.5896],[153.5638,-28.5749],[153.56,-28.5596],[153.5575,-28.5421],[153.5576,-28.539],[153.5548,-28.5345],[153.5532,-28.5264],[153.5529,-28.515],[153.5523,-28.5094],[153.5523,-28.4931],[153.5528,-28.4783],[153.554,-28.4627],[153.556,-28.4527],[153.5585,-28.4369],[153.5644,-28.4129],[153.5676,-28.3982],[153.5728,-28.3783],[153.5757,-28.3701],[153.5806,-28.3616],[153.5774,-28.3593],[153.5759,-28.3561],[153.5753,-28.3505],[153.5764,-28.3389],[153.5756,-28.3354],[153.5721,-28.3321],[153.5717,-28.3263],[153.5726,-28.3159],[153.5749,-28.3005],[153.5784,-28.2883],[153.5788,-28.2843],[153.5818,-28.2735],[153.5853,-28.2622],[153.585,-28.2564],[153.5808,-28.2557],[153.5749,-28.2516],[153.5717,-28.2466],[153.5699,-28.2419],[153.5681,-28.2338],[153.5671,-28.2194],[153.5682,-28.2087],[153.5692,-28.2041],[153.5716,-28.1994],[153.5693,-28.1978],[153.5639,-28.1906],[153.5606,-28.1841],[153.5564,-28.1699],[153.553,-28.1686],[153.5521,-28.1644],[153.5415,-28.169],[153.5395,-28.1721],[153.5341,-28.1769],[153.5312,-28.1752],[153.4859,-28.157],[153.4815,-28.1584],[153.4769,-28.157],[153.4749,-28.1581],[153.4725,-28.162],[153.4685,-28.1625],[153.465,-28.1676],[153.4587,-28.1752],[153.4592,-28.1781],[153.4571,-28.1805],[153.4506,-28.1818],[153.4487,-28.1834],[153.4434,-28.1843],[153.4368,-28.1867],[153.4312,-28.191],[153.4289,-28.1943],[153.422,-28.1994],[153.4192,-28.1997],[153.4167,-28.206],[153.4139,-28.2083],[153.4066,-28.2104],[153.399,-28.2179],[153.3949,-28.2225],[153.3897,-28.23],[153.3895,-28.2349],[153.385,-28.2372],[153.3829,-28.2372],[153.3785,-28.2404],[153.3724,-28.2428],[153.3697,-28.2452],[153.3568,-28.2496],[153.3541,-28.2486],[153.3462,-28.2482],[153.3396,-28.2503],[153.3345,-28.248],[153.3317,-28.2454],[153.3311,-28.2384],[153.3302,-28.2371],[153.3242,-28.2365],[153.3217,-28.238],[153.3165,-28.2386],[153.3143,-28.2374],[153.305,-28.2397],[153.3008,-28.2383],[153.2972,-28.2344],[153.2914,-28.2339],[153.2878,-28.2352],[153.2787,-28.2337],[153.2746,-28.2379],[153.2696,-28.239],[153.2659,-28.241],[153.2625,-28.2467],[153.2567,-28.2457],[153.2511,-28.2468],[153.2453,-28.2463],[153.2398,-28.2513],[153.2367,-28.2556],[153.2358,-28.2605],[153.2341,-28.2642],[153.2315,-28.2651],[153.2191,-28.263],[153.2142,-28.2602],[153.2079,-28.2536],[153.2044,-28.2534],[153.2037,-28.2553],[153.2,-28.2564],[153.1948,-28.2532],[153.1921,-28.2498],[153.1883,-28.2479],[153.1829,-28.2491],[153.1802,-28.2509],[153.1771,-28.2504],[153.1765,-28.2532],[153.1726,-28.2602],[153.1729,-28.2647],[153.1757,-28.2697],[153.1762,-28.2753],[153.1721,-28.2772],[153.1622,-28.2802],[153.1623,-28.2816],[153.1667,-28.2842],[153.1654,-28.2869],[153.1697,-28.2922],[153.1649,-28.2972],[153.1612,-28.2954],[153.1555,-28.2955],[153.1535,-28.3013],[153.1472,-28.3039],[153.1437,-28.3043],[153.144,-28.312],[153.139,-28.3109],[153.1365,-28.3119],[153.1339,-28.3174],[153.1267,-28.3172],[153.1234,-28.3225],[153.1294,-28.3294],[153.1259,-28.3355],[153.1195,-28.3413],[153.1157,-28.3408],[153.115,-28.3469],[153.1135,-28.3486],[153.1132,-28.3522],[153.1115,-28.3557],[153.1081,-28.3578],[153.1027,-28.3573],[153.0942,-28.3551],[153.0895,-28.353],[153.0871,-28.3542],[153.0797,-28.3539],[153.0778,-28.3519],[153.0745,-28.3522],[153.0707,-28.3479],[153.0672,-28.3465],[153.0657,-28.3442],[153.0598,-28.3441],[153.0581,-28.3427],[153.0534,-28.3432],[153.0492,-28.342],[153.0449,-28.339],[153.0381,-28.3435],[153.0353,-28.3416],[153.0325,-28.3419],[153.0303,-28.3397],[153.025,-28.3394],[153.0222,-28.338],[153.0102,-28.3413],[153.0032,-28.3397],[152.9963,-28.34],[152.9901,-28.3367],[152.9838,-28.3382],[152.9784,-28.3338],[152.9732,-28.3319],[152.9657,-28.3327],[152.9629,-28.3322],[152.9586,-28.3339],[152.9501,-28.3339],[152.9447,-28.3355],[152.9386,-28.3349],[152.9342,-28.3376],[152.9284,-28.3349],[152.9234,-28.3315],[152.9176,-28.3311],[152.9062,-28.3259],[152.9002,-28.3256],[152.8892,-28.3154],[152.8827,-28.3133],[152.8804,-28.3097],[152.8781,-28.3117],[152.8658,-28.3135],[152.8596,-28.3114],[152.8547,-28.3127],[152.8508,-28.3112],[152.8454,-28.3182],[152.8397,-28.3219],[152.8361,-28.3213],[152.8333,-28.3196],[152.8307,-28.3205],[152.8269,-28.3266],[152.8245,-28.3285],[152.8251,-28.3327],[152.8232,-28.3352],[152.8169,-28.3364],[152.81,-28.3423],[152.8085,-28.3452],[152.8092,-28.3502],[152.8039,-28.3538],[152.7986,-28.3533],[152.7935,-28.354],[152.7865,-28.3487],[152.7818,-28.347],[152.7758,-28.3462],[152.7725,-28.348],[152.7623,-28.3513],[152.7583,-28.3551],[152.7619,-28.3584],[152.7611,-28.3603],[152.7565,-28.3636],[152.7509,-28.3638],[152.7465,-28.3605],[152.7405,-28.3594],[152.7352,-28.354],[152.7315,-28.354],[152.7231,-28.3441],[152.7198,-28.3453],[152.7132,-28.3415],[152.7073,-28.344],[152.7045,-28.3386],[152.7002,-28.3375],[152.6997,-28.3357],[152.6922,-28.3367],[152.6885,-28.3345],[152.6864,-28.3291],[152.6789,-28.3302],[152.6739,-28.3258],[152.6737,-28.3182],[152.6713,-28.3151],[152.6669,-28.3118],[152.6581,-28.3097],[152.656,-28.3097],[152.6492,-28.3133],[152.6473,-28.3118],[152.6443,-28.3128],[152.639,-28.3114],[152.6343,-28.3065],[152.6305,-28.3047],[152.6248,-28.2986],[152.6242,-28.2955],[152.6221,-28.294],[152.6236,-28.2905],[152.6225,-28.2859],[152.6175,-28.2827],[152.6176,-28.277],[152.6161,-28.2721],[152.6136,-28.2711],[152.6072,-28.278],[152.6054,-28.2783],[152.5997,-28.2847],[152.5979,-28.2913],[152.5994,-28.3014],[152.6021,-28.3083],[152.5993,-28.31],[152.5975,-28.3147],[152.6007,-28.3174],[152.6083,-28.3203],[152.6124,-28.3204],[152.6158,-28.3192],[152.6178,-28.3204],[152.622,-28.3276],[152.6267,-28.3265],[152.6279,-28.3275],[152.6292,-28.3342],[152.6308,-28.3383],[152.6274,-28.3445],[152.6279,-28.3491],[152.6243,-28.3486],[152.6217,-28.3468],[152.6183,-28.3484],[152.6183,-28.3505],[152.6156,-28.3524],[152.6154,-28.3563],[152.6133,-28.3561],[152.6151,-28.3642],[152.6119,-28.3675],[152.6109,-28.3724],[152.6116,-28.3747],[152.6072,-28.3782],[152.6027,-28.3795],[152.6025,-28.3841],[152.6051,-28.3851],[152.605,-28.392],[152.5976,-28.3949],[152.599,-28.3971],[152.598,-28.3995],[152.5937,-28.4006],[152.5933,-28.4031],[152.5946,-28.4086],[152.5836,-28.4171],[152.5779,-28.4149],[152.5775,-28.4181],[152.5798,-28.4188],[152.5827,-28.4227],[152.5801,-28.4241],[152.5785,-28.4329],[152.5804,-28.4352],[152.577,-28.4376],[152.5723,-28.4367],[152.5671,-28.438],[152.5664,-28.4445],[152.5643,-28.4471],[152.5666,-28.4506],[152.5618,-28.4552],[152.5611,-28.4602],[152.5619,-28.4658],[152.5585,-28.4699],[152.5544,-28.4652],[152.5515,-28.4666],[152.5494,-28.4691],[152.5498,-28.4723],[152.5534,-28.4752],[152.5511,-28.4791],[152.5437,-28.4792],[152.5438,-28.4814],[152.5404,-28.4828],[152.5353,-28.4869],[152.5308,-28.4923],[152.5274,-28.4975],[152.5369,-28.4998],[152.5369,-28.5066],[152.5332,-28.5138],[152.5303,-28.515],[152.5286,-28.5119],[152.5256,-28.5133],[152.5228,-28.5108],[152.5199,-28.5101],[152.5107,-28.5138],[152.5083,-28.5136],[152.5064,-28.5113],[152.5032,-28.5116],[152.5006,-28.5174],[152.5004,-28.5244],[152.5025,-28.5262],[152.5001,-28.5285],[152.4955,-28.5287],[152.4909,-28.5268],[152.4875,-28.5272],[152.4868,-28.5296],[152.4837,-28.5304],[152.4831,-28.526],[152.4774,-28.5272],[152.4757,-28.5262],[152.477,-28.5226],[152.4759,-28.5205],[152.4715,-28.5196],[152.466,-28.5267],[152.464,-28.5257],[152.4629,-28.5223],[152.4597,-28.5226],[152.4629,-28.5276],[152.4604,-28.5293],[152.4573,-28.529],[152.4543,-28.5269],[152.4479,-28.5274],[152.4404,-28.5305],[152.4429,-28.5332],[152.4461,-28.5389],[152.4449,-28.5451],[152.4412,-28.5478],[152.4429,-28.5493],[152.4412,-28.5522],[152.4415,-28.5563],[152.4481,-28.5557],[152.4515,-28.5623],[152.4566,-28.5655],[152.4577,-28.5685],[152.4548,-28.5696],[152.4498,-28.5677],[152.4422,-28.5735],[152.4401,-28.5757],[152.442,-28.5774],[152.4474,-28.5764],[152.4462,-28.5843],[152.4445,-28.5845],[152.4419,-28.5803],[152.4382,-28.5828],[152.4407,-28.587],[152.4402,-28.5902],[152.4417,-28.5928],[152.439,-28.5978],[152.443,-28.6019],[152.44,-28.6042],[152.4338,-28.6023],[152.43,-28.6031],[152.4202,-28.6079],[152.417,-28.6134],[152.4174,-28.6157],[152.4206,-28.6185],[152.4252,-28.6189],[152.4249,-28.6209],[152.4194,-28.6212],[152.4175,-28.6188],[152.4143,-28.6207],[152.4089,-28.6203],[152.4058,-28.6226],[152.4116,-28.6255],[152.412,-28.6271],[152.4087,-28.6292],[152.4128,-28.6309],[152.4135,-28.6333],[152.4084,-28.6359],[152.4076,-28.6429],[152.3999,-28.6454],[152.3989,-28.6475],[152.4033,-28.6531],[152.4032,-28.6586],[152.3992,-28.6616],[152.3984,-28.6653],[152.3921,-28.6641],[152.39,-28.6654],[152.3914,-28.6706],[152.3864,-28.677],[152.3891,-28.6814],[152.3852,-28.6861],[152.3754,-28.6848],[152.3734,-28.6874],[152.3758,-28.6931],[152.3748,-28.6983],[152.3755,-28.7018],[152.3773,-28.7035],[152.3848,-28.7021],[152.3923,-28.7042],[152.3967,-28.7067],[152.4006,-28.7065],[152.4041,-28.7041],[152.405,-28.7069],[152.4046,-28.7113],[152.4062,-28.7153],[152.4071,-28.7228],[152.4117,-28.7238],[152.4165,-28.7214],[152.4181,-28.7193],[152.4215,-28.7182],[152.4272,-28.7248],[152.433,-28.7249],[152.4397,-28.7288],[152.4508,-28.7305],[152.4628,-28.7351],[152.4684,-28.7342],[152.4724,-28.7309],[152.4744,-28.7319],[152.4748,-28.7355],[152.4712,-28.7427],[152.4725,-28.7468],[152.4773,-28.7457],[152.482,-28.74],[152.4915,-28.7365],[152.4941,-28.7366],[152.4979,-28.7386],[152.4987,-28.7405],[152.4965,-28.7467],[152.4911,-28.7492],[152.4838,-28.7487],[152.4816,-28.7497],[152.4806,-28.7526],[152.4892,-28.7601],[152.4906,-28.7624],[152.4905,-28.7678],[152.4885,-28.7693],[152.4831,-28.771],[152.4787,-28.7747],[152.4779,-28.7779],[152.4816,-28.7804],[152.492,-28.7826],[152.4966,-28.7848],[152.5016,-28.7847],[152.5068,-28.7812],[152.5097,-28.7802],[152.5134,-28.7813],[152.5147,-28.784],[152.5138,-28.7906],[152.5172,-28.7937],[152.5221,-28.7922],[152.525,-28.7881],[152.5317,-28.7813],[152.5415,-28.7826],[152.543,-28.7856],[152.5423,-28.791],[152.5375,-28.8031],[152.5377,-28.8076],[152.5404,-28.8148],[152.5448,-28.817],[152.5546,-28.8176],[152.5572,-28.8224],[152.5559,-28.8263],[152.5516,-28.8318],[152.545,-28.8378],[152.5392,-28.8444],[152.5373,-28.8481],[152.5404,-28.8513],[152.5459,-28.8541],[152.5557,-28.8559],[152.5615,-28.8575],[152.5679,-28.8585],[152.573,-28.8637],[152.5706,-28.8693],[152.5662,-28.8832],[152.5644,-28.8874],[152.5574,-28.8935],[152.5535,-28.9024],[152.5485,-28.9081],[152.5499,-28.9103],[152.5556,-28.9121],[152.5629,-28.9091],[152.5665,-28.9045],[152.5692,-28.9042],[152.5729,-28.9074],[152.5787,-28.9103],[152.5806,-28.9127],[152.5817,-28.928],[152.5793,-28.9313],[152.5729,-28.9308],[152.5687,-28.9269],[152.5652,-28.9263],[152.5612,-28.9305],[152.5518,-28.9312],[152.547,-28.934],[152.5457,-28.9359],[152.5457,-28.9397],[152.5492,-28.9469],[152.5513,-28.9553],[152.554,-28.9561],[152.5536,-28.9611],[152.5559,-28.9647],[152.5592,-28.9767],[152.5606,-28.9834],[152.56,-28.9903],[152.5511,-28.989],[152.5495,-28.988],[152.5341,-28.9857],[152.5316,-28.9868],[152.5277,-28.9864],[152.5258,-28.9847],[152.5166,-28.9836],[152.5169,-28.9816],[152.5083,-28.9804],[152.5096,-28.9733],[152.4867,-28.97],[152.4887,-28.9771],[152.4775,-28.9727],[152.4673,-28.9734],[152.4646,-28.9742],[152.4627,-28.9781],[152.4662,-28.98],[152.4706,-28.9795],[152.4735,-28.9808],[152.4757,-28.99],[152.4724,-28.9918],[152.4659,-28.9904],[152.4639,-28.9918],[152.4645,-28.9984],[152.471,-29.0029],[152.471,-29.0052],[152.4645,-29.008],[152.4596,-29.0161],[152.4562,-29.0194],[152.4541,-29.0248],[152.4546,-29.0271],[152.4587,-29.0293],[152.4571,-29.033],[152.4524,-29.0319],[152.4481,-29.0289],[152.4447,-29.0289],[152.4373,-29.0323],[152.4297,-29.033],[152.4258,-29.0342],[152.4229,-29.0367],[152.4439,-29.0398],[152.4416,-29.0521],[152.4361,-29.0565],[152.4357,-29.0594],[152.4306,-29.0646],[152.4315,-29.0691],[152.4311,-29.072],[152.4287,-29.0743],[152.4243,-29.0755],[152.424,-29.0772],[152.419,-29.081],[152.421,-29.0841],[152.455,-29.089],[152.4526,-29.102],[152.4518,-29.1019],[152.4491,-29.1164],[152.45,-29.1165],[152.4442,-29.1442],[152.4412,-29.1455],[152.4352,-29.1452],[152.4296,-29.15],[152.4238,-29.1522],[152.4186,-29.152],[152.4169,-29.1531],[152.4158,-29.159],[152.4141,-29.1607],[152.4145,-29.1654],[152.4188,-29.169],[152.4178,-29.1726],[152.4215,-29.1739],[152.425,-29.1786],[152.4225,-29.1796],[152.4185,-29.1902],[152.4156,-29.1931],[152.4138,-29.1966],[152.4102,-29.2009],[152.4052,-29.2113],[152.411,-29.2198],[152.4112,-29.2257],[152.4141,-29.2288],[152.4132,-29.2301],[152.4054,-29.2347],[152.3989,-29.2372],[152.3941,-29.2413],[152.3872,-29.2401],[152.3847,-29.2423],[152.379,-29.2453],[152.3745,-29.2442],[152.369,-29.2469],[152.3658,-29.2461],[152.3575,-29.2506],[152.3536,-29.2486],[152.3516,-29.2488],[152.3467,-29.254],[152.3454,-29.2536],[152.3405,-29.2574],[152.339,-29.2612],[152.3368,-29.2639],[152.3332,-29.2652],[152.3287,-29.2685],[152.3232,-29.2699],[152.3215,-29.2733],[152.321,-29.2776],[152.3121,-29.2817],[152.3065,-29.2831],[152.3087,-29.2877],[152.3115,-29.2901],[152.3107,-29.2928],[152.3147,-29.2985],[152.313,-29.3006],[152.3095,-29.302],[152.3088,-29.3049],[152.3048,-29.3041],[152.3,-29.3045],[152.2983,-29.3074],[152.3014,-29.3108],[152.3001,-29.3136],[152.303,-29.3176],[152.3075,-29.3211],[152.3107,-29.3225],[152.3197,-29.3244],[152.3227,-29.3268],[152.3268,-29.3273],[152.3314,-29.3291],[152.3362,-29.334],[152.337,-29.3369],[152.3353,-29.3404],[152.3315,-29.3418],[152.4202,-29.3537],[152.4511,-29.3581],[152.4511,-29.361],[152.4475,-29.3608],[152.4455,-29.3661],[152.4429,-29.3677],[152.444,-29.3708],[152.4407,-29.372],[152.4409,-29.3755],[152.4345,-29.3785],[152.436,-29.3824],[152.4331,-29.3873],[152.4325,-29.3923],[152.4291,-29.3917],[152.4213,-29.3952],[152.4189,-29.3985],[152.4101,-29.4008],[152.4043,-29.4328],[152.3972,-29.4318],[152.3946,-29.4461],[152.3888,-29.4453],[152.4124,-29.5068],[152.4094,-29.5083],[152.4092,-29.512],[152.406,-29.5157],[152.4009,-29.5196],[152.3898,-29.522],[152.3868,-29.5247],[152.3871,-29.5277],[152.3833,-29.5279],[152.3809,-29.5313],[152.3779,-29.5312],[152.3655,-29.538],[152.3597,-29.5397],[152.3577,-29.5431],[152.3545,-29.5455],[152.3391,-29.6234],[152.3361,-29.6408],[152.3313,-29.6452],[152.3275,-29.6468],[152.3261,-29.6502],[152.3271,-29.6535],[152.3242,-29.6558],[152.3149,-29.6514],[152.3119,-29.6516],[152.3105,-29.6568],[152.3121,-29.6626],[152.3115,-29.6645],[152.3076,-29.6646],[152.3042,-29.6627],[152.3028,-29.668],[152.2945,-29.6689],[152.2898,-29.6757],[152.2859,-29.6736],[152.283,-29.666],[152.2809,-29.6658],[152.2766,-29.673],[152.2771,-29.6768],[152.2759,-29.6825],[152.2715,-29.6857],[152.2703,-29.6913],[152.2623,-29.6969],[152.2614,-29.7005],[152.2645,-29.7029],[152.27,-29.7054],[152.2696,-29.7089],[152.2644,-29.7095],[152.2627,-29.711],[152.2622,-29.7151],[152.2658,-29.7254],[152.2641,-29.7284],[152.2614,-29.7278],[152.2556,-29.7327],[152.2557,-29.7361],[152.2592,-29.7393],[152.2584,-29.7441],[152.2631,-29.7473],[152.2644,-29.7509],[152.2615,-29.7542],[152.2606,-29.757],[152.2567,-29.758],[152.2551,-29.7537],[152.2526,-29.753],[152.2498,-29.7555],[152.2461,-29.7563],[152.2419,-29.7547],[152.2362,-29.7569],[152.2304,-29.7549],[152.2283,-29.7558],[152.2273,-29.7602],[152.2251,-29.7616],[152.2173,-29.7605],[152.213,-29.7634],[152.2108,-29.7683],[152.2054,-29.7718],[152.2065,-29.7779],[152.202,-29.7803],[152.2029,-29.7861],[152.2006,-29.788],[152.197,-29.7887],[152.1929,-29.7876],[152.1929,-29.7914],[152.1905,-29.7929],[152.1901,-29.7963],[152.1934,-29.7987],[152.1938,-29.8006],[152.1875,-29.7996],[152.1857,-29.8048],[152.1804,-29.8065],[152.176,-29.8175],[152.1714,-29.821],[152.1764,-29.8233],[152.1746,-29.8257],[152.1779,-29.8275],[152.1769,-29.8302],[152.1743,-29.8322],[152.1759,-29.8346],[152.1723,-29.8369],[152.1704,-29.8412],[152.1753,-29.8425],[152.1743,-29.8481],[152.1693,-29.8556],[152.1686,-29.8647],[152.1688,-29.8699],[152.1769,-29.8721],[152.1798,-29.8722],[152.1903,-29.8754],[152.1923,-29.8766],[152.1978,-29.8759],[152.1977,-29.8725],[152.2001,-29.8684],[152.2049,-29.8681],[152.2091,-29.8662],[152.2107,-29.869],[152.2143,-29.8714],[152.2205,-29.8709],[152.228,-29.8681],[152.2284,-29.8656],[152.2349,-29.8641],[152.2386,-29.865],[152.243,-29.8629],[152.249,-29.8636],[152.2511,-29.865],[152.2542,-29.8614],[152.2568,-29.8606],[152.2616,-29.8537],[152.2685,-29.8473],[152.2714,-29.8485],[152.2738,-29.8463],[152.276,-29.8534],[152.282,-29.8567],[152.2824,-29.8589],[152.2778,-29.861],[152.2769,-29.8653],[152.2785,-29.8677],[152.2842,-29.8695],[152.2871,-29.8722],[152.2877,-29.8747],[152.2859,-29.8764],[152.2822,-29.8772],[152.2816,-29.8797],[152.2847,-29.884],[152.2853,-29.8866],[152.2825,-29.8901],[152.2808,-29.8957],[152.2811,-29.9003],[152.2851,-29.9054],[152.2856,-29.9082],[152.2807,-29.9112],[152.278,-29.9117],[152.2721,-29.9105],[152.2697,-29.9115],[152.269,-29.9144],[152.2718,-29.9164],[152.2776,-29.9163],[152.2779,-29.9188],[152.2688,-29.9224],[152.2669,-29.9253],[152.269,-29.929],[152.2721,-29.9284],[152.2765,-29.9223],[152.2819,-29.9218],[152.2833,-29.9255],[152.2799,-29.9292],[152.2698,-29.9321],[152.2694,-29.9354],[152.2732,-29.944],[152.2724,-29.9508],[152.275,-29.9604],[152.2819,-29.9654],[152.2859,-29.9637],[152.2877,-29.9664],[152.2864,-29.9699],[152.2894,-29.9749],[152.292,-29.9769],[152.3023,-29.9793],[152.3051,-29.9791],[152.3083,-29.9808],[152.3067,-29.9828],[152.3009,-29.9842],[152.3035,-29.9877],[152.308,-29.9872],[152.308,-29.9934],[152.3097,-29.9962],[152.3148,-29.999],[152.3168,-30.0011],[152.3171,-30.0059],[152.3129,-30.0143],[152.3156,-30.0186],[152.313,-30.028],[152.3152,-30.0342],[152.3088,-30.0345],[152.3057,-30.0383],[152.3036,-30.0394],[152.2969,-30.0388],[152.2945,-30.0419],[152.2954,-30.0448],[152.2992,-30.0459],[152.2971,-30.049],[152.2937,-30.0497],[152.2936,-30.0527],[152.2976,-30.0533],[152.3,-30.0568],[152.2992,-30.0582],[152.2932,-30.0602],[152.2918,-30.0623],[152.2928,-30.0652],[152.2978,-30.0675],[152.2994,-30.0692],[152.2984,-30.0718],[152.2937,-30.0705],[152.2955,-30.0755],[152.2921,-30.0774],[152.2948,-30.0832],[152.2912,-30.0851],[152.2813,-30.0873],[152.2804,-30.0899],[152.2833,-30.0923],[152.284,-30.0953],[152.2805,-30.0972],[152.2796,-30.0996],[152.2845,-30.1027],[152.2868,-30.106],[152.2875,-30.1097],[152.2922,-30.1118],[152.2923,-30.1163],[152.2964,-30.1142],[152.2983,-30.1171],[152.2972,-30.1211],[152.3006,-30.124],[152.2997,-30.1276],[152.3016,-30.1294],[152.302,-30.1327],[152.2975,-30.1325],[152.2968,-30.137],[152.2997,-30.1398],[152.3034,-30.1385],[152.3049,-30.1413],[152.298,-30.1445],[152.2977,-30.1469],[152.3012,-30.1478],[152.3013,-30.1447],[152.3055,-30.1451],[152.3097,-30.148],[152.3062,-30.1548],[152.3044,-30.1599],[152.3079,-30.1611],[152.3081,-30.1582],[152.3131,-30.1585],[152.3162,-30.161],[152.315,-30.163],[152.3101,-30.1604],[152.3071,-30.1651],[152.3067,-30.1677],[152.3099,-30.1683],[152.3087,-30.1744],[152.3032,-30.179],[152.3097,-30.1813],[152.3116,-30.1786],[152.3171,-30.1821],[152.3126,-30.1838],[152.3111,-30.1904],[152.3134,-30.1925],[152.3109,-30.1951],[152.3126,-30.2004],[152.3155,-30.2015],[152.3139,-30.2048],[152.3188,-30.2102],[152.3242,-30.2101],[152.3233,-30.2126],[152.3263,-30.2172],[152.3299,-30.2167],[152.3312,-30.2202],[152.3383,-30.2194],[152.3387,-30.2247],[152.341,-30.227],[152.3451,-30.2275],[152.3461,-30.231],[152.3489,-30.2344],[152.3474,-30.2404],[152.3447,-30.2416],[152.3437,-30.2464],[152.34,-30.2478],[152.3406,-30.2508],[152.3374,-30.2526],[152.3388,-30.2562],[152.3375,-30.2572],[152.3377,-30.2624],[152.3422,-30.2713],[152.3411,-30.2754],[152.3388,-30.2792],[152.3426,-30.2878],[152.3443,-30.2902],[152.348,-30.2906],[152.347,-30.3004],[152.3445,-30.3016],[152.3423,-30.3136],[152.3446,-30.3151],[152.3429,-30.3242],[152.347,-30.3259],[152.3459,-30.3283],[152.3456,-30.333],[152.3512,-30.3337],[152.3495,-30.3396],[152.3548,-30.3404],[152.3518,-30.3554],[152.3551,-30.3559],[152.3608,-30.3535],[152.3656,-30.3541],[152.3646,-30.361],[152.3819,-30.3626],[152.3835,-30.3641],[152.386,-30.3709],[152.3899,-30.3747],[152.3882,-30.3787],[152.3875,-30.3832],[152.3904,-30.3863],[152.3944,-30.387],[152.3968,-30.3926],[152.4019,-30.3947],[152.4042,-30.3979],[152.4083,-30.3994],[152.4094,-30.4019],[152.4169,-30.4075],[152.4182,-30.411],[152.4242,-30.4179],[152.4281,-30.4189],[152.4248,-30.4241],[152.4197,-30.4266],[152.4175,-30.4365],[152.411,-30.437],[152.4052,-30.4352],[152.4018,-30.435],[152.3982,-30.4393],[152.3968,-30.4421],[152.3921,-30.4429],[152.3896,-30.4531],[152.3951,-30.4682],[152.3953,-30.4702],[152.3929,-30.4725],[152.3946,-30.4795],[152.3981,-30.4815],[152.4036,-30.487],[152.4084,-30.4893],[152.4067,-30.4927],[152.4003,-30.5009],[152.3925,-30.5007],[152.3886,-30.5024],[152.3858,-30.5052],[152.3846,-30.509],[152.385,-30.5116],[152.3828,-30.5147],[152.3826,-30.5193],[152.3869,-30.5213],[152.3882,-30.5264],[152.3869,-30.529],[152.3817,-30.533],[152.3767,-30.5355],[152.3764,-30.5403],[152.3725,-30.5431],[152.3693,-30.5427],[152.3641,-30.5451],[152.3622,-30.5511],[152.362,-30.5553],[152.3525,-30.5561],[152.3509,-30.5602],[152.3483,-30.5631],[152.3434,-30.5656],[152.3387,-30.5658],[152.3358,-30.567],[152.3362,-30.5726],[152.3338,-30.576],[152.3302,-30.579],[152.331,-30.5815],[152.3299,-30.5842],[152.3242,-30.5885],[152.323,-30.5903],[152.3177,-30.5934],[152.3117,-30.6002],[152.3132,-30.6026],[152.3161,-30.603],[152.3178,-30.6117],[152.3221,-30.616],[152.3331,-30.6203],[152.3339,-30.6239],[152.3317,-30.6297],[152.3333,-30.6321],[152.3336,-30.6366],[152.337,-30.6406],[152.3438,-30.6395],[152.3487,-30.6423],[152.3502,-30.6473],[152.3555,-30.6488],[152.3576,-30.6508],[152.3645,-30.6546],[152.3693,-30.6589],[152.369,-30.6606],[152.3644,-30.6635],[152.3595,-30.6734],[152.3596,-30.6763],[152.358,-30.6784],[152.3584,-30.6842],[152.3623,-30.6901],[152.3667,-30.6942],[152.3693,-30.6987],[152.3659,-30.703],[152.367,-30.7089],[152.3694,-30.7112],[152.3719,-30.7218],[152.3711,-30.7284],[152.3759,-30.7318],[152.3753,-30.7453],[152.3696,-30.7505],[152.3667,-30.7518],[152.3655,-30.7585],[152.3614,-30.7579],[152.3578,-30.7638],[152.352,-30.7692],[152.355,-30.7781],[152.3538,-30.7794],[152.3485,-30.7797],[152.3439,-30.7919],[152.3412,-30.7921],[152.3333,-30.7895],[152.3299,-30.791],[152.3245,-30.7918],[152.321,-30.7908],[152.3157,-30.7938],[152.3151,-30.7965],[152.3179,-30.8003],[152.3167,-30.8028],[152.3107,-30.805],[152.3074,-30.8095],[152.3075,-30.8116],[152.3039,-30.814],[152.3042,-30.8164],[152.2981,-30.8232],[152.2915,-30.8237],[152.2868,-30.8299],[152.2886,-30.8323],[152.2845,-30.8415],[152.2895,-30.8442],[152.2942,-30.8574],[152.2965,-30.859],[152.2962,-30.8627],[152.299,-30.865],[152.2991,-30.8684],[152.2951,-30.8722],[152.2936,-30.8775],[152.2906,-30.8823],[152.2906,-30.8882],[152.289,-30.8916],[152.2872,-30.9],[152.2893,-30.9019],[152.2917,-30.9068],[152.2938,-30.9088],[152.2937,-30.9117],[152.2917,-30.9145],[152.293,-30.9159],[152.2931,-30.9199],[152.2894,-30.9213],[152.2929,-30.928],[152.296,-30.9303],[152.2929,-30.9341],[152.2932,-30.9364],[152.2902,-30.9381],[152.2854,-30.9439],[152.2843,-30.9491],[152.285,-30.9523],[152.2876,-30.9543],[152.286,-30.9597],[152.2907,-30.9613],[152.288,-30.9669],[152.2915,-30.9682],[152.2919,-30.972],[152.2896,-30.9801],[152.2864,-30.9806],[152.2837,-30.9793],[152.283,-30.985],[152.2782,-30.9898],[152.2747,-30.9946],[152.2708,-30.9963],[152.2698,-30.9991],[152.2734,-31.0039],[152.2751,-31.0087],[152.2788,-31.0088],[152.2822,-31.0104],[152.2852,-31.0104],[152.2878,-31.0127],[152.2926,-31.0115],[152.2917,-31.0144],[152.2942,-31.0164],[152.299,-31.0173],[152.2996,-31.0198],[152.3078,-31.0252],[152.3113,-31.025],[152.3153,-31.0279],[152.3192,-31.0251],[152.3244,-31.0249],[152.3264,-31.0301],[152.3312,-31.0316],[152.334,-31.0355],[152.3372,-31.0351],[152.3403,-31.0364],[152.3408,-31.0387],[152.3446,-31.0424],[152.3444,-31.0478],[152.3452,-31.0499],[152.3315,-31.0556],[152.3312,-31.0577],[152.3376,-31.0659],[152.3406,-31.0682],[152.3368,-31.0714],[152.3375,-31.0726],[152.3342,-31.0757],[152.3374,-31.0801],[152.3349,-31.0849],[152.3367,-31.0888],[152.3351,-31.0913],[152.335,-31.0962],[152.3381,-31.106],[152.343,-31.1064],[152.3482,-31.1092],[152.3487,-31.1174],[152.3419,-31.1145],[152.3379,-31.1144],[152.3366,-31.1163],[152.3412,-31.1223],[152.3435,-31.1244],[152.3427,-31.1276],[152.34,-31.128],[152.3345,-31.127],[152.3309,-31.1275],[152.3166,-31.2029],[152.2563,-31.1948],[152.2586,-31.197],[152.2546,-31.2022],[152.254,-31.2057],[152.2506,-31.2069],[152.2418,-31.2036],[152.2398,-31.2005],[152.2348,-31.1981],[152.2324,-31.1989],[152.2318,-31.2054],[152.2234,-31.2079],[152.2174,-31.2022],[152.2125,-31.202],[152.2096,-31.1977],[152.2073,-31.1985],[152.2036,-31.1975],[152.2028,-31.1945],[152.1971,-31.1935],[152.1849,-31.1983],[152.1755,-31.1986],[152.1707,-31.1915],[152.1656,-31.191],[152.1627,-31.1885],[152.1583,-31.1884],[152.1568,-31.1856],[152.1513,-31.186],[152.1516,-31.1903],[152.1487,-31.1941],[152.1471,-31.1978],[152.1502,-31.2058],[152.1532,-31.2065],[152.1543,-31.2107],[152.1521,-31.2139],[152.1533,-31.2189],[152.1497,-31.2225],[152.1516,-31.2264],[152.1568,-31.2287],[152.1598,-31.2268],[152.1632,-31.2279],[152.1631,-31.2313],[152.16,-31.2341],[152.1587,-31.238],[152.1625,-31.2413],[152.1568,-31.2484],[152.1593,-31.2508],[152.1554,-31.2554],[152.1574,-31.2579],[152.1548,-31.2621],[152.1546,-31.2664],[152.1517,-31.2688],[152.1525,-31.2739],[152.1492,-31.2776],[152.1497,-31.2801],[152.1434,-31.2802],[152.1411,-31.2834],[152.1382,-31.2842],[152.137,-31.2815],[152.1337,-31.2788],[152.1292,-31.2818],[152.1256,-31.2791],[152.1234,-31.2802],[152.1031,-31.3734],[152.0998,-31.392],[152.096,-31.3887],[152.0926,-31.3919],[152.0871,-31.3917],[152.0775,-31.4006],[152.0746,-31.4003],[152.073,-31.403],[152.0691,-31.4029],[152.0678,-31.3985],[152.0656,-31.4091],[152.0618,-31.4297],[152.0643,-31.4305],[152.0657,-31.4338],[152.0647,-31.4384],[152.0715,-31.443],[152.0771,-31.4449],[152.0792,-31.4471],[152.0825,-31.4479],[152.0855,-31.4503],[152.0878,-31.4565],[152.0857,-31.4595],[152.0835,-31.4585],[152.0794,-31.462],[152.079,-31.4659],[152.0823,-31.477],[152.0809,-31.48],[152.0837,-31.4814],[152.0842,-31.4841],[152.0822,-31.491],[152.0869,-31.4961],[152.0835,-31.4978],[152.0838,-31.5005],[152.0851,-31.5021],[152.0858,-31.5073],[152.1641,-31.5171],[152.1652,-31.5137],[152.1634,-31.5066],[152.1657,-31.5002],[152.164,-31.4948],[152.1602,-31.491],[152.16,-31.4849],[152.1586,-31.4818],[152.1542,-31.4797],[152.154,-31.475],[152.1507,-31.4682],[152.1511,-31.4576],[152.1485,-31.45],[152.1475,-31.4424],[152.154,-31.4456],[152.1599,-31.4443],[152.164,-31.4459],[152.1668,-31.4504],[152.1721,-31.4521],[152.1727,-31.4543],[152.177,-31.4566],[152.1752,-31.4699],[152.1773,-31.4747],[152.1795,-31.4766],[152.186,-31.4776],[152.188,-31.479],[152.1875,-31.4868],[152.1832,-31.4903],[152.1815,-31.497],[152.1814,-31.5031],[152.1806,-31.5066],[152.1822,-31.5082],[152.1795,-31.5124],[152.1798,-31.5167],[152.1782,-31.5191],[152.1811,-31.5204],[152.1825,-31.5232],[152.1907,-31.527],[152.1904,-31.5289],[152.1937,-31.534],[152.1979,-31.5379],[152.2015,-31.5379],[152.2051,-31.5401],[152.2097,-31.5381],[152.2096,-31.5367],[152.2132,-31.5329],[152.2124,-31.5304],[152.2097,-31.5294],[152.217,-31.5188],[152.2173,-31.5163],[152.215,-31.5151],[152.2152,-31.5113],[152.2174,-31.5074],[152.2235,-31.5089],[152.23,-31.5095],[152.2379,-31.5085],[152.2387,-31.5057],[152.2413,-31.5029],[152.2445,-31.5044],[152.2508,-31.498],[152.2537,-31.4916],[152.2514,-31.4899],[152.2545,-31.4873],[152.2627,-31.4918],[152.2672,-31.4935],[152.2689,-31.4985],[152.2716,-31.5005],[152.2701,-31.5026],[152.2777,-31.514],[152.2812,-31.5174],[152.2788,-31.5217],[152.2826,-31.524],[152.2846,-31.5215],[152.2896,-31.519],[152.2925,-31.521],[152.2945,-31.5246],[152.2964,-31.5243],[152.299,-31.5203],[152.3022,-31.5183],[152.3029,-31.5155],[152.3052,-31.513],[152.3121,-31.5126],[152.3171,-31.5133],[152.32,-31.5122],[152.3254,-31.5135],[152.3293,-31.5131],[152.3349,-31.5166],[152.3326,-31.5176],[152.3335,-31.5212],[152.3318,-31.5248],[152.3374,-31.5246],[152.3429,-31.5253],[152.3418,-31.5286],[152.3449,-31.531],[152.34,-31.5342],[152.3366,-31.534],[152.3322,-31.5387],[152.3314,-31.5412],[152.3366,-31.545],[152.3416,-31.5528],[152.3377,-31.5527],[152.3331,-31.5554],[152.3424,-31.5577],[152.3411,-31.5603],[152.3426,-31.5644],[152.342,-31.5666],[152.3383,-31.5687],[152.3408,-31.5718],[152.3409,-31.5741],[152.3469,-31.5756],[152.3473,-31.5784],[152.3445,-31.5832],[152.3428,-31.5842],[152.3385,-31.583],[152.3356,-31.5835],[152.3334,-31.5874],[152.328,-31.5893],[152.3294,-31.5926],[152.3239,-31.6],[152.319,-31.5998],[152.3175,-31.6016],[152.318,-31.6064],[152.3174,-31.6119],[152.3137,-31.6162],[152.3119,-31.6197],[152.3127,-31.6237],[152.3084,-31.6247],[152.3117,-31.6273],[152.3153,-31.6244],[152.3188,-31.6245],[152.3228,-31.6222],[152.328,-31.6234],[152.3334,-31.6232],[152.3352,-31.6144],[152.3484,-31.6163],[152.347,-31.6237],[152.3561,-31.625],[152.3522,-31.6465],[152.3504,-31.6499],[152.353,-31.6517],[152.3579,-31.6527],[152.371,-31.6499],[152.3763,-31.6516],[152.3822,-31.65],[152.3861,-31.6514],[152.3855,-31.6546],[152.3949,-31.6559],[152.3939,-31.6606],[152.3917,-31.665],[152.3972,-31.6658],[152.4004,-31.6674],[152.4039,-31.6669],[152.4071,-31.6682],[152.409,-31.6634],[152.4076,-31.6608],[152.4104,-31.6565],[152.4135,-31.656],[152.4155,-31.6537],[152.4191,-31.6539],[152.4193,-31.6496],[152.4206,-31.6468],[152.427,-31.647],[152.4266,-31.6489],[152.4338,-31.6499],[152.4334,-31.652],[152.4393,-31.6528],[152.4397,-31.6511],[152.4443,-31.6519],[152.4451,-31.6479],[152.4521,-31.6465],[152.4595,-31.6475],[152.4622,-31.6428],[152.4649,-31.6409],[152.4751,-31.6422],[152.4796,-31.6389],[152.4904,-31.6405],[152.4976,-31.6394],[152.5033,-31.6372],[152.4995,-31.6564],[152.5017,-31.6609],[152.5149,-31.6628],[152.5151,-31.6617],[152.5369,-31.6653],[152.5358,-31.6711],[152.5433,-31.6722],[152.5466,-31.6745],[152.5512,-31.6737],[152.5578,-31.6745],[152.5568,-31.6797],[152.5678,-31.6816],[152.5671,-31.6853],[152.5773,-31.6861],[152.5768,-31.6893],[152.5903,-31.6911],[152.5955,-31.6914],[152.5948,-31.6952],[152.6008,-31.696],[152.6013,-31.6927],[152.6077,-31.6925],[152.617,-31.6931],[152.6393,-31.6956],[152.639,-31.6973],[152.648,-31.6987],[152.6642,-31.7004],[152.6751,-31.7023],[152.6805,-31.704],[152.6844,-31.7011],[152.6862,-31.7047],[152.7215,-31.7095],[152.726,-31.7027],[152.73,-31.7009],[152.7299,-31.7042],[152.7331,-31.7102],[152.7394,-31.7159],[152.7444,-31.7166],[152.7359,-31.7232],[152.7375,-31.7244],[152.7472,-31.721],[152.7526,-31.7215],[152.7849,-31.726],[152.7855,-31.725],[152.8043,-31.7281]]]},"properties":{"name":"North Coast"}},
{"type":"Feature","geometry":{"type":"Polygon","coordinates":[[[147.7592,-34.1423],[147.7623,-34.1432],[147.7668,-34.1397],[147.7702,-34.1394],[147.7769,-34.1426],[147.784,-34.1407],[147.7877,-34.1378],[147.7933,-34.1381],[147.7974,-34.1353],[147.8003,-34.1353],[147.8021,-34.1321],[147.8053,-34.1326],[147.806,-34.1277],[147.8107,-34.1251],[147.8166,-34.1251],[147.8188,-34.1219],[147.8213,-34.1208],[147.8236,-34.1173],[147.8309,-34.1183],[147.8342,-34.1211],[147.8445,-34.1191],[147.8476,-34.1161],[147.8506,-34.1168],[147.855,-34.1153],[147.8565,-34.1127],[147.8636,-34.1127],[147.8731,-34.1143],[147.8782,-34.1178],[147.9376,-34.1167],[147.9422,-34.0941],[147.9787,-34.0992],[147.9796,-34.0944],[148.0053,-34.0976],[148.0069,-34.0992],[148.006,-34.1039],[148.0257,-34.1176],[148.0159,-34.0423],[148.0128,-34.0419],[148.0148,-34.0294],[148.0171,-34.0289],[148.0226,-34.0331],[148.0263,-34.0292],[148.0287,-34.0282],[148.0325,-34.029],[148.0343,-34.0309],[148.0372,-34.0298],[148.0402,-34.0306],[148.0468,-34.0294],[148.0498,-34.033],[148.0524,-34.0343],[148.0565,-34.0343],[148.059,-34.0315],[148.0633,-34.03],[148.0666,-34.0317],[148.0702,-34.0359],[148.0773,-34.0411],[148.0825,-34.0432],[148.0816,-34.0507],[148.0853,-34.0499],[148.0879,-34.0528],[148.0908,-34.0501],[148.1014,-34.0492],[148.1057,-34.0524],[148.1083,-34.0566],[148.1125,-34.0561],[148.1151,-34.0593],[148.1129,-34.0636],[148.1141,-34.068],[148.1188,-34.0697],[148.1294,-34.0684],[148.1327,-34.0717],[148.1356,-34.073],[148.1399,-34.0777],[148.1432,-34.0768],[148.1462,-34.0805],[148.1485,-34.08],[148.1527,-34.0574],[148.1647,-34.0591],[148.1642,-34.0613],[148.1706,-34.0642],[148.1768,-34.0648],[148.1797,-34.0643],[148.1799,-34.061],[148.1927,-34.0627],[148.199,-34.0625],[148.2023,-34.0687],[148.205,-34.0701],[148.2061,-34.0649],[148.2212,-34.0669],[148.2238,-34.0537],[148.2374,-34.0555],[148.244,-34.0648],[148.259,-34.067],[148.2621,-34.0688],[148.2645,-34.0745],[148.2698,-34.0778],[148.2734,-34.0761],[148.2781,-34.0765],[148.2825,-34.0826],[148.2935,-34.0853],[148.2957,-34.0836],[148.3061,-34.083],[148.3337,-34.0866],[148.3326,-34.0926],[148.3396,-34.0935],[148.3384,-34.0993],[148.3512,-34.101],[148.3493,-34.1115],[148.3498,-34.1154],[148.3638,-34.1173],[148.3651,-34.1212],[148.364,-34.1253],[148.3765,-34.1271],[148.3761,-34.1295],[148.3845,-34.1306],[148.3861,-34.1244],[148.3905,-34.1174],[148.3913,-34.1126],[148.3892,-34.1093],[148.3908,-34.1027],[148.3963,-34.0975],[148.4003,-34.0981],[148.402,-34.0942],[148.4065,-34.0886],[148.4094,-34.0875],[148.4078,-34.0808],[148.4094,-34.0771],[148.4132,-34.0775],[148.4173,-34.0741],[148.4219,-34.0716],[148.4391,-34.0739],[148.4418,-34.0598],[148.4396,-34.0595],[148.4395,-34.0555],[148.4377,-34.0532],[148.4394,-34.0442],[148.4372,-34.0415],[148.4401,-34.0269],[148.4392,-34.0267],[148.4419,-34.0119],[148.4942,-34.0186],[148.4929,-34.0256],[148.5116,-34.0284],[148.5304,-34.0309],[148.5453,-34.0334],[148.5446,-34.0278],[148.5472,-34.0266],[148.5478,-34.022],[148.551,-34.0195],[148.5613,-34.0232],[148.561,-34.0263],[148.563,-34.0327],[148.5677,-34.0333],[148.569,-34.0308],[148.5748,-34.0362],[148.5722,-34.0385],[148.5772,-34.0432],[148.5734,-34.046],[148.5754,-34.05],[148.5781,-34.0525],[148.5854,-34.0543],[148.5948,-34.0534],[148.5966,-34.0571],[148.5991,-34.0582],[148.6035,-34.0569],[148.6084,-34.058],[148.6108,-34.0622],[148.6189,-34.0713],[148.6249,-34.0727],[148.6316,-34.0705],[148.6337,-34.0677],[148.6365,-34.0697],[148.6405,-34.067],[148.6439,-34.0697],[148.6521,-34.0662],[148.6524,-34.0708],[148.6604,-34.0751],[148.6597,-34.0804],[148.6607,-34.0831],[148.6636,-34.0849],[148.6675,-34.0892],[148.6676,-34.0937],[148.6703,-34.0948],[148.6705,-34.0972],[148.6771,-34.0942],[148.6761,-34.0905],[148.679,-34.0873],[148.6869,-34.0821],[148.6911,-34.0829],[148.7024,-34.0803],[148.7093,-34.082],[148.7182,-34.074],[148.7235,-34.0778],[148.7313,-34.0787],[148.7324,-34.0701],[148.7369,-34.0707],[148.7392,-34.0699],[148.7418,-34.0581],[148.7477,-34.0589],[148.7468,-34.0552],[148.748,-34.0518],[148.7532,-34.0495],[148.7589,-34.0489],[148.7591,-34.0437],[148.7631,-34.0383],[148.7574,-34.0343],[148.7518,-34.0244],[148.7437,-34.0207],[148.7462,-34.008],[148.7537,-34.009],[148.7552,-34.001],[148.7527,-33.9992],[148.7654,-34.0006],[148.7621,-33.9939],[148.7658,-33.9924],[148.766,-33.9887],[148.7677,-33.9873],[148.7674,-33.982],[148.7711,-33.9809],[148.7789,-33.9859],[148.7815,-33.9838],[148.7855,-33.9826],[148.7906,-33.9852],[148.7918,-33.9841],[148.7997,-33.985],[148.8039,-33.9838],[148.8047,-33.9814],[148.8079,-33.9639],[148.8215,-33.9658],[148.8225,-33.962],[148.8247,-33.959],[148.829,-33.9596],[148.8317,-33.9455],[148.8342,-33.947],[148.8482,-33.9521],[148.8518,-33.952],[148.8707,-33.9465],[148.8811,-33.9479],[148.8858,-33.9443],[148.8857,-33.9404],[148.8892,-33.9386],[148.8913,-33.9407],[148.8921,-33.9455],[148.8885,-33.9523],[148.888,-33.9593],[148.8898,-33.9634],[148.8941,-33.9668],[148.8992,-33.9685],[148.9025,-33.9733],[148.9071,-33.9756],[148.9101,-33.9745],[148.9137,-33.9703],[148.9207,-33.9731],[148.9253,-33.9772],[148.9277,-33.9813],[148.9331,-33.9821],[148.9397,-33.9792],[148.9414,-33.9763],[148.9396,-33.9727],[148.9414,-33.9698],[148.9455,-33.9692],[148.9525,-33.971],[148.9567,-33.9712],[148.9619,-33.97],[148.9665,-33.97],[148.9679,-33.9687],[148.9689,-33.96],[148.9702,-33.9561],[148.9739,-33.9526],[148.9804,-33.9511],[148.9808,-33.9487],[148.9779,-33.9424],[148.9784,-33.9325],[148.9795,-33.9259],[148.9821,-33.9242],[148.9931,-33.9256],[149.0012,-33.9254],[149.004,-33.9262],[149.0076,-33.9301],[149.0114,-33.9328],[149.0163,-33.9341],[149.0203,-33.9341],[149.0251,-33.9321],[149.026,-33.9292],[149.0248,-33.9257],[149.0246,-33.9194],[149.0335,-33.9112],[149.0361,-33.9101],[149.0419,-33.9106],[149.0476,-33.913],[149.0504,-33.9132],[149.0536,-33.9113],[149.0552,-33.9079],[149.0547,-33.9027],[149.062,-33.8965],[149.0645,-33.8932],[149.0678,-33.892],[149.0733,-33.8924],[149.0736,-33.8959],[149.0698,-33.8986],[149.0713,-33.901],[149.078,-33.905],[149.079,-33.9109],[149.0821,-33.9129],[149.0927,-33.9108],[149.0967,-33.9077],[149.0977,-33.9004],[149.1037,-33.9],[149.1062,-33.8986],[149.1048,-33.8943],[149.1168,-33.894],[149.1203,-33.8883],[149.1303,-33.894],[149.1315,-33.8955],[149.1309,-33.9011],[149.1363,-33.9017],[149.1392,-33.9031],[149.1375,-33.9097],[149.1413,-33.9122],[149.147,-33.9137],[149.1487,-33.9186],[149.1552,-33.9285],[149.1537,-33.9314],[149.1533,-33.9363],[149.1475,-33.939],[149.1406,-33.9443],[149.1404,-33.9455],[149.1467,-33.9547],[149.1445,-33.9579],[149.1496,-33.9629],[149.1526,-33.967],[149.1604,-33.9696],[149.1632,-33.972],[149.1649,-33.978],[149.1698,-33.9757],[149.1731,-33.9767],[149.1761,-33.9796],[149.1769,-33.9825],[149.1793,-33.9847],[149.1977,-33.9849],[149.1991,-33.9839],[149.2002,-33.9748],[149.2028,-33.9691],[149.2074,-33.9683],[149.2107,-33.9713],[149.2131,-33.9708],[149.216,-33.9673],[149.2168,-33.9641],[149.2207,-33.9654],[149.2217,-33.9681],[149.2256,-33.9664],[149.227,-33.9703],[149.2254,-33.9732],[149.2299,-33.9746],[149.2351,-33.9794],[149.2361,-33.976],[149.2332,-33.9731],[149.232,-33.9701],[149.2341,-33.9674],[149.2373,-33.9675],[149.242,-33.9698],[149.2445,-33.9698],[149.2511,-33.9666],[149.255,-33.9665],[149.2574,-33.9633],[149.2629,-33.964],[149.2646,-33.9613],[149.2685,-33.9597],[149.274,-33.9596],[149.2757,-33.9584],[149.2746,-33.9555],[149.2783,-33.9513],[149.2795,-33.9483],[149.2854,-33.9494],[149.2893,-33.9527],[149.2949,-33.951],[149.2968,-33.9469],[149.3013,-33.9482],[149.3026,-33.9541],[149.3062,-33.9523],[149.3094,-33.9528],[149.3127,-33.9559],[149.3198,-33.9546],[149.3234,-33.9565],[149.3305,-33.9512],[149.3326,-33.9508],[149.3355,-33.9531],[149.34,-33.953],[149.3488,-33.9546],[149.3536,-33.959],[149.352,-33.9638],[149.3518,-33.9702],[149.3543,-33.9722],[149.3619,-33.9692],[149.3639,-33.9704],[149.3624,-33.9751],[149.3645,-33.978],[149.3682,-33.9767],[149.3708,-33.9776],[149.373,-33.9834],[149.3773,-33.9842],[149.3806,-33.9798],[149.3837,-33.9807],[149.3838,-33.9882],[149.3859,-33.9915],[149.3925,-33.9962],[149.3956,-33.9974],[149.3988,-33.9959],[149.4012,-33.9983],[149.4012,-34.0017],[149.4032,-34.0062],[149.4085,-34.0087],[149.4131,-34.0085],[149.4136,-34.0118],[149.4177,-34.0117],[149.4209,-34.0131],[149.4224,-34.0156],[149.4347,-34.0229],[149.4446,-34.0231],[149.4466,-34.0267],[149.4506,-34.0265],[149.4563,-34.0287],[149.4559,-34.0244],[149.4588,-34.0167],[149.4587,-34.0132],[149.4612,-34.0132],[149.4641,-34.0107],[149.4744,-34.0142],[149.4802,-34.0154],[149.4813,-34.019],[149.4839,-34.0219],[149.4907,-34.0215],[149.4936,-34.0241],[149.4923,-34.0288],[149.4948,-34.0299],[149.4989,-34.0283],[149.5059,-34.0317],[149.509,-34.0367],[149.5132,-34.032],[149.5159,-34.0382],[149.5184,-34.0413],[149.5153,-34.0438],[149.5124,-34.0482],[149.5161,-34.0534],[149.5236,-34.0525],[149.5291,-34.0559],[149.525,-34.0579],[149.5277,-34.0611],[149.5313,-34.0616],[149.5374,-34.0644],[149.5364,-34.0686],[149.5392,-34.0724],[149.5422,-34.0696],[149.5451,-34.0708],[149.5456,-34.0738],[149.5414,-34.0763],[149.5445,-34.0783],[149.5466,-34.0825],[149.5462,-34.0849],[149.551,-34.086],[149.5501,-34.0926],[149.5529,-34.0937],[149.5541,-34.0882],[149.5576,-34.0899],[149.5596,-34.0944],[149.5635,-34.0961],[149.5648,-34.094],[149.5625,-34.0916],[149.5646,-34.0877],[149.5699,-34.0913],[149.5711,-34.0959],[149.5735,-34.0964],[149.5774,-34.0927],[149.5798,-34.0951],[149.5777,-34.0973],[149.5767,-34.1007],[149.5811,-34.1046],[149.5825,-34.1073],[149.5868,-34.1049],[149.5888,-34.106],[149.5878,-34.1099],[149.592,-34.1116],[149.5968,-34.1114],[149.602,-34.117],[149.6021,-34.1215],[149.6064,-34.1227],[149.6088,-34.1213],[149.6125,-34.1163],[149.6146,-34.1095],[149.618,-34.1054],[149.6208,-34.106],[149.6235,-34.113],[149.6229,-34.1155],[149.619,-34.1167],[149.6215,-34.1191],[149.6234,-34.1246],[149.6221,-34.1279],[149.6264,-34.1279],[149.6278,-34.1238],[149.6272,-34.1142],[149.6294,-34.1141],[149.6333,-34.1208],[149.6374,-34.1245],[149.6384,-34.1268],[149.6369,-34.1292],[149.637,-34.1355],[149.6434,-34.1353],[149.64,-34.1392],[149.6464,-34.1405],[149.6432,-34.1463],[149.6458,-34.1479],[149.6493,-34.1467],[149.6537,-34.1499],[149.6539,-34.1519],[149.6491,-34.1582],[149.6506,-34.1595],[149.6575,-34.1593],[149.6596,-34.1629],[149.6565,-34.1675],[149.6583,-34.1703],[149.662,-34.165],[149.6651,-34.1661],[149.6635,-34.1717],[149.6648,-34.1731],[149.6705,-34.1743],[149.6725,-34.1725],[149.6762,-34.173],[149.674,-34.1809],[149.6772,-34.1835],[149.6759,-34.1851],[149.6785,-34.1875],[149.6789,-34.1904],[149.6817,-34.1915],[149.6811,-34.1971],[149.6825,-34.1992],[149.6878,-34.199],[149.6908,-34.1972],[149.6923,-34.1931],[149.6951,-34.1943],[149.6942,-34.2024],[149.6962,-34.2026],[149.6992,-34.1975],[149.7023,-34.197],[149.7053,-34.1986],[149.7083,-34.1956],[149.7108,-34.1982],[149.7131,-34.1946],[149.7156,-34.1942],[149.7174,-34.1909],[149.7213,-34.194],[149.7236,-34.1984],[149.7259,-34.1985],[149.7259,-34.1908],[149.7287,-34.1904],[149.7297,-34.1929],[149.7335,-34.1971],[149.7368,-34.194],[149.7441,-34.1942],[149.7406,-34.1897],[149.7436,-34.1888],[149.7455,-34.1908],[149.7489,-34.189],[149.7539,-34.1886],[149.7602,-34.1924],[149.7616,-34.1943],[149.7655,-34.1926],[149.7666,-34.1903],[149.7711,-34.1908],[149.7729,-34.1935],[149.7815,-34.195],[149.7814,-34.198],[149.7874,-34.1997],[149.7936,-34.2006],[149.7935,-34.2037],[149.7956,-34.2057],[149.7986,-34.2053],[149.8,-34.2027],[149.8047,-34.2026],[149.8044,-34.1988],[149.8077,-34.1982],[149.8116,-34.1997],[149.8142,-34.1974],[149.816,-34.2008],[149.8184,-34.2009],[149.8246,-34.1978],[149.8281,-34.197],[149.8286,-34.1928],[149.832,-34.1938],[149.8329,-34.1906],[149.8434,-34.186],[149.8478,-34.1864],[149.8499,-34.1837],[149.8546,-34.1856],[149.8565,-34.1874],[149.8635,-34.1861],[149.8656,-34.1848],[149.8733,-34.1884],[149.8779,-34.1872],[149.8861,-34.1833],[149.8876,-34.1808],[149.8913,-34.1827],[149.9016,-34.184],[149.9041,-34.1821],[149.9108,-34.1835],[149.9169,-34.1819],[149.9182,-34.1832],[149.925,-34.1772],[149.9264,-34.1743],[149.9332,-34.1712],[149.9325,-34.1689],[149.9375,-34.1685],[149.9376,-34.1624],[149.936,-34.1591],[149.9382,-34.1515],[149.9409,-34.1497],[149.9426,-34.1456],[149.9446,-34.144],[149.9434,-34.1408],[149.9477,-34.131],[149.9472,-34.1289],[149.9494,-34.1246],[149.9458,-34.1238],[149.9419,-34.1174],[149.9366,-34.1165],[149.9318,-34.1167],[149.9314,-34.1044],[149.9349,-34.101],[149.9353,-34.0971],[149.9331,-34.0953],[149.9325,-34.0905],[149.9332,-34.0826],[149.9354,-34.0855],[149.9449,-34.0917],[149.9502,-34.086],[149.9544,-34.0882],[149.9593,-34.0793],[149.9641,-34.0787],[149.9676,-34.0795],[149.971,-34.0779],[149.9767,-34.0805],[149.9815,-34.0803],[149.9859,-34.0824],[149.9938,-34.0822],[149.9989,-34.084],[150.0026,-34.0839],[150.0073,-34.0853],[150.003,-34.0933],[150.0028,-34.0973],[150.0053,-34.1032],[150.0121,-34.1066],[150.0117,-34.1097],[150.0239,-34.1155],[150.0315,-34.1168],[150.0376,-34.1208],[150.044,-34.1208],[150.0472,-34.1241],[150.0544,-34.1261],[150.0548,-34.1276],[150.0597,-34.129],[150.0644,-34.1291],[150.0712,-34.1316],[150.0782,-34.1264],[150.0821,-34.1211],[150.0855,-34.1206],[150.0895,-34.1257],[150.0887,-34.1296],[150.0905,-34.1334],[150.0952,-34.1373],[150.1052,-34.1385],[150.1045,-34.1418],[150.1077,-34.1463],[150.1125,-34.1478],[150.1149,-34.151],[150.1171,-34.1501],[150.125,-34.1492],[150.1213,-34.1407],[150.1141,-34.1404],[150.1118,-34.1333],[150.1101,-34.1314],[150.1125,-34.1271],[150.1098,-34.1228],[150.1065,-34.1208],[150.104,-34.1134],[150.1041,-34.1108],[150.108,-34.1055],[150.1103,-34.1055],[150.1129,-34.1022],[150.1112,-34.1004],[150.1118,-34.0971],[150.1067,-34.0897],[150.1118,-34.0898],[150.1099,-34.0869],[150.1111,-34.084],[150.1151,-34.0861],[150.1153,-34.091],[150.1185,-34.0895],[150.1157,-34.0806],[150.1173,-34.0774],[150.1237,-34.0757],[150.1263,-34.079],[150.1326,-34.0821],[150.1331,-34.0797],[150.1287,-34.0775],[150.1276,-34.0758],[150.1305,-34.0729],[150.1364,-34.0741],[150.1393,-34.0712],[150.1419,-34.0733],[150.146,-34.0704],[150.143,-34.0653],[150.1432,-34.0579],[150.1406,-34.0509],[150.1414,-34.0492],[150.1464,-34.0476],[150.1488,-34.0437],[150.1536,-34.0425],[150.1544,-34.0358],[150.1583,-34.0343],[150.1616,-34.0375],[150.168,-34.0354],[150.1654,-34.0334],[150.1595,-34.0323],[150.1603,-34.0297],[150.1688,-34.0274],[150.1662,-34.0243],[150.1674,-34.0208],[150.1717,-34.0224],[150.1724,-34.0191],[150.1757,-34.0161],[150.1808,-34.0182],[150.1823,-34.0176],[150.1832,-34.0116],[150.1881,-34.01],[150.1943,-34.005],[150.1993,-34.0053],[150.202,-34.0045],[150.2021,-34.0016],[150.2084,-33.9984],[150.2085,-33.9949],[150.211,-33.9896],[150.2156,-33.9881],[150.2187,-33.9837],[150.2225,-33.9803],[150.2273,-33.9792],[150.2278,-33.9741],[150.2319,-33.971],[150.2318,-33.9681],[150.2364,-33.965],[150.2332,-33.9627],[150.2373,-33.9563],[150.241,-33.9519],[150.2377,-33.9505],[150.217,-33.9478],[150.2188,-33.9384],[150.2148,-33.9364],[150.21,-33.9374],[150.2033,-33.9438],[150.1982,-33.9471],[150.1891,-33.9506],[150.1824,-33.9498],[150.1803,-33.9455],[150.1756,-33.9452],[150.1752,-33.939],[150.172,-33.9369],[150.1706,-33.9343],[150.1713,-33.93],[150.1679,-33.9175],[150.1652,-33.9154],[150.1677,-33.9072],[150.17,-33.9024],[150.1645,-33.8974],[150.159,-33.8976],[150.1559,-33.8944],[150.1592,-33.8876],[150.1638,-33.8865],[150.1676,-33.8892],[150.1725,-33.8877],[150.1786,-33.8839],[150.1807,-33.881],[150.1848,-33.8804],[150.1817,-33.8759],[150.1784,-33.8727],[150.1754,-33.8718],[150.1709,-33.8727],[150.1664,-33.8661],[150.1664,-33.8639],[150.1695,-33.8626],[150.1747,-33.8621],[150.1762,-33.8585],[150.1754,-33.8531],[150.1816,-33.8481],[150.1817,-33.8437],[150.1855,-33.8378],[150.1838,-33.8309],[150.182,-33.8298],[150.1783,-33.8308],[150.1749,-33.8339],[150.1696,-33.8277],[150.1693,-33.8253],[150.1725,-33.8234],[150.1741,-33.8206],[150.1734,-33.8178],[150.1759,-33.8121],[150.1807,-33.8055],[150.1814,-33.8033],[150.1798,-33.7969],[150.1726,-33.7988],[150.1692,-33.7965],[150.1719,-33.7929],[150.1719,-33.7877],[150.177,-33.787],[150.1795,-33.7822],[150.1771,-33.779],[150.1785,-33.7779],[150.1839,-33.7781],[150.1891,-33.7763],[150.1906,-33.7743],[150.1903,-33.7714],[150.1957,-33.767],[150.1934,-33.762],[150.1964,-33.7581],[150.1929,-33.7535],[150.1922,-33.7502],[150.1885,-33.7495],[150.186,-33.7509],[150.1801,-33.7448],[150.1801,-33.7427],[150.1886,-33.7365],[150.1904,-33.7336],[150.1945,-33.7339],[150.1974,-33.7326],[150.1986,-33.7284],[150.2023,-33.7284],[150.2097,-33.726],[150.2122,-33.7209],[150.2098,-33.7186],[150.2081,-33.7147],[150.206,-33.7142],[150.2023,-33.7178],[150.1998,-33.7174],[150.1985,-33.7127],[150.1954,-33.7129],[150.1919,-33.7168],[150.1901,-33.7206],[150.1853,-33.7205],[150.1817,-33.7223],[150.1779,-33.721],[150.1769,-33.7188],[150.178,-33.7158],[150.1805,-33.7148],[150.1846,-33.711],[150.1828,-33.7087],[150.1816,-33.7045],[150.2076,-33.7085],[150.2148,-33.6749],[150.2194,-33.6747],[150.2289,-33.676],[150.2314,-33.663],[150.2431,-33.6645],[150.2483,-33.6636],[150.2483,-33.6584],[150.2468,-33.6563],[150.2416,-33.6545],[150.2378,-33.6512],[150.2405,-33.6386],[150.2619,-33.6417],[150.2641,-33.6312],[150.2675,-33.6293],[150.266,-33.6265],[150.2665,-33.6223],[150.2708,-33.623],[150.2715,-33.6191],[150.259,-33.6175],[150.2603,-33.6107],[150.249,-33.6091],[150.2503,-33.6034],[150.2432,-33.6024],[150.2448,-33.5944],[150.2369,-33.5933],[150.2394,-33.5815],[150.2354,-33.5813],[150.2353,-33.576],[150.2281,-33.5751],[150.2287,-33.5721],[150.2255,-33.5717],[150.2274,-33.5636],[150.2246,-33.5603],[150.2138,-33.5577],[150.2157,-33.548],[150.2269,-33.5495],[150.2278,-33.5506],[150.2261,-33.5605],[150.2354,-33.562],[150.2364,-33.5598],[150.2406,-33.5604],[150.2413,-33.5568],[150.2507,-33.558],[150.2546,-33.5371],[150.2577,-33.5187],[150.2533,-33.5182],[150.2557,-33.5055],[150.2547,-33.5054],[150.2568,-33.4943],[150.2608,-33.4963],[150.2709,-33.4976],[150.277,-33.4977],[150.2768,-33.4992],[150.3016,-33.5023],[150.3147,-33.5044],[150.3119,-33.5201],[150.3319,-33.5226],[150.3351,-33.5128],[150.3438,-33.5097],[150.3479,-33.509],[150.3487,-33.5055],[150.347,-33.5025],[150.354,-33.4989],[150.3557,-33.4958],[150.3515,-33.4922],[150.3571,-33.4858],[150.3641,-33.4891],[150.3654,-33.4913],[150.3704,-33.4907],[150.372,-33.488],[150.3756,-33.4862],[150.378,-33.4873],[150.3835,-33.487],[150.3824,-33.4844],[150.3839,-33.4802],[150.3866,-33.4793],[150.3895,-33.4819],[150.3886,-33.4838],[150.3922,-33.4867],[150.4005,-33.4875],[150.3971,-33.4821],[150.4021,-33.4771],[150.4059,-33.477],[150.4071,-33.4736],[150.4092,-33.4735],[150.411,-33.4796],[150.4088,-33.4818],[150.4126,-33.4834],[150.4144,-33.4818],[150.4171,-33.4864],[150.4195,-33.4864],[150.4241,-33.4815],[150.4368,-33.4806],[150.4416,-33.4824],[150.4474,-33.4814],[150.4458,-33.4775],[150.4489,-33.4768],[150.4476,-33.4729],[150.4499,-33.4705],[150.4504,-33.462],[150.4515,-33.4585],[150.4557,-33.457],[150.4602,-33.4573],[150.4648,-33.4566],[150.4684,-33.4541],[150.466,-33.4513],[150.4604,-33.4503],[150.4621,-33.4466],[150.4665,-33.4439],[150.4728,-33.4385],[150.4735,-33.433],[150.479,-33.43],[150.4769,-33.4277],[150.4793,-33.4218],[150.4781,-33.418],[150.4803,-33.415],[150.4788,-33.4128],[150.4803,-33.409],[150.4776,-33.4052],[150.4797,-33.403],[150.4759,-33.3994],[150.477,-33.3974],[150.4801,-33.3967],[150.4838,-33.3978],[150.4852,-33.3954],[150.4832,-33.3928],[150.4844,-33.3893],[150.4877,-33.3863],[150.4822,-33.3838],[150.4836,-33.3822],[150.4875,-33.3819],[150.4898,-33.3775],[150.4939,-33.3791],[150.4964,-33.3771],[150.5012,-33.3783],[150.5044,-33.3757],[150.5095,-33.379],[150.5118,-33.3752],[150.5171,-33.3778],[150.5204,-33.3738],[150.5262,-33.3753],[150.5275,-33.3711],[150.5336,-33.3692],[150.536,-33.3663],[150.541,-33.3669],[150.542,-33.3637],[150.5453,-33.3666],[150.5472,-33.3636],[150.5496,-33.3647],[150.5493,-33.3685],[150.5546,-33.3659],[150.5594,-33.3656],[150.5599,-33.3614],[150.5667,-33.3592],[150.5668,-33.3555],[150.575,-33.3577],[150.5761,-33.353],[150.5809,-33.3515],[150.5817,-33.3446],[150.5833,-33.3427],[150.5901,-33.3431],[150.5918,-33.3387],[150.5903,-33.3361],[150.5849,-33.334],[150.5819,-33.3299],[150.5856,-33.3258],[150.5843,-33.3224],[150.5802,-33.3208],[150.5747,-33.3225],[150.5704,-33.3208],[150.5584,-33.32],[150.5529,-33.3174],[150.5513,-33.3149],[150.5529,-33.3108],[150.5583,-33.3126],[150.5638,-33.3101],[150.5668,-33.3054],[150.5652,-33.2984],[150.5589,-33.2955],[150.5565,-33.2924],[150.5604,-33.2889],[150.5661,-33.2908],[150.5747,-33.2903],[150.5638,-33.2828],[150.558,-33.2808],[150.555,-33.278],[150.553,-33.2743],[150.5526,-33.2709],[150.5543,-33.2652],[150.5606,-33.2663],[150.5632,-33.2636],[150.5614,-33.258],[150.5556,-33.2541],[150.5495,-33.2573],[150.5433,-33.2554],[150.5399,-33.2483],[150.5349,-33.2447],[150.533,-33.2403],[150.5274,-33.2403],[150.5257,-33.2371],[150.5299,-33.2326],[150.5298,-33.2267],[150.5323,-33.2234],[150.5409,-33.2226],[150.5439,-33.2207],[150.5435,-33.2179],[150.5406,-33.2137],[150.5332,-33.2105],[150.5327,-33.2071],[150.5307,-33.2025],[150.5307,-33.1993],[150.5276,-33.1964],[150.5273,-33.1943],[150.531,-33.1913],[150.5359,-33.1921],[150.5384,-33.1881],[150.5433,-33.1881],[150.5437,-33.1851],[150.5489,-33.1836],[150.5521,-33.1838],[150.5558,-33.175],[150.552,-33.1703],[150.5551,-33.1661],[150.5537,-33.1625],[150.5587,-33.1607],[150.5626,-33.1621],[150.5651,-33.1613],[150.5683,-33.156],[150.5731,-33.1575],[150.5732,-33.1611],[150.5694,-33.1654],[150.5706,-33.1684],[150.5762,-33.1675],[150.5834,-33.1681],[150.5856,-33.1658],[150.5842,-33.1625],[150.5895,-33.16],[150.5865,-33.1519],[150.5863,-33.1478],[150.5918,-33.148],[150.5971,-33.145],[150.6047,-33.1474],[150.61,-33.1434],[150.6121,-33.1382],[150.6101,-33.1342],[150.6045,-33.132],[150.5991,-33.1272],[150.5984,-33.125],[150.6009,-33.1229],[150.6062,-33.1248],[150.6082,-33.1197],[150.6119,-33.1189],[150.6126,-33.1163],[150.6094,-33.1137],[150.6093,-33.1092],[150.6137,-33.1099],[150.6198,-33.1095],[150.617,-33.1037],[150.6101,-33.1021],[150.6066,-33.1032],[150.6018,-33.1014],[150.6024,-33.0998],[150.6069,-33.1009],[150.6103,-33.0993],[150.6122,-33.0925],[150.6077,-33.0911],[150.6071,-33.0891],[150.6131,-33.0893],[150.6098,-33.0842],[150.6114,-33.0819],[150.611,-33.0789],[150.6135,-33.0728],[150.6058,-33.073],[150.6088,-33.0703],[150.6113,-33.0709],[150.6107,-33.0662],[150.6092,-33.0688],[150.6038,-33.0697],[150.5957,-33.066],[150.5905,-33.0657],[150.5875,-33.0622],[150.5834,-33.0631],[150.5788,-33.0628],[150.5716,-33.0587],[150.5614,-33.0591],[150.5574,-33.0602],[150.5527,-33.0595],[150.5532,-33.0551],[150.5523,-33.0516],[150.5483,-33.048],[150.5493,-33.0447],[150.548,-33.0432],[150.544,-33.0428],[150.5411,-33.0404],[150.538,-33.042],[150.5336,-33.0406],[150.5318,-33.0374],[150.5218,-33.0361],[150.5181,-33.0343],[150.5142,-33.0366],[150.5088,-33.0376],[150.5033,-33.0354],[150.4982,-33.0355],[150.4964,-33.0342],[150.4919,-33.0434],[150.4915,-33.0463],[150.4888,-33.0479],[150.4847,-33.0486],[150.4784,-33.0466],[150.4755,-33.0471],[150.4702,-33.0458],[150.4662,-33.047],[150.4608,-33.0448],[150.4586,-33.0422],[150.4533,-33.0408],[150.4514,-33.0369],[150.4486,-33.0356],[150.4416,-33.0376],[150.4378,-33.0347],[150.4314,-33.0358],[150.4258,-33.0293],[150.4194,-33.028],[150.4132,-33.0242],[150.4075,-33.024],[150.4051,-33.0249],[150.4042,-33.0288],[150.3992,-33.0353],[150.3933,-33.0394],[150.3919,-33.034],[150.39,-33.0306],[150.3868,-33.0276],[150.3803,-33.0248],[150.3788,-33.0206],[150.3761,-33.0179],[150.3709,-33.0159],[150.3697,-33.0115],[150.3742,-33.0051],[150.3765,-32.9984],[150.3761,-32.9891],[150.367,-32.9718],[150.3712,-32.9708],[150.3708,-32.9668],[150.376,-32.9648],[150.3765,-32.9588],[150.3724,-32.9565],[150.3725,-32.9546],[150.3686,-32.9541],[150.3673,-32.9509],[150.3686,-32.948],[150.368,-32.9451],[150.3697,-32.9411],[150.3641,-32.9341],[150.3594,-32.9251],[150.3553,-32.9253],[150.353,-32.9235],[150.3552,-32.9177],[150.3532,-32.9142],[150.353,-32.9103],[150.349,-32.9095],[150.3505,-32.9031],[150.35,-32.9007],[150.3466,-32.8955],[150.3472,-32.8908],[150.3438,-32.8879],[150.3403,-32.8878],[150.3356,-32.8833],[150.3359,-32.8803],[150.3405,-32.8756],[150.3405,-32.8719],[150.3424,-32.8701],[150.351,-32.8708],[150.3569,-32.8686],[150.3601,-32.8687],[150.3617,-32.8668],[150.3589,-32.8596],[150.3608,-32.8569],[150.3607,-32.8526],[150.3621,-32.8493],[150.3621,-32.845],[150.3558,-32.84],[150.3508,-32.8269],[150.3495,-32.8184],[150.3425,-32.8149],[150.3385,-32.809],[150.3374,-32.804],[150.3398,-32.8012],[150.3384,-32.798],[150.3414,-32.7946],[150.3379,-32.7903],[150.3321,-32.7885],[150.3293,-32.7844],[150.3252,-32.7859],[150.3207,-32.7834],[150.3177,-32.7845],[150.3141,-32.7799],[150.3073,-32.7755],[150.3025,-32.7742],[150.3001,-32.7722],[150.2973,-32.7671],[150.2937,-32.765],[150.2886,-32.7651],[150.2826,-32.7575],[150.2819,-32.7553],[150.2755,-32.7476],[150.2774,-32.732],[150.2801,-32.7292],[150.2908,-32.7209],[150.2969,-32.6916],[150.3,-32.6897],[150.3025,-32.6831],[150.306,-32.6802],[150.3049,-32.6784],[150.3063,-32.6744],[150.3061,-32.6712],[150.308,-32.6685],[150.3081,-32.6652],[150.3133,-32.664],[150.3193,-32.6608],[150.3204,-32.6553],[150.3189,-32.6551],[150.3202,-32.6479],[150.3113,-32.6469],[150.2512,-32.6153],[150.2277,-32.6123],[150.232,-32.6096],[150.2364,-32.6084],[150.2369,-32.6058],[150.2397,-32.6016],[150.2436,-32.6016],[150.2474,-32.6003],[150.2527,-32.6008],[150.2595,-32.5977],[150.2606,-32.5957],[150.262,-32.5866],[150.266,-32.5777],[150.2368,-32.574],[150.2376,-32.5668],[150.2426,-32.5574],[150.2475,-32.55],[150.2429,-32.5476],[150.2436,-32.5413],[150.2418,-32.5384],[150.2433,-32.532],[150.2436,-32.5263],[150.2487,-32.5236],[150.2469,-32.5189],[150.2415,-32.5127],[150.2414,-32.5089],[150.243,-32.5052],[150.2423,-32.501],[150.2402,-32.4983],[150.2405,-32.4944],[150.2465,-32.4883],[150.2475,-32.4828],[150.2459,-32.4805],[150.2402,-32.4806],[150.2373,-32.4797],[150.2365,-32.4761],[150.2383,-32.4729],[150.2313,-32.4651],[150.2267,-32.4629],[150.2274,-32.4557],[150.2344,-32.4543],[150.236,-32.4569],[150.2408,-32.4586],[150.2455,-32.4577],[150.247,-32.4603],[150.254,-32.458],[150.2579,-32.4546],[150.2653,-32.4508],[150.2691,-32.4475],[150.2694,-32.4441],[150.2731,-32.4359],[150.2769,-32.4344],[150.2761,-32.4316],[150.2798,-32.429],[150.2789,-32.4269],[150.2795,-32.4225],[150.2835,-32.4205],[150.2879,-32.4225],[150.2915,-32.4208],[150.2997,-32.4194],[150.3028,-32.4153],[150.3096,-32.4141],[150.3106,-32.4092],[150.3178,-32.4096],[150.3186,-32.4068],[150.3161,-32.4044],[150.3151,-32.4013],[150.3156,-32.3984],[150.3146,-32.3948],[150.3161,-32.3919],[150.3192,-32.3907],[150.319,-32.3874],[150.3166,-32.3851],[150.3092,-32.3861],[150.3062,-32.3795],[150.307,-32.3752],[150.3055,-32.3735],[150.302,-32.375],[150.3002,-32.3786],[150.2978,-32.3804],[150.2959,-32.3839],[150.2877,-32.3868],[150.2843,-32.3863],[150.2815,-32.3831],[150.2876,-32.3797],[150.2861,-32.3759],[150.2832,-32.3742],[150.279,-32.3758],[150.2767,-32.3811],[150.2734,-32.3806],[150.2709,-32.378],[150.2667,-32.3757],[150.268,-32.3713],[150.2651,-32.369],[150.264,-32.362],[150.2596,-32.3596],[150.2585,-32.3566],[150.2632,-32.356],[150.2642,-32.3543],[150.2615,-32.352],[150.2619,-32.3485],[150.2605,-32.3462],[150.2612,-32.3428],[150.2596,-32.3388],[150.2603,-32.3344],[150.2706,-32.3246],[150.2699,-32.3212],[150.2666,-32.3213],[150.2613,-32.3268],[150.2593,-32.3276],[150.2523,-32.3255],[150.2522,-32.3228],[150.2558,-32.3197],[150.2608,-32.3178],[150.2616,-32.3149],[150.2571,-32.315],[150.2525,-32.3091],[150.2549,-32.3028],[150.2493,-32.3057],[150.2474,-32.3081],[150.2464,-32.3121],[150.2424,-32.3118],[150.2397,-32.3088],[150.2351,-32.3088],[150.2316,-32.3142],[150.224,-32.3143],[150.2208,-32.3154],[150.218,-32.3216],[150.2144,-32.3233],[150.2114,-32.3181],[150.2071,-32.3204],[150.2062,-32.3246],[150.2079,-32.3268],[150.2132,-32.3279],[150.2152,-32.3297],[150.2149,-32.3325],[150.2179,-32.3366],[150.216,-32.3384],[150.2096,-32.3395],[150.207,-32.339],[150.2065,-32.3343],[150.2042,-32.3332],[150.1971,-32.3325],[150.1957,-32.3349],[150.1958,-32.3389],[150.1919,-32.3422],[150.1903,-32.3456],[150.1899,-32.3497],[150.1871,-32.3489],[150.1862,-32.3428],[150.1879,-32.3346],[150.1841,-32.3326],[150.1792,-32.3332],[150.1785,-32.3274],[150.1767,-32.3257],[150.1712,-32.3247],[150.1694,-32.3219],[150.1656,-32.32],[150.1638,-32.3211],[150.1656,-32.3291],[150.1625,-32.3336],[150.1594,-32.3303],[150.1596,-32.3266],[150.1546,-32.3273],[150.1517,-32.3297],[150.1496,-32.3351],[150.1464,-32.3375],[150.1451,-32.34],[150.1421,-32.3416],[150.139,-32.3406],[150.1332,-32.337],[150.1314,-32.3374],[150.1275,-32.3411],[150.1243,-32.3413],[150.1171,-32.3395],[150.1143,-32.3408],[150.1022,-32.3428],[150.0914,-32.342],[150.08,-32.3431],[150.0765,-32.3445],[150.0672,-32.3437],[150.0654,-32.3456],[150.0694,-32.3547],[150.067,-32.3561],[150.0624,-32.3547],[150.053,-32.35],[150.0505,-32.346],[150.0469,-32.337],[150.0424,-32.3322],[150.04,-32.3286],[150.0367,-32.3284],[150.0316,-32.3337],[150.0288,-32.3328],[150.0276,-32.3252],[150.0318,-32.3167],[150.0317,-32.3148],[150.0266,-32.3113],[150.0219,-32.3057],[150.0218,-32.3038],[150.0267,-32.2962],[150.028,-32.2915],[150.0298,-32.2914],[150.0349,-32.2954],[150.037,-32.2919],[150.0331,-32.29],[150.0353,-32.2856],[150.0418,-32.286],[150.0438,-32.2821],[150.0438,-32.2791],[150.0456,-32.2756],[150.043,-32.2685],[150.0419,-32.2623],[150.0457,-32.2619],[150.0526,-32.259],[150.0516,-32.2536],[150.0459,-32.2515],[150.0464,-32.244],[150.0574,-32.2507],[150.0594,-32.2501],[150.063,-32.2457],[150.0612,-32.2425],[150.0571,-32.2412],[150.0553,-32.2389],[150.0589,-32.2351],[150.0603,-32.2273],[150.0516,-32.226],[150.0479,-32.2215],[150.0488,-32.2163],[150.0514,-32.2139],[150.0577,-32.2147],[150.0589,-32.2076],[150.0627,-32.2081],[150.064,-32.201],[150.0658,-32.1966],[150.069,-32.1959],[150.0722,-32.1918],[150.0698,-32.1881],[150.0637,-32.1842],[150.0621,-32.1849],[150.0609,-32.1922],[150.0589,-32.1928],[150.0543,-32.1884],[150.0525,-32.1885],[150.0477,-32.1927],[150.0439,-32.1931],[150.0414,-32.1887],[150.0366,-32.189],[150.0358,-32.1903],[150.0381,-32.1982],[150.0348,-32.1959],[150.0269,-32.1949],[150.0287,-32.1873],[150.0265,-32.1872],[150.0231,-32.1836],[150.0171,-32.1867],[150.014,-32.1866],[150.0155,-32.1784],[150.0081,-32.1766],[150.0092,-32.1697],[150.0095,-32.1627],[150.0011,-32.1616],[150.0006,-32.1647],[149.9907,-32.1637],[149.9894,-32.1711],[149.9851,-32.1706],[149.9826,-32.1847],[149.9608,-32.1819],[149.9646,-32.1602],[149.9393,-32.157],[149.9404,-32.1527],[149.9449,-32.1411],[149.9452,-32.1391],[149.9481,-32.1349],[149.9405,-32.1346],[149.9341,-32.1335],[149.9207,-32.1375],[149.9219,-32.1301],[149.9303,-32.1311],[149.9323,-32.1192],[149.9228,-32.1181],[149.9219,-32.123],[149.894,-32.1199],[149.8923,-32.118],[149.8923,-32.1127],[149.8612,-32.1086],[149.8609,-32.1106],[149.8498,-32.1092],[149.8485,-32.1174],[149.8452,-32.117],[149.8459,-32.1123],[149.846,-32.1061],[149.829,-32.1039],[149.8288,-32.1048],[149.8194,-32.1036],[149.8208,-32.0964],[149.816,-32.0957],[149.8164,-32.0935],[149.8121,-32.0929],[149.8125,-32.0907],[149.803,-32.0893],[149.8022,-32.0937],[149.7952,-32.0927],[149.7975,-32.0802],[149.7916,-32.0794],[149.7957,-32.0581],[149.8029,-32.0579],[149.8053,-32.0552],[149.8082,-32.0393],[149.8133,-32.0397],[149.8219,-32.0385],[149.8257,-32.0373],[149.8276,-32.0342],[149.8406,-32.0308],[149.8499,-32.0256],[149.8566,-32.03],[149.8584,-32.0304],[149.8598,-32.0225],[149.8697,-32.0238],[149.8685,-32.0302],[149.8749,-32.0311],[149.873,-32.0194],[149.874,-32.0171],[149.8735,-32.012],[149.8797,-31.9999],[149.8825,-31.9969],[149.8738,-31.9959],[149.8756,-31.9845],[149.8589,-31.9826],[149.8578,-31.9895],[149.8391,-31.9874],[149.8422,-31.9826],[149.846,-31.981],[149.849,-31.9752],[149.8486,-31.9725],[149.8513,-31.9709],[149.8567,-31.97],[149.8573,-31.9662],[149.8614,-31.9649],[149.8635,-31.9614],[149.8661,-31.9615],[149.8662,-31.9569],[149.8692,-31.9536],[149.8694,-31.9505],[149.8717,-31.9499],[149.8721,-31.9453],[149.8759,-31.9427],[149.8783,-31.939],[149.8834,-31.9379],[149.8832,-31.9344],[149.8864,-31.9342],[149.8883,-31.9297],[149.8879,-31.9268],[149.8909,-31.9268],[149.8986,-31.9185],[149.8969,-31.9141],[149.8998,-31.9116],[149.9048,-31.9047],[149.9139,-31.8988],[149.914,-31.8964],[149.9202,-31.893],[149.9186,-31.8906],[149.9224,-31.885],[149.9246,-31.8862],[149.9281,-31.8818],[149.9346,-31.8815],[149.9408,-31.8791],[149.9472,-31.8739],[149.9462,-31.8724],[149.9487,-31.8689],[149.9519,-31.8694],[149.9539,-31.8663],[149.9587,-31.8648],[149.9601,-31.8632],[149.9666,-31.8609],[149.9686,-31.8615],[149.9733,-31.8577],[149.9774,-31.8574],[149.9786,-31.8536],[149.9806,-31.8513],[149.9861,-31.8498],[149.991,-31.8463],[149.9922,-31.8435],[149.9973,-31.8422],[150.0022,-31.8397],[150.0047,-31.8362],[150.01,-31.8374],[150.0132,-31.8346],[150.0154,-31.8346],[150.0185,-31.8311],[150.0241,-31.8286],[150.0257,-31.825],[150.0292,-31.8211],[150.0343,-31.8169],[150.0364,-31.812],[150.041,-31.8046],[150.0412,-31.7986],[150.0461,-31.7967],[150.0475,-31.7906],[150.0497,-31.7865],[150.0617,-31.777],[150.0651,-31.7758],[150.0687,-31.7729],[150.0692,-31.7664],[150.0744,-31.7626],[150.0768,-31.7624],[150.0842,-31.7585],[150.0894,-31.7544],[150.0942,-31.7525],[150.0999,-31.749],[150.1059,-31.7484],[150.1103,-31.7489],[150.1106,-31.7461],[150.1041,-31.743],[150.1026,-31.7404],[150.0942,-31.7404],[150.0914,-31.742],[150.0871,-31.7423],[150.083,-31.7412],[150.0787,-31.7417],[150.0751,-31.7399],[150.0716,-31.7345],[150.0697,-31.7336],[150.0632,-31.7258],[150.0595,-31.723],[150.0576,-31.7197],[150.0541,-31.7218],[150.0515,-31.7212],[150.0458,-31.7142],[150.0447,-31.7109],[150.0478,-31.7085],[150.0502,-31.7044],[150.0506,-31.7007],[150.0522,-31.6985],[150.0443,-31.6959],[150.0418,-31.6923],[150.0385,-31.6943],[150.034,-31.6932],[150.0302,-31.6909],[150.0275,-31.6934],[150.0227,-31.6948],[150.0209,-31.6963],[150.0137,-31.6976],[150.0139,-31.7048],[150.01,-31.707],[150.0044,-31.7026],[150.0027,-31.7076],[149.9958,-31.7147],[149.9905,-31.714],[149.9937,-31.7218],[149.9841,-31.7279],[149.9797,-31.7259],[149.9819,-31.7231],[149.9808,-31.7188],[149.974,-31.7125],[149.9716,-31.7095],[149.9718,-31.7061],[149.9655,-31.701],[149.9583,-31.7002],[149.9542,-31.7017],[149.947,-31.7023],[149.9444,-31.7064],[149.9452,-31.709],[149.9417,-31.711],[149.9394,-31.7097],[149.9393,-31.7065],[149.9334,-31.7052],[149.9302,-31.6984],[149.9254,-31.7003],[149.922,-31.705],[149.9194,-31.7063],[149.908,-31.7073],[149.9048,-31.7068],[149.8973,-31.6986],[149.8926,-31.6985],[149.8901,-31.6956],[149.8837,-31.6946],[149.8788,-31.6918],[149.8797,-31.6892],[149.8778,-31.6833],[149.8702,-31.683],[149.8668,-31.679],[149.8653,-31.673],[149.8636,-31.6696],[149.8647,-31.6644],[149.8648,-31.6551],[149.8665,-31.6515],[149.8631,-31.6434],[149.865,-31.6409],[149.8646,-31.6363],[149.8605,-31.6342],[149.8582,-31.6318],[149.8514,-31.6287],[149.8497,-31.624],[149.8429,-31.6198],[149.8409,-31.6161],[149.8573,-31.6183],[149.8633,-31.6198],[149.8636,-31.6178],[149.872,-31.6192],[149.8873,-31.6212],[149.887,-31.6225],[149.9011,-31.6244],[149.8967,-31.6199],[149.8989,-31.6184],[149.8955,-31.6128],[149.8972,-31.6081],[149.8959,-31.6053],[149.8968,-31.6025],[149.8928,-31.5963],[149.8929,-31.5926],[149.8994,-31.5843],[149.9016,-31.5843],[149.9041,-31.5796],[149.9072,-31.5789],[149.9078,-31.5767],[149.9115,-31.5776],[149.9121,-31.5748],[149.9147,-31.5714],[149.9127,-31.5672],[149.9135,-31.5608],[149.9148,-31.5596],[149.9118,-31.5531],[149.9033,-31.5451],[149.9058,-31.5439],[149.9035,-31.5379],[149.9044,-31.5369],[149.8904,-31.5353],[149.8926,-31.5371],[149.876,-31.535],[149.8745,-31.5383],[149.8669,-31.5373],[149.8787,-31.4752],[149.8829,-31.4521],[149.8966,-31.4511],[149.913,-31.4534],[149.9132,-31.4461],[149.9083,-31.4413],[149.9081,-31.4355],[149.9099,-31.4318],[149.9044,-31.4272],[149.8995,-31.4255],[149.8967,-31.4227],[149.8971,-31.4184],[149.894,-31.4142],[149.8946,-31.4102],[149.8935,-31.407],[149.8933,-31.4023],[149.8893,-31.3995],[149.8913,-31.3961],[149.8871,-31.3935],[149.8859,-31.388],[149.882,-31.386],[149.8818,-31.3843],[149.8847,-31.3791],[149.884,-31.374],[149.8812,-31.3717],[149.8779,-31.3752],[149.8716,-31.3759],[149.8667,-31.3796],[149.8618,-31.3794],[149.8484,-31.3777],[149.8481,-31.3793],[149.8148,-31.3752],[149.8127,-31.374],[149.8049,-31.3731],[149.8032,-31.372],[149.8131,-31.3166],[149.8041,-31.3151],[149.7908,-31.3154],[149.7886,-31.3087],[149.7905,-31.2887],[149.7891,-31.2873],[149.79,-31.2798],[149.7889,-31.2699],[149.7917,-31.2673],[149.7928,-31.262],[149.7915,-31.2576],[149.7913,-31.2502],[149.7939,-31.2354],[149.7957,-31.2287],[149.7959,-31.2239],[149.8252,-31.2282],[149.8276,-31.22],[149.8285,-31.2201],[149.8307,-31.2098],[149.8415,-31.2115],[149.8444,-31.1967],[149.849,-31.1974],[149.8509,-31.1989],[149.8796,-31.203],[149.8802,-31.1995],[149.8775,-31.1967],[149.8802,-31.1916],[149.8822,-31.1914],[149.8845,-31.1881],[149.8853,-31.1825],[149.8885,-31.1792],[149.8858,-31.1764],[149.8877,-31.1729],[149.8886,-31.1684],[149.8933,-31.1659],[149.892,-31.1617],[149.8881,-31.157],[149.8912,-31.1536],[149.8941,-31.1522],[149.8948,-31.148],[149.8906,-31.1463],[149.8913,-31.1309],[149.8882,-31.1264],[149.8938,-31.1216],[149.888,-31.118],[149.892,-31.115],[149.8906,-31.1078],[149.8961,-31.1017],[149.8999,-31.1],[149.904,-31.0962],[149.8546,-31.0895],[149.8198,-31.0845],[149.824,-31.0621],[149.826,-31.0576],[149.8295,-31.0386],[149.8252,-31.038],[149.8229,-31.0336],[149.8299,-31.0344],[149.8371,-30.9939],[149.847,-30.9388],[149.8353,-30.937],[149.8382,-30.921],[149.8272,-30.9196],[149.8237,-30.9392],[149.8051,-30.9366],[149.7577,-30.9304],[149.7533,-30.9327],[149.7434,-30.93],[149.742,-30.9389],[149.7108,-30.9344],[149.7089,-30.9332],[149.7066,-30.9482],[149.7126,-30.9498],[149.7117,-30.9551],[149.7056,-30.9545],[149.6722,-30.95],[149.6776,-30.9217],[149.6316,-30.9161],[149.6367,-30.9116],[149.6371,-30.9099],[149.6338,-30.9027],[149.6355,-30.8968],[149.6355,-30.892],[149.6367,-30.8886],[149.6469,-30.8872],[149.6517,-30.8902],[149.6558,-30.8891],[149.6558,-30.8862],[149.6586,-30.884],[149.5779,-30.8732],[149.5235,-30.8665],[149.522,-30.8643],[149.5185,-30.8632],[149.4952,-30.8929],[149.408,-30.8816],[149.4062,-30.8757],[149.3112,-30.8635],[149.2074,-30.9063],[149.18,-30.843],[149.1549,-30.7849],[149.1223,-30.7976],[149.1228,-30.7855],[149.1215,-30.7807],[149.1275,-30.7773],[149.128,-30.7743],[149.1258,-30.7684],[149.1229,-30.7633],[149.1214,-30.7575],[149.1189,-30.7551],[149.1129,-30.755],[149.1114,-30.7518],[149.1132,-30.7475],[149.117,-30.7426],[149.1158,-30.7356],[149.1128,-30.7291],[149.1131,-30.7257],[149.1151,-30.7226],[149.1199,-30.7185],[149.1197,-30.7162],[149.117,-30.7135],[149.0478,-30.7132],[149.0362,-30.6561],[149.0514,-30.6465],[149.0525,-30.6398],[149.0476,-30.6339],[149.0256,-30.6056],[149.0009,-30.6177],[148.9924,-30.6222],[148.9696,-30.6194],[148.9707,-30.6296],[148.9725,-30.6335],[148.9751,-30.6345],[148.9483,-30.6547],[148.9302,-30.6327],[148.9228,-30.6243],[148.9084,-30.6299],[148.8107,-30.6736],[148.8198,-30.6188],[148.8347,-30.5294],[148.7405,-30.5181],[148.7374,-30.5355],[148.666,-30.5267],[148.662,-30.5506],[148.6737,-30.552],[148.6714,-30.5657],[148.6468,-30.5628],[148.6437,-30.5816],[148.587,-30.5644],[148.5858,-30.5649],[148.554,-30.5486],[148.5519,-30.5469],[148.5095,-30.5252],[148.5067,-30.5242],[148.4745,-30.5076],[148.4788,-30.4984],[148.4785,-30.497],[148.4518,-30.4725],[148.438,-30.4588],[148.4361,-30.4545],[148.3973,-30.4236],[148.3912,-30.4189],[148.3955,-30.3943],[148.3956,-30.3907],[148.3226,-30.3329],[148.3225,-30.3335],[148.3031,-30.3182],[148.3024,-30.3221],[148.269,-30.3182],[148.2675,-30.3271],[148.2626,-30.3265],[148.2614,-30.3331],[148.2827,-30.3359],[148.2803,-30.3502],[148.2284,-30.3502],[148.2209,-30.3927],[148.2338,-30.4356],[148.2325,-30.4409],[148.2053,-30.4585],[148.2009,-30.4603],[148.1897,-30.4675],[148.1175,-30.5127],[148.0978,-30.4961],[148.0976,-30.492],[148.1008,-30.4889],[148.0964,-30.4842],[148.0955,-30.4808],[148.0973,-30.4751],[148.093,-30.4655],[148.0944,-30.4545],[148.0964,-30.4497],[148.1039,-30.4449],[148.1034,-30.442],[148.098,-30.4358],[148.1013,-30.4317],[148.1006,-30.4285],[148.1022,-30.4263],[148.1087,-30.4223],[148.1085,-30.4189],[148.0551,-30.4124],[148.0533,-30.4202],[148.0244,-30.4167],[147.9963,-30.413],[147.9987,-30.4009],[147.9948,-30.4018],[147.9906,-30.4009],[147.9843,-30.4045],[147.9805,-30.405],[147.9758,-30.408],[147.9747,-30.4105],[147.9715,-30.4132],[147.9704,-30.4167],[147.9707,-30.4208],[147.9674,-30.4236],[147.9607,-30.4252],[147.9565,-30.4308],[147.9565,-30.432],[147.8454,-30.4794],[147.8478,-30.5403],[147.8473,-30.5403],[147.7476,-30.5283],[147.7319,-30.5272],[147.7072,-30.5242],[147.6836,-30.5206],[147.6213,-30.5128],[147.6215,-30.5088],[147.6201,-30.5073],[147.6199,-30.5017],[147.6177,-30.5005],[147.6152,-30.4968],[147.6102,-30.4928],[147.6067,-30.4917],[147.6046,-30.4897],[147.6036,-30.4858],[147.6014,-30.4842],[147.6008,-30.4764],[147.5952,-30.4735],[147.5927,-30.4664],[147.5866,-30.465],[147.5813,-30.4658],[147.5789,-30.4629],[147.5781,-30.4568],[147.5733,-30.4484],[147.5733,-30.4409],[147.5726,-30.436],[147.5698,-30.4357],[147.5691,-30.4336],[147.566,-30.4327],[147.5607,-30.4292],[147.5565,-30.4318],[147.5294,-30.4287],[147.5119,-30.4263],[147.4879,-30.4243],[147.478,-30.4231],[147.4648,-30.421],[147.449,-30.419],[147.421,-30.4162],[147.4017,-30.4138],[147.3812,-30.4118],[147.3475,-30.4076],[147.3452,-30.4218],[147.2602,-30.4121],[147.2594,-30.4158],[147.1945,-30.4085],[147.1957,-30.405],[147.1728,-30.4024],[147.1707,-30.4096],[147.1711,-30.4126],[147.1746,-30.4139],[147.1743,-30.4163],[147.1716,-30.417],[147.1724,-30.4198],[147.1655,-30.421],[147.1705,-30.4246],[147.1655,-30.4279],[147.166,-30.4299],[147.1723,-30.4287],[147.1712,-30.435],[147.1682,-30.4371],[147.1737,-30.4405],[147.1732,-30.443],[147.1746,-30.4476],[147.1686,-30.4481],[147.1709,-30.4532],[147.1703,-30.4565],[147.1734,-30.4588],[147.1752,-30.4576],[147.18,-30.4573],[147.1798,-30.4599],[147.1775,-30.461],[147.1763,-30.4646],[147.1716,-30.4648],[147.1695,-30.4669],[147.1668,-30.4633],[147.1647,-30.466],[147.1654,-30.4698],[147.1693,-30.4722],[147.1738,-30.4719],[147.175,-30.4731],[147.1744,-30.4776],[147.1784,-30.4764],[147.1798,-30.4794],[147.177,-30.4822],[147.179,-30.4842],[147.1861,-30.4837],[147.188,-30.4874],[147.184,-30.4916],[147.1836,-30.4954],[147.1806,-30.4953],[147.178,-30.4987],[147.1835,-30.5015],[147.1804,-30.5044],[147.182,-30.5068],[147.1793,-30.512],[147.1856,-30.5115],[147.1866,-30.514],[147.1814,-30.5167],[147.1826,-30.5186],[147.1871,-30.5191],[147.1847,-30.5219],[147.1894,-30.5246],[147.1892,-30.5282],[147.1821,-30.5298],[147.1813,-30.5309],[147.1896,-30.5329],[147.1872,-30.5359],[147.1884,-30.5396],[147.0993,-30.5326],[147.1076,-30.563],[147.1087,-30.5632],[147.1191,-30.6014],[147.2034,-30.6112],[147.2049,-30.6181],[147.2094,-30.6218],[147.2049,-30.6225],[147.2078,-30.6259],[147.2022,-30.6257],[147.2018,-30.6316],[147.205,-30.6331],[147.2023,-30.6353],[147.2088,-30.6379],[147.2046,-30.6405],[147.2079,-30.642],[147.2114,-30.6402],[147.2121,-30.6442],[147.2075,-30.645],[147.209,-30.6507],[147.2057,-30.6508],[147.2051,-30.6547],[147.2086,-30.6546],[147.2103,-30.6566],[147.2093,-30.6598],[147.2125,-30.6609],[147.2123,-30.6629],[147.2166,-30.6678],[147.2198,-30.6693],[147.2148,-30.6723],[147.2144,-30.6759],[147.2102,-30.6775],[147.2131,-30.6795],[147.2127,-30.6823],[147.2096,-30.6832],[147.2094,-30.686],[147.217,-30.6901],[147.2207,-30.6935],[147.217,-30.6997],[147.2171,-30.704],[147.2113,-30.7039],[147.2086,-30.7062],[147.2088,-30.7133],[147.2037,-30.7171],[147.2076,-30.7178],[147.2099,-30.7218],[147.2142,-30.7253],[147.2141,-30.7287],[147.2166,-30.7302],[147.2169,-30.7348],[147.2198,-30.7376],[147.225,-30.7372],[147.2243,-30.7426],[147.2288,-30.7411],[147.2302,-30.7434],[147.2371,-30.749],[147.2391,-30.7497],[147.2419,-30.7469],[147.2447,-30.7478],[147.2465,-30.7503],[147.2455,-30.7521],[147.2415,-30.7524],[147.239,-30.7552],[147.2418,-30.7562],[147.2412,-30.7598],[147.2443,-30.7611],[147.2473,-30.7668],[147.2433,-30.7689],[147.2426,-30.7723],[147.244,-30.7742],[147.2483,-30.7743],[147.248,-30.7776],[147.2525,-30.7793],[147.2489,-30.7827],[147.2475,-30.7855],[147.252,-30.7883],[147.2465,-30.7924],[147.2503,-30.7938],[147.253,-30.797],[147.2523,-30.8001],[147.2539,-30.8022],[147.2515,-30.8043],[147.2512,-30.8107],[147.2538,-30.814],[147.2513,-30.8152],[147.25,-30.8183],[147.2458,-30.8186],[147.2474,-30.8215],[147.245,-30.8274],[147.2377,-30.8255],[147.2371,-30.8274],[147.2406,-30.8289],[147.1542,-30.82],[147.1183,-30.8258],[147.1161,-30.8348],[147.1136,-30.8376],[147.0808,-30.8563],[147.0616,-30.8541],[147.0534,-30.8538],[147.0555,-30.8427],[147.055,-30.8405],[147.0638,-30.8334],[147.061,-30.8306],[147.0684,-30.8194],[147.0651,-30.8179],[147.0651,-30.8142],[147.0626,-30.8136],[147.0664,-30.8092],[147.0631,-30.8062],[147.0604,-30.8058],[147.054,-30.7999],[147.0566,-30.7963],[147.0519,-30.7941],[147.0506,-30.7924],[147.0541,-30.7898],[147.0568,-30.7893],[147.0525,-30.7835],[147.0539,-30.7786],[147.0523,-30.7743],[147.0494,-30.7738],[147.0505,-30.7694],[147.0469,-30.7671],[147.0403,-30.7654],[147.0406,-30.7628],[147.0379,-30.7619],[147.0302,-30.7635],[147.0254,-30.7621],[147.024,-30.7562],[147.0207,-30.7529],[147.0221,-30.7505],[147.019,-30.7458],[147.016,-30.7479],[147.0145,-30.7409],[147.0114,-30.7424],[147.0086,-30.7373],[147.0098,-30.7342],[147.0087,-30.7307],[147.011,-30.7275],[147.0073,-30.7256],[147.0085,-30.7212],[147.0113,-30.7195],[147.008,-30.7153],[147.0063,-30.7151],[147.0031,-30.7178],[147,-30.7164],[146.9975,-30.717],[146.9892,-30.7227],[146.9884,-30.7213],[146.9199,-30.7341],[146.9028,-30.7376],[146.9369,-30.7761],[146.9527,-30.7924],[146.9524,-30.793],[146.8911,-30.805],[146.8779,-30.7899],[146.7969,-30.8053],[146.72,-30.8198],[146.7172,-30.8371],[146.7007,-30.8351],[146.6755,-30.827],[146.6256,-30.8365],[146.6418,-30.8647],[146.6544,-30.8624],[146.662,-30.8915],[146.6066,-30.9022],[146.6025,-30.8972],[146.5618,-30.8492],[146.5078,-30.785],[146.4306,-30.6932],[146.3825,-30.7023],[146.3195,-30.7138],[146.3403,-30.7353],[146.3739,-30.7692],[146.4057,-30.8021],[146.3762,-30.8166],[146.3603,-30.8247],[146.3455,-30.8531],[146.3602,-30.8742],[146.3673,-30.8709],[146.416,-30.9483],[146.427,-30.9432],[146.4383,-30.9609],[146.3934,-30.9815],[146.3943,-30.9832],[146.3864,-30.9867],[146.3503,-31.0051],[146.3478,-31.0013],[146.2851,-31.032],[146.3171,-31.0805],[146.3315,-31.0734],[146.3636,-31.1224],[146.3581,-31.1257],[146.3221,-31.1441],[146.3242,-31.1472],[146.3147,-31.1521],[146.342,-31.1871],[146.3349,-31.1906],[146.3372,-31.1941],[146.3454,-31.1983],[146.3659,-31.2293],[146.4387,-31.1937],[146.4667,-31.1797],[146.4939,-31.2208],[146.5479,-31.3021],[146.5397,-31.3119],[146.501,-31.3587],[146.4692,-31.3963],[146.416,-31.4593],[146.354,-31.5334],[146.3208,-31.5728],[146.3245,-31.5877],[146.3286,-31.6026],[146.3365,-31.6328],[146.347,-31.6745],[146.3705,-31.7665],[146.3858,-31.8283],[146.3972,-31.871],[146.4107,-31.9248],[146.417,-31.9514],[146.4256,-31.9847],[146.4312,-32.0042],[146.4337,-32.0141],[146.4471,-32.0691],[146.449,-32.0765],[146.4573,-32.1051],[146.4766,-32.176],[146.4862,-32.2125],[146.491,-32.2324],[146.4975,-32.2581],[146.5064,-32.2904],[146.5043,-32.2976],[146.5097,-32.3061],[146.5121,-32.3153],[146.514,-32.3187],[146.5205,-32.3435],[146.5242,-32.3557],[146.5267,-32.3581],[146.528,-32.3633],[146.5268,-32.3654],[146.5296,-32.377],[146.53,-32.3813],[146.5346,-32.398],[146.5539,-32.4739],[146.5601,-32.4958],[146.5822,-32.5843],[146.5985,-32.6461],[146.6105,-32.6893],[146.6141,-32.7055],[146.6236,-32.7399],[146.6271,-32.757],[146.6297,-32.7593],[146.6505,-32.8136],[146.6674,-32.8787],[146.6814,-32.9324],[146.6894,-32.9643],[146.6951,-32.9888],[146.7022,-33.0172],[146.7055,-33.029],[146.705,-33.032],[146.6986,-33.0288],[146.6956,-33.0283],[146.6971,-33.0251],[146.6923,-33.0252],[146.6905,-33.0233],[146.6824,-33.0286],[146.6774,-33.0294],[146.6778,-33.0265],[146.6744,-33.0266],[146.6713,-33.0238],[146.6658,-33.0248],[146.6615,-33.0298],[146.6543,-33.0319],[146.6435,-33.0357],[146.6441,-33.0417],[146.6414,-33.0406],[146.6393,-33.046],[146.6364,-33.0475],[146.635,-33.0522],[146.6403,-33.0507],[146.6397,-33.0547],[146.6348,-33.0554],[146.634,-33.0578],[146.6303,-33.0597],[146.6281,-33.065],[146.6229,-33.0636],[146.6204,-33.0651],[146.6179,-33.064],[146.6136,-33.066],[146.6096,-33.071],[146.6071,-33.07],[146.6039,-33.0747],[146.5994,-33.0754],[146.599,-33.0769],[146.5949,-33.0789],[146.5939,-33.086],[146.5908,-33.085],[146.5872,-33.0854],[146.5803,-33.0823],[146.5826,-33.0797],[146.5765,-33.0795],[146.5783,-33.0829],[146.5775,-33.0847],[146.5736,-33.0846],[146.5714,-33.0887],[146.5702,-33.0814],[146.5685,-33.081],[146.5661,-33.0843],[146.566,-33.0868],[146.5633,-33.0879],[146.5615,-33.0925],[146.564,-33.0952],[146.5596,-33.0965],[146.5568,-33.0943],[146.5567,-33.0899],[146.5584,-33.088],[146.5529,-33.084],[146.5492,-33.0841],[146.5476,-33.092],[146.5438,-33.089],[146.5373,-33.0921],[146.5366,-33.0953],[146.5344,-33.0975],[146.5319,-33.0958],[146.5298,-33.0992],[146.5247,-33.0973],[146.5227,-33.1004],[146.5259,-33.1054],[146.5241,-33.1068],[146.5212,-33.1046],[146.5178,-33.1073],[146.5128,-33.1074],[146.5079,-33.1044],[146.5039,-33.1054],[146.5027,-33.1077],[146.4974,-33.1105],[146.4946,-33.1091],[146.4913,-33.1104],[146.4903,-33.1074],[146.484,-33.1056],[146.4828,-33.1095],[146.477,-33.1109],[146.4771,-33.1128],[146.4741,-33.1149],[146.4748,-33.1189],[146.4722,-33.1233],[146.4672,-33.1213],[146.4645,-33.1221],[146.4635,-33.1248],[146.4679,-33.128],[146.4658,-33.1303],[146.4677,-33.1336],[146.4634,-33.137],[146.4647,-33.141],[146.4714,-33.1467],[146.4652,-33.1482],[146.4657,-33.1498],[146.4703,-33.1542],[146.4741,-33.1552],[146.4773,-33.1545],[146.4786,-33.1578],[146.4744,-33.1583],[146.4732,-33.1631],[146.4703,-33.1628],[146.4706,-33.1588],[146.4685,-33.1569],[146.4659,-33.1584],[146.4682,-33.1606],[146.4645,-33.167],[146.4673,-33.1694],[146.4625,-33.1708],[146.4602,-33.1742],[146.454,-33.1728],[146.4553,-33.1765],[146.4539,-33.1805],[146.4549,-33.1831],[146.4532,-33.1847],[146.4558,-33.1869],[146.4601,-33.1854],[146.4612,-33.1888],[146.4565,-33.1931],[146.46,-33.1973],[146.4569,-33.2004],[146.4483,-33.2032],[146.4468,-33.1985],[146.4417,-33.1962],[146.4414,-33.1995],[146.4395,-33.2028],[146.441,-33.2051],[146.4373,-33.2059],[146.4377,-33.2089],[146.4338,-33.2105],[146.429,-33.2103],[146.4301,-33.2167],[146.4279,-33.2175],[146.4275,-33.2206],[146.4206,-33.2203],[146.4171,-33.2194],[146.4162,-33.2224],[146.4119,-33.2211],[146.4105,-33.2246],[146.4065,-33.2267],[146.4023,-33.2267],[146.3997,-33.2254],[146.3954,-33.2266],[146.3923,-33.2287],[146.3858,-33.2284],[146.3851,-33.2305],[146.3896,-33.2321],[146.3881,-33.2355],[146.3842,-33.2358],[146.38,-33.2267],[146.3768,-33.2276],[146.377,-33.2306],[146.3734,-33.2327],[146.3705,-33.2282],[146.3703,-33.2247],[146.3686,-33.2208],[146.3724,-33.2194],[146.3823,-33.2173],[146.376,-33.1957],[146.3644,-33.1942],[146.3591,-33.2031],[146.3557,-33.2038],[146.3558,-33.2003],[146.3588,-33.196],[146.3584,-33.1947],[146.3533,-33.1929],[146.3468,-33.1937],[146.3462,-33.1916],[146.3413,-33.1896],[146.3402,-33.1917],[146.3365,-33.1935],[146.3336,-33.1913],[146.3322,-33.1938],[146.3273,-33.1927],[146.3261,-33.1906],[146.3204,-33.1913],[146.3166,-33.1907],[146.3128,-33.1916],[146.3109,-33.1895],[146.3082,-33.1906],[146.3056,-33.1977],[146.3017,-33.1971],[146.2984,-33.2],[146.2992,-33.2025],[146.2975,-33.2064],[146.2962,-33.2125],[146.2924,-33.2148],[146.295,-33.2169],[146.2913,-33.2192],[146.2895,-33.2221],[146.2912,-33.2266],[146.2893,-33.2273],[146.2834,-33.2242],[146.2817,-33.2263],[146.2762,-33.2254],[146.271,-33.2277],[146.2693,-33.2247],[146.2665,-33.2248],[146.2656,-33.2282],[146.2609,-33.2267],[146.2528,-33.2265],[146.253,-33.2213],[146.2475,-33.2193],[146.2452,-33.2244],[146.2474,-33.2252],[146.2522,-33.2306],[146.2543,-33.2317],[146.2541,-33.2354],[146.2526,-33.2366],[146.2472,-33.2327],[146.2437,-33.2346],[146.2387,-33.2392],[146.2356,-33.2409],[146.2313,-33.2403],[146.2334,-33.2363],[146.2293,-33.2323],[146.2236,-33.2334],[146.2231,-33.2308],[146.2201,-33.2285],[146.2143,-33.2325],[146.2067,-33.2319],[146.2019,-33.2332],[146.2007,-33.2365],[146.1947,-33.2335],[146.1857,-33.2335],[146.1765,-33.2327],[146.1776,-33.2285],[146.1705,-33.2316],[146.169,-33.2337],[146.1659,-33.2301],[146.1626,-33.2347],[146.1589,-33.2316],[146.1565,-33.2341],[146.1518,-33.2323],[146.1451,-33.2321],[146.1447,-33.2303],[146.1484,-33.2287],[146.1441,-33.2266],[146.1421,-33.2297],[146.1369,-33.2279],[146.1359,-33.2317],[146.1382,-33.2333],[146.1356,-33.2364],[146.1348,-33.24],[146.1325,-33.2434],[146.1254,-33.2439],[146.1266,-33.2486],[146.1263,-33.2516],[146.1303,-33.2614],[146.124,-33.2589],[146.1247,-33.2621],[146.1231,-33.2641],[146.1164,-33.2629],[146.1147,-33.267],[146.1098,-33.2668],[146.1083,-33.2607],[146.1043,-33.2613],[146.1075,-33.2668],[146.1045,-33.2669],[146.1007,-33.2724],[146.0983,-33.2711],[146.0951,-33.2762],[146.093,-33.2775],[146.0922,-33.2808],[146.0943,-33.2842],[146.0871,-33.2896],[146.0875,-33.2955],[146.0831,-33.2982],[146.0845,-33.2999],[146.0882,-33.3006],[146.0892,-33.3033],[146.0855,-33.3078],[146.0816,-33.3091],[146.0841,-33.3152],[146.0871,-33.3144],[146.0908,-33.3191],[146.0878,-33.3209],[146.0871,-33.3234],[146.0889,-33.3258],[146.0853,-33.3282],[146.0848,-33.3322],[146.0833,-33.3345],[146.0847,-33.3387],[146.0802,-33.3368],[146.0792,-33.3403],[146.0761,-33.3389],[146.0745,-33.345],[146.071,-33.3501],[146.0726,-33.3555],[146.0713,-33.3572],[146.0674,-33.3563],[146.0669,-33.3591],[146.0693,-33.3634],[146.0709,-33.3688],[146.0678,-33.3688],[146.0671,-33.371],[146.0612,-33.4194],[146.054,-33.4758],[146.0669,-33.5165],[146.0951,-33.6031],[146.1158,-33.5986],[146.1807,-33.5832],[146.2039,-33.5781],[146.2263,-33.5729],[146.2261,-33.5742],[146.3332,-33.5476],[146.3964,-33.5319],[146.4403,-33.5212],[146.4409,-33.5213],[146.4457,-33.5642],[146.5012,-33.5705],[146.5573,-33.5772],[146.5938,-33.5813],[146.698,-33.5938],[146.7205,-33.5967],[146.809,-33.6074],[146.8115,-33.5933],[146.8124,-33.5903],[146.8189,-33.5514],[146.8219,-33.5368],[146.8176,-33.5373],[146.8143,-33.5301],[146.8204,-33.5282],[146.8226,-33.5312],[146.8298,-33.538],[146.8308,-33.5322],[146.8655,-33.5367],[146.8708,-33.5377],[146.9434,-33.5467],[146.9437,-33.5465],[146.9885,-33.552],[146.9862,-33.5642],[147.0256,-33.5684],[147.0279,-33.5689],[147.05,-33.5717],[147.1044,-33.5775],[147.1081,-33.5753],[147.1132,-33.5762],[147.243,-33.5918],[147.2463,-33.572],[147.2765,-33.5755],[147.2786,-33.5631],[147.3203,-33.568],[147.3224,-33.5548],[147.3389,-33.5567],[147.3429,-33.5351],[147.3584,-33.5253],[147.4171,-33.5323],[147.417,-33.5338],[147.4236,-33.5527],[147.4365,-33.5886],[147.4441,-33.6127],[147.4484,-33.6214],[147.4682,-33.6727],[147.4693,-33.6744],[147.469,-33.6789],[147.471,-33.6811],[147.4722,-33.6867],[147.4757,-33.6884],[147.4839,-33.6891],[147.4828,-33.6949],[147.4835,-33.7045],[147.4965,-33.7036],[147.4976,-33.708],[147.5013,-33.7068],[147.504,-33.7089],[147.5092,-33.7076],[147.5143,-33.7107],[147.5085,-33.7128],[147.5107,-33.7156],[147.5144,-33.7167],[147.5132,-33.7195],[147.508,-33.7184],[147.5075,-33.7223],[147.5123,-33.7243],[147.5126,-33.7288],[147.515,-33.733],[147.5146,-33.7428],[147.5118,-33.7448],[147.516,-33.748],[147.5176,-33.7508],[147.5151,-33.7526],[147.5176,-33.7573],[147.5201,-33.7572],[147.5242,-33.7614],[147.5215,-33.7656],[147.5236,-33.7681],[147.5223,-33.7698],[147.524,-33.7729],[147.5252,-33.7798],[147.5231,-33.781],[147.5243,-33.7857],[147.5269,-33.7841],[147.5289,-33.7884],[147.5258,-33.7946],[147.5261,-33.799],[147.523,-33.8015],[147.5255,-33.8042],[147.5312,-33.8044],[147.5337,-33.8024],[147.5371,-33.802],[147.5383,-33.8039],[147.5433,-33.8066],[147.5426,-33.8108],[147.5479,-33.8157],[147.5459,-33.8181],[147.55,-33.8208],[147.5461,-33.8231],[147.5453,-33.8258],[147.5497,-33.8293],[147.5534,-33.8302],[147.5543,-33.8322],[147.5472,-33.8362],[147.5439,-33.8401],[147.5429,-33.8503],[147.5438,-33.8538],[147.5411,-33.8547],[147.541,-33.8573],[147.546,-33.8654],[147.546,-33.8691],[147.5506,-33.8697],[147.5536,-33.8718],[147.554,-33.8751],[147.551,-33.8751],[147.5502,-33.8774],[147.5476,-33.8783],[147.5458,-33.8822],[147.5458,-33.8857],[147.5437,-33.8905],[147.5465,-33.8942],[147.545,-33.8984],[147.5402,-33.9052],[147.5409,-33.9105],[147.5536,-33.9069],[147.5542,-33.9083],[147.6742,-33.9237],[147.6819,-33.9256],[147.6824,-33.9248],[147.6968,-33.9266],[147.6956,-33.9328],[147.6991,-33.9348],[147.7128,-33.9365],[147.7097,-33.9526],[147.7272,-33.9548],[147.7221,-33.9821],[147.7324,-33.9835],[147.7302,-33.9956],[147.7235,-33.9948],[147.7229,-33.9974],[147.7337,-33.9979],[147.7367,-33.9985],[147.7533,-34.0471],[147.7572,-34.059],[147.7692,-34.0609],[147.7677,-34.0672],[147.7731,-34.068],[147.7724,-34.0714],[147.777,-34.072],[147.7777,-34.0689],[147.784,-34.0697],[147.7809,-34.0851],[147.7718,-34.0839],[147.7697,-34.0932],[147.7658,-34.1126],[147.771,-34.1133],[147.7689,-34.1215],[147.7669,-34.1317],[147.7607,-34.1324],[147.7592,-34.1423]]]},"properties":{"name":"Central West and Orana"}}
]}