{"type":"FeatureCollection","features":[{"type":"Feature","geometry":{"type":"Point","coordinates":[143.167,-17.617]},"properties":{"n":"ABINGDON DOWNS","i":"YABI","a":"ABG","k":null,"maj":0,"e":176,"pr":0,"ppr":0}},{"type":"Feature","geometry":{"type":"Point","coordinates":[113.736,-28.438]},"properties":{"n":"ABROLHOS EAST WALLABI ISLAND","i":null,"a":null,"k":null,"maj":0,"e":10,"pr":0,"ppr":0}},{"type":"Feature","geometry":{"type":"Point","coordinates":[113.689,-28.475]},"properties":{"n":"ABROLHOS ISLAND","i":null,"a":null,"k":null,"maj":0,"e":9,"pr":0,"ppr":0}},{"type":"Feature","geometry":{"type":"Point","coordinates":[113.596,-28.3]},"properties":{"n":"ABROLHOS NORTH ISLAND","i":null,"a":null,"k":null,"maj":0,"e":0,"pr":0,"ppr":0}},{"type":"Feature","geometry":{"type":"Point","coordinates":[113.784,-28.72]},"properties":{"n":"ABROLHOS RAT ISLAND","i":"YRAT","a":null,"k":null,"maj":0,"e":5,"pr":0,"ppr":0}},{"type":"Feature","geometry":{"type":"Point","coordinates":[141.9,-31.417]},"properties":{"n":"ACACIA DOWNS","i":"YACS","a":null,"k":null,"maj":0,"e":186,"pr":0,"ppr":0}},{"type":"Feature","geometry":{"type":"Point","coordinates":[148.7975,-35.99778]},"properties":{"n":"ADAMINABY","i":"YADY","a":null,"k":null,"maj":0,"e":1020,"pr":0,"ppr":0}},{"type":"Feature","geometry":{"type":"Point","coordinates":[138.53111,-34.94889]},"properties":{"n":"ADELAIDE","i":"YPAD","a":"ADL","k":null,"maj":1,"e":6,"pr":0,"ppr":0}},{"type":"Feature","geometry":{"type":"Point","coordinates":[138.63417,-34.79833]},"properties":{"n":"ADELAIDE PARAFIELD","i":"YPPF","a":null,"k":null,"maj":0,"e":17,"pr":0,"ppr":0}},{"type":"Feature","geometry":{"type":"Point","coordinates":[138.52806,-18.69444]},"properties":{"n":"ADELS GROVE","i":"YALG","a":null,"k":null,"maj":0,"e":128,"pr":0,"ppr":0}},{"type":"Feature","geometry":{"type":"Point","coordinates":[151.897,-24.2]},"properties":{"n":"AGNES WATER","i":"YAWT","a":null,"k":null,"maj":0,"e":15,"pr":0,"ppr":0}},{"type":"Feature","geometry":{"type":"Point","coordinates":[142.14917,-12.145]},"properties":{"n":"AGNEW","i":"YAGN","a":null,"k":null,"maj":0,"e":54,"pr":0,"ppr":0}},{"type":"Feature","geometry":{"type":"Point","coordinates":[137.69333,-32.53778]},"properties":{"n":"ALAMEIN","i":"YAMN","a":null,"k":null,"maj":0,"e":50,"pr":0,"ppr":0}},{"type":"Feature","geometry":{"type":"Point","coordinates":[117.80889,-34.94444]},"properties":{"n":"ALBANY","i":"YABA","a":"ALH","k":null,"maj":1,"e":71,"pr":0,"ppr":0}},{"type":"Feature","geometry":{"type":"Point","coordinates":[144.283,-24.7]},"properties":{"n":"ALBILBAH","i":"YALH","a":null,"k":null,"maj":0,"e":227,"pr":0,"ppr":0}},{"type":"Feature","geometry":{"type":"Point","coordinates":[120.383,-27.283]},"properties":{"n":"ALBION DOWNS","i":"YABS","a":null,"k":null,"maj":0,"e":510,"pr":0,"ppr":0}},{"type":"Feature","geometry":{"type":"Point","coordinates":[146.958,-36.068]},"properties":{"n":"ALBURY","i":"YMAY","a":"ABX","k":null,"maj":1,"e":164,"pr":0,"ppr":0}},{"type":"Feature","geometry":{"type":"Point","coordinates":[134.45,-22.833]},"properties":{"n":"ALCOOTA STATION","i":"YALC","a":null,"k":null,"maj":0,"e":603,"pr":0,"ppr":0}},{"type":"Feature","geometry":{"type":"Point","coordinates":[139.633,-22.483]},"properties":{"n":"ALDERLEY","i":"YALY","a":null,"k":null,"maj":0,"e":224,"pr":0,"ppr":0}},{"type":"Feature","geometry":{"type":"Point","coordinates":[136.71,-19.06]},"properties":{"n":"ALEXANDRIA HOMESTEAD","i":"YALX","a":"AXL","k":null,"maj":0,"e":238,"pr":0,"ppr":0}},{"type":"Feature","geometry":{"type":"Point","coordinates":[138.49417,-35.28861]},"properties":{"n":"ALDINGA","i":"YADG","a":null,"k":null,"maj":0,"e":34,"pr":1,"ppr":0}},{"type":"Feature","geometry":{"type":"Point","coordinates":[133.90389,-23.80667]},"properties":{"n":"ALICE SPRINGS","i":"YBAS","a":"ASP","k":null,"maj":0,"e":545,"pr":0,"ppr":0}},{"type":"Feature","geometry":{"type":"Point","coordinates":[134.4,-24.267]},"properties":{"n":"ALLAMBIE","i":"YALM","a":null,"k":null,"maj":0,"e":385,"pr":0,"ppr":0}},{"type":"Feature","geometry":{"type":"Point","coordinates":[146.5825,-23.65306]},"properties":{"n":"ALPHA","i":"YAPH","a":null,"k":null,"maj":0,"e":383,"pr":0,"ppr":0}},{"type":"Feature","geometry":{"type":"Point","coordinates":[142.6,-30.383]},"properties":{"n":"ALLANDY","i":"YALN","a":null,"k":null,"maj":0,"e":126,"pr":0,"ppr":0}},{"type":"Feature","geometry":{"type":"Point","coordinates":[136.079,-19.291]},"properties":{"n":"ALROY DOWNS","i":null,"a":null,"k":null,"maj":0,"e":218,"pr":0,"ppr":0}},{"type":"Feature","geometry":{"type":"Point","coordinates":[136.861,-35.371]},"properties":{"n":"ALTHORPE LIGHTHOUSE","i":null,"a":null,"k":null,"maj":0,"e":92,"pr":0,"ppr":0}},{"type":"Feature","geometry":{"type":"Point","coordinates":[139.267,-26.533]},"properties":{"n":"ALTON DOWNS","i":"YADS","a":"AWN","k":null,"maj":0,"e":31,"pr":0,"ppr":0}},{"type":"Feature","geometry":{"type":"Point","coordinates":[131.20278,-26.0975]},"properties":{"n":"AMATA","i":"YAMT","a":"AMT","k":null,"maj":0,"e":662,"pr":0,"ppr":0}},{"type":"Feature","geometry":{"type":"Point","coordinates":[152.71361,-27.64083]},"properties":{"n":"AMBERLEY","i":"YAMB","a":null,"k":"Military","maj":0,"e":28,"pr":0,"ppr":0}},{"type":"Feature","geometry":{"type":"Point","coordinates":[133.17187,-23.33937]},"properties":{"n":"AMBURLA","i":"YABU","a":null,"k":null,"maj":0,"e":629,"pr":0,"ppr":0}},{"type":"Feature","geometry":{"type":"Point","coordinates":[135.242,-21.738]},"properties":{"n":"AMMAROO","i":"YAMM","a":"AMX","k":null,"maj":0,"e":397,"pr":0,"ppr":0}},{"type":"Feature","geometry":{"type":"Point","coordinates":[143.4,-37.183]},"properties":{"n":"AMPHITHEATRE","i":"YATR","a":null,"k":null,"maj":0,"e":280,"pr":0,"ppr":0}},{"type":"Feature","geometry":{"type":"Point","coordinates":[135.23,-21.655]},"properties":{"n":"AMPILATWATJA","i":"YAMJ","a":null,"k":null,"maj":0,"e":393,"pr":0,"ppr":0}},{"type":"Feature","geometry":{"type":"Point","coordinates":[135.29,-25.412]},"properties":{"n":"ANDADO","i":"YADO","a":null,"k":null,"maj":0,"e":167,"pr":0,"ppr":0}},{"type":"Feature","geometry":{"type":"Point","coordinates":[137.137,-30.438]},"properties":{"n":"ANDAMOOKA","i":"YAMK","a":"ADO","k":null,"maj":0,"e":76,"pr":0,"ppr":0}},{"type":"Feature","geometry":{"type":"Point","coordinates":[136.17,-28.897]},"properties":{"n":"ANNA CREEK","i":"YANK","a":null,"k":null,"maj":0,"e":91,"pr":0,"ppr":0}},{"type":"Feature","geometry":{"type":"Point","coordinates":[121.517,-19.267]},"properties":{"n":"ANNA PLAINS","i":"YAPA","a":null,"k":null,"maj":0,"e":21,"pr":0,"ppr":0}},{"type":"Feature","geometry":{"type":"Point","coordinates":[130.4,-26.1]},"properties":{"n":"ANGATJA","i":"YANJ","a":null,"k":null,"maj":0,"e":671,"pr":0,"ppr":0}},{"type":"Feature","geometry":{"type":"Point","coordinates":[140.983,-21.667]},"properties":{"n":"ANSWER DOWNS","i":"YAND","a":null,"k":null,"maj":0,"e":253,"pr":0,"ppr":0}},{"type":"Feature","geometry":{"type":"Point","coordinates":[133.125,-21.832]},"properties":{"n":"ANNINGIE","i":"YANN","a":null,"k":null,"maj":0,"e":538,"pr":0,"ppr":0}},{"type":"Feature","geometry":{"type":"Point","coordinates":[135.54083,-18.02083]},"properties":{"n":"ANTHONY LAGOON","i":"YANL","a":"AYL","k":null,"maj":0,"e":217,"pr":0,"ppr":0}},{"type":"Feature","geometry":{"type":"Point","coordinates":[136.448,-21.2]},"properties":{"n":"ANNITOWA","i":"YANW","a":null,"k":null,"maj":0,"e":274,"pr":0,"ppr":0}},{"type":"Feature","geometry":{"type":"Point","coordinates":[135.53944,-17.97611]},"properties":{"n":"ANTHONY LAGOON","i":null,"a":null,"k":null,"maj":0,"e":222,"pr":0,"ppr":0}},{"type":"Feature","geometry":{"type":"Point","coordinates":[143.6575,-38.77278]},"properties":{"n":"APOLLO BAY","i":"YAPO","a":null,"k":null,"maj":0,"e":15,"pr":0,"ppr":0}},{"type":"Feature","geometry":{"type":"Point","coordinates":[145.24944,-22.95778]},"properties":{"n":"ARAMAC","i":"YAMC","a":"AXC","k":null,"maj":0,"e":232,"pr":0,"ppr":0}},{"type":"Feature","geometry":{"type":"Point","coordinates":[135.7,-22.317]},"properties":{"n":"ARAPUNYA","i":"YARP","a":null,"k":null,"maj":0,"e":387,"pr":0,"ppr":0}},{"type":"Feature","geometry":{"type":"Point","coordinates":[142.98861,-37.31]},"properties":{"n":"ARARAT","i":"YARA","a":"ARY","k":null,"maj":0,"e":307,"pr":0,"ppr":0}},{"type":"Feature","geometry":{"type":"Point","coordinates":[148.683,-25.2]},"properties":{"n":"ARCADIA","i":"YACI","a":null,"k":null,"maj":0,"e":334,"pr":0,"ppr":0}},{"type":"Feature","geometry":{"type":"Point","coordinates":[153.00444,-27.5725]},"properties":{"n":"ARCHERFIELD","i":"YBAF","a":null,"k":null,"maj":0,"e":20,"pr":0,"ppr":0}},{"type":"Feature","geometry":{"type":"Point","coordinates":[134.745,-27.947]},"properties":{"n":"ARCKARINGA","i":"YAKG","a":null,"k":null,"maj":0,"e":141,"pr":0,"ppr":0}},{"type":"Feature","geometry":{"type":"Point","coordinates":[146.883,-34.367]},"properties":{"n":"ARDLETHAN","i":"YARL","a":null,"k":null,"maj":0,"e":200,"pr":0,"ppr":0}},{"type":"Feature","geometry":{"type":"Point","coordinates":[139.183,-21.65]},"properties":{"n":"ARDMORE","i":"YAOR","a":null,"k":null,"maj":0,"e":290,"pr":0,"ppr":0}},{"type":"Feature","geometry":{"type":"Point","coordinates":[137.883,-34.442]},"properties":{"n":"ARDROSSAN","i":"YARS","a":null,"k":null,"maj":0,"e":92,"pr":0,"ppr":0}},{"type":"Feature","geometry":{"type":"Point","coordinates":[132.267,-24.067]},"properties":{"n":"AREYONGA","i":"YARN","a":null,"k":null,"maj":0,"e":784,"pr":0,"ppr":0}},{"type":"Feature","geometry":{"type":"Point","coordinates":[136.678,-21.677]},"properties":{"n":"ARGADARGADA","i":"YARD","a":null,"k":null,"maj":0,"e":277,"pr":0,"ppr":0}},{"type":"Feature","geometry":{"type":"Point","coordinates":[141.567,-21.667]},"properties":{"n":"ARIZONA 1","i":"YARI","a":null,"k":null,"maj":0,"e":238,"pr":0,"ppr":0}},{"type":"Feature","geometry":{"type":"Point","coordinates":[128.45056,-16.63528]},"properties":{"n":"ARGYLE","i":"YARG","a":"GYL","k":null,"maj":0,"e":159,"pr":0,"ppr":0}},{"type":"Feature","geometry":{"type":"Point","coordinates":[139.346,-30.407]},"properties":{"n":"ARKAROOLA","i":"YARK","a":null,"k":null,"maj":0,"e":244,"pr":0,"ppr":0}},{"type":"Feature","geometry":{"type":"Point","coordinates":[151.61694,-30.52889]},"properties":{"n":"ARMIDALE","i":"YARM","a":"ARM","k":null,"maj":0,"e":1084,"pr":0,"ppr":0}},{"type":"Feature","geometry":{"type":"Point","coordinates":[139.767,-17.967]},"properties":{"n":"ARMRAYNALD","i":"YAML","a":null,"k":null,"maj":0,"e":12,"pr":0,"ppr":0}},{"type":"Feature","geometry":{"type":"Point","coordinates":[141.04722,-26.69139]},"properties":{"n":"ARRABURY","i":"YARY","a":"AAB","k":null,"maj":0,"e":102,"pr":0,"ppr":0}},{"type":"Feature","geometry":{"type":"Point","coordinates":[125.933,-31.8]},"properties":{"n":"ARUBIDDY","i":"YADD","a":null,"k":null,"maj":0,"e":124,"pr":0,"ppr":0}},{"type":"Feature","geometry":{"type":"Point","coordinates":[117.02556,-23.38083]},"properties":{"n":"ASHBURTON DOWNS","i":"YAHD","a":null,"k":null,"maj":0,"e":236,"pr":0,"ppr":0}},{"type":"Feature","geometry":{"type":"Point","coordinates":[151.05,-29.317]},"properties":{"n":"ASHFORD","i":"YASF","a":null,"k":null,"maj":0,"e":474,"pr":0,"ppr":0}},{"type":"Feature","geometry":{"type":"Point","coordinates":[145.51167,-17.25667]},"properties":{"n":"ATHERTON","i":"YATN","a":null,"k":null,"maj":0,"e":747,"pr":0,"ppr":0}},{"type":"Feature","geometry":{"type":"Point","coordinates":[119.25,-28.217]},"properties":{"n":"ATLEY","i":"YATY","a":null,"k":null,"maj":0,"e":469,"pr":0,"ppr":0}},{"type":"Feature","geometry":{"type":"Point","coordinates":[146.587,-25.755]},"properties":{"n":"AUGATHELLA","i":"YAUA","a":null,"k":null,"maj":0,"e":407,"pr":0,"ppr":0}},{"type":"Feature","geometry":{"type":"Point","coordinates":[136.367,-23.283]},"properties":{"n":"ATULA","i":"YATL","a":null,"k":null,"maj":0,"e":288,"pr":0,"ppr":0}},{"type":"Feature","geometry":{"type":"Point","coordinates":[115.1575,-34.3297]},"properties":{"n":"AUGUSTA","i":"YAUG","a":null,"k":null,"maj":0,"e":32,"pr":0,"ppr":0}},{"type":"Feature","geometry":{"type":"Point","coordinates":[139.88222,-18.50861]},"properties":{"n":"AUGUSTUS DOWNS","i":"YAGD","a":"AUD","k":null,"maj":0,"e":34,"pr":0,"ppr":0}},{"type":"Feature","geometry":{"type":"Point","coordinates":[141.72,-13.35389]},"properties":{"n":"AURUKUN","i":"YAUR","a":"AUU","k":null,"maj":0,"e":9,"pr":0,"ppr":0}},{"type":"Feature","geometry":{"type":"Point","coordinates":[137.75,-20.5]},"properties":{"n":"AUSTRAL DOWNS","i":"YAUS","a":"AWP","k":null,"maj":0,"e":205,"pr":0,"ppr":0}},{"type":"Feature","geometry":{"type":"Point","coordinates":[130,-15.7]},"properties":{"n":"AUVERGNE","i":"YAUV","a":"AVG","k":null,"maj":0,"e":0,"pr":0,"ppr":0}},{"type":"Feature","geometry":{"type":"Point","coordinates":[144.469,-38.039]},"properties":{"n":"AVALON","i":"YMAV","a":"AVV","k":null,"maj":1,"e":11,"pr":0,"ppr":0}},{"type":"Feature","geometry":{"type":"Point","coordinates":[147.719,-41.782]},"properties":{"n":"AVOCA","i":null,"a":null,"k":null,"maj":0,"e":213,"pr":0,"ppr":0}},{"type":"Feature","geometry":{"type":"Point","coordinates":[137.517,-20.033]},"properties":{"n":"AVON DOWNS","i":"YAVD","a":null,"k":null,"maj":0,"e":240,"pr":0,"ppr":0}},{"type":"Feature","geometry":{"type":"Point","coordinates":[144.55,-36.567]},"properties":{"n":"AVONMORE","i":"YAVM","a":null,"k":null,"maj":0,"e":143,"pr":0,"ppr":0}},{"type":"Feature","geometry":{"type":"Point","coordinates":[130.97667,-25.18556]},"properties":{"n":"AYERS ROCK","i":"YAYE","a":"AYQ","k":null,"maj":1,"e":496,"pr":0,"ppr":0}},{"type":"Feature","geometry":{"type":"Point","coordinates":[147.32639,-19.59167]},"properties":{"n":"AYR","i":"YAYR","a":"AYR","k":null,"maj":0,"e":12,"pr":0,"ppr":0}},{"type":"Feature","geometry":{"type":"Point","coordinates":[144.422,-37.733]},"properties":{"n":"BACCHUS MARSH","i":"YBSS","a":null,"k":null,"maj":0,"e":158,"pr":0,"ppr":0}},{"type":"Feature","geometry":{"type":"Point","coordinates":[142.17361,-10.14944]},"properties":{"n":"BADU ISLAND","i":"YBAU","a":"BDD","k":null,"maj":0,"e":14,"pr":0,"ppr":0}},{"type":"Feature","geometry":{"type":"Point","coordinates":[136.163,-22.763]},"properties":{"n":"BAIKAL","i":"YIKL","a":null,"k":null,"maj":0,"e":353,"pr":0,"ppr":0}},{"type":"Feature","geometry":{"type":"Point","coordinates":[147.56944,-37.8875]},"properties":{"n":"BAIRNSDALE","i":"YBNS","a":"BSJ","k":null,"maj":0,"e":50,"pr":0,"ppr":0}},{"type":"Feature","geometry":{"type":"Point","coordinates":[139.338,-30.535]},"properties":{"n":"BALCANOONA","i":"YBLC","a":"LCN","k":null,"maj":0,"e":144,"pr":0,"ppr":0}},{"type":"Feature","geometry":{"type":"Point","coordinates":[138.334,-34.084]},"properties":{"n":"BALAKLAVA","i":"YBVA","a":null,"k":null,"maj":0,"e":49,"pr":0,"ppr":0}},{"type":"Feature","geometry":{"type":"Point","coordinates":[144.886,-41.259]},"properties":{"n":"BALFOUR","i":"YBFR","a":null,"k":null,"maj":0,"e":255,"pr":0,"ppr":0}},{"type":"Feature","geometry":{"type":"Point","coordinates":[125.667,-31.067]},"properties":{"n":"BALGAIR","i":"YBGI","a":null,"k":null,"maj":0,"e":169,"pr":0,"ppr":0}},{"type":"Feature","geometry":{"type":"Point","coordinates":[127.97667,-20.15306]},"properties":{"n":"BALGO HILL","i":"YBGO","a":"BQW","k":null,"maj":0,"e":439,"pr":0,"ppr":0}},{"type":"Feature","geometry":{"type":"Point","coordinates":[123.618,-32.35]},"properties":{"n":"BALLADONIA","i":"YBAL","a":null,"k":null,"maj":0,"e":176,"pr":0,"ppr":0}},{"type":"Feature","geometry":{"type":"Point","coordinates":[143.79444,-37.50917]},"properties":{"n":"BALLARAT","i":"YBLT","a":null,"k":null,"maj":0,"e":437,"pr":0,"ppr":0}},{"type":"Feature","geometry":{"type":"Point","coordinates":[141.80944,-27.40556]},"properties":{"n":"BALLERA","i":"YLLE","a":"BBL","k":null,"maj":0,"e":117,"pr":0,"ppr":0}},{"type":"Feature","geometry":{"type":"Point","coordinates":[153.56194,-28.83306]},"properties":{"n":"BALLINA/BYRON GATEWAY","i":"YBNA","a":"BNK","k":null,"maj":0,"e":2,"pr":0,"ppr":0}},{"type":"Feature","geometry":{"type":"Point","coordinates":[116.77917,-30.59278]},"properties":{"n":"BALLIDU","i":"YBIU","a":null,"k":null,"maj":0,"e":308,"pr":0,"ppr":0}},{"type":"Feature","geometry":{"type":"Point","coordinates":[143.57722,-34.625]},"properties":{"n":"BALRANALD","i":"YBRN","a":"BZD","k":null,"maj":0,"e":64,"pr":0,"ppr":0}},{"type":"Feature","geometry":{"type":"Point","coordinates":[144.633,-36.25]},"properties":{"n":"BAMAWM","i":"YBMM","a":null,"k":null,"maj":0,"e":105,"pr":0,"ppr":0}},{"type":"Feature","geometry":{"type":"Point","coordinates":[120.165,-20.945]},"properties":{"n":"BAMBOO CREEK","i":"YBBC","a":null,"k":null,"maj":0,"e":220,"pr":0,"ppr":0}},{"type":"Feature","geometry":{"type":"Point","coordinates":[132.88194,-14.51972]},"properties":{"n":"BAMYILI","i":"YBMY","a":null,"k":null,"maj":0,"e":215,"pr":0,"ppr":0}},{"type":"Feature","geometry":{"type":"Point","coordinates":[136.227,-13.198]},"properties":{"n":"BANIYALA","i":null,"a":null,"k":null,"maj":0,"e":7,"pr":0,"ppr":0}},{"type":"Feature","geometry":{"type":"Point","coordinates":[121.6,-27.667]},"properties":{"n":"BANJAWARN","i":"YBJW","a":null,"k":null,"maj":0,"e":449,"pr":0,"ppr":0}},{"type":"Feature","geometry":{"type":"Point","coordinates":[145.083,-21.8]},"properties":{"n":"BANNOCKBURN","i":"YBNC","a":null,"k":null,"maj":0,"e":282,"pr":0,"ppr":0}},{"type":"Feature","geometry":{"type":"Point","coordinates":[149.09194,-30.95528]},"properties":{"n":"BARADINE","i":"YBAD","a":null,"k":null,"maj":0,"e":302,"pr":0,"ppr":0}},{"type":"Feature","geometry":{"type":"Point","coordinates":[149.84306,-24.19361]},"properties":{"n":"BARALABA","i":"YBAB","a":null,"k":null,"maj":0,"e":105,"pr":0,"ppr":0}},{"type":"Feature","geometry":{"type":"Point","coordinates":[145.3025,-23.56556]},"properties":{"n":"BARCALDINE","i":"YBAR","a":"BCI","k":null,"maj":0,"e":268,"pr":0,"ppr":0}},{"type":"Feature","geometry":{"type":"Point","coordinates":[119.16639,-22.67444]},"properties":{"n":"BARIMUNYA","i":"YBRY","a":"BYP","k":null,"maj":0,"e":635,"pr":0,"ppr":0}},{"type":"Feature","geometry":{"type":"Point","coordinates":[138.467,-20.483]},"properties":{"n":"BARKLY DOWNS","i":"YBAW","a":"BKP","k":null,"maj":0,"e":245,"pr":0,"ppr":0}},{"type":"Feature","geometry":{"type":"Point","coordinates":[135.819,-19.709]},"properties":{"n":"BARKLY WAYSIDE INN","i":"YBKS","a":null,"k":null,"maj":0,"e":233,"pr":0,"ppr":0}},{"type":"Feature","geometry":{"type":"Point","coordinates":[140.475,-34.235]},"properties":{"n":"BARMERA","i":"YBMR","a":null,"k":null,"maj":0,"e":32,"pr":0,"ppr":0}},{"type":"Feature","geometry":{"type":"Point","coordinates":[150.6,-30.383]},"properties":{"n":"BARRABA","i":"YBBA","a":null,"k":null,"maj":0,"e":513,"pr":0,"ppr":0}},{"type":"Feature","geometry":{"type":"Point","coordinates":[147.67611,-38.29667]},"properties":{"n":"BARRACOUTA","i":"YUTA","a":null,"k":"Heliport","maj":0,"e":1,"pr":0,"ppr":0}},{"type":"Feature","geometry":{"type":"Point","coordinates":[114.963,-22.863]},"properties":{"n":"BARRADALE","i":"YBDX","a":null,"k":null,"maj":0,"e":91,"pr":0,"ppr":0}},{"type":"Feature","geometry":{"type":"Point","coordinates":[133.883,-21.533]},"properties":{"n":"BARROW CREEK","i":"YBRC","a":null,"k":null,"maj":0,"e":511,"pr":0,"ppr":0}},{"type":"Feature","geometry":{"type":"Point","coordinates":[115.40667,-20.86139]},"properties":{"n":"BARROW ISLAND","i":"YBWX","a":"BWB","k":null,"maj":0,"e":8,"pr":0,"ppr":0}},{"type":"Feature","geometry":{"type":"Point","coordinates":[132.66,-30.525]},"properties":{"n":"BARTON SIDING","i":"YBTN","a":null,"k":null,"maj":0,"e":158,"pr":0,"ppr":0}},{"type":"Feature","geometry":{"type":"Point","coordinates":[144.42806,-38.25583]},"properties":{"n":"BARWON HEADS","i":"YBRS","a":null,"k":null,"maj":0,"e":15,"pr":0,"ppr":1}},{"type":"Feature","geometry":{"type":"Point","coordinates":[152.61611,-29.21833]},"properties":{"n":"BARYULGIL","i":"YBYL","a":null,"k":null,"maj":0,"e":121,"pr":0,"ppr":0}},{"type":"Feature","geometry":{"type":"Point","coordinates":[142.67556,-12.65889]},"properties":{"n":"BATAVIA DOWNS","i":"YBTV","a":"BVW","k":null,"maj":0,"e":88,"pr":0,"ppr":0}},{"type":"Feature","geometry":{"type":"Point","coordinates":[131.033,-13.067]},"properties":{"n":"BATCHELOR","i":"YBCR","a":null,"k":null,"maj":0,"e":111,"pr":0,"ppr":0}},{"type":"Feature","geometry":{"type":"Point","coordinates":[149.65139,-33.40833]},"properties":{"n":"BATHURST","i":"YBTH","a":"BHS","k":null,"maj":0,"e":742,"pr":0,"ppr":0}},{"type":"Feature","geometry":{"type":"Point","coordinates":[146.156,-43.421]},"properties":{"n":"BATHURST HARBOUR","i":"YBHB","a":null,"k":null,"maj":0,"e":6,"pr":0,"ppr":0}},{"type":"Feature","geometry":{"type":"Point","coordinates":[130.61556,-11.76444]},"properties":{"n":"BATHURST ISLAND","i":"YBTI","a":"BRT","k":null,"maj":0,"e":20,"pr":0,"ppr":0}},{"type":"Feature","geometry":{"type":"Point","coordinates":[144.95694,-37.82222]},"properties":{"n":"BATMAN PARK","i":"YBPK","a":"KAH","k":"Heliport","maj":0,"e":1,"pr":0,"ppr":0}},{"type":"Feature","geometry":{"type":"Point","coordinates":[149.51957,-33.37755]},"properties":{"n":"BATHURST PIPERSFIELD","i":"YPIP","a":null,"k":"Glider site","maj":0,"e":656,"pr":1,"ppr":0}},{"type":"Feature","geometry":{"type":"Point","coordinates":[145.85,-19.433]},"properties":{"n":"BATTERY DOWNS","i":"YBTS","a":null,"k":null,"maj":0,"e":303,"pr":0,"ppr":0}},{"type":"Feature","geometry":{"type":"Point","coordinates":[135.467,-16.133]},"properties":{"n":"BAUHINIA DOWNS","i":"YBAH","a":null,"k":null,"maj":0,"e":80,"pr":0,"ppr":0}},{"type":"Feature","geometry":{"type":"Point","coordinates":[145.583,-25.45]},"properties":{"n":"BAYSWATER","i":"YBYW","a":null,"k":null,"maj":0,"e":375,"pr":0,"ppr":0}},{"type":"Feature","geometry":{"type":"Point","coordinates":[117.883,-30.483]},"properties":{"n":"BEACON","i":"YBEC","a":null,"k":null,"maj":0,"e":389,"pr":0,"ppr":0}},{"type":"Feature","geometry":{"type":"Point","coordinates":[122.65,-16.983]},"properties":{"n":"BEAGLE BAY","i":"YBGB","a":"BEE","k":null,"maj":0,"e":11,"pr":0,"ppr":0}},{"type":"Feature","geometry":{"type":"Point","coordinates":[143.25,-37.45]},"properties":{"n":"BEAUFORT","i":"YBEF","a":null,"k":null,"maj":0,"e":351,"pr":0,"ppr":0}},{"type":"Feature","geometry":{"type":"Point","coordinates":[143.42972,-37.49417]},"properties":{"n":"BEAUFORT","i":"YBFT","a":null,"k":null,"maj":0,"e":396,"pr":0,"ppr":0}},{"type":"Feature","geometry":{"type":"Point","coordinates":[127.463,-17.287]},"properties":{"n":"BEDFORD DOWNS","i":"YBDF","a":"BDW","k":null,"maj":0,"e":532,"pr":0,"ppr":0}},{"type":"Feature","geometry":{"type":"Point","coordinates":[139.45944,-24.345]},"properties":{"n":"BEDOURIE","i":"YBIE","a":"BEU","k":null,"maj":0,"e":91,"pr":0,"ppr":0}},{"type":"Feature","geometry":{"type":"Point","coordinates":[146.69651,-36.39332]},"properties":{"n":"BEECHWORTH","i":null,"a":null,"k":null,"maj":0,"e":626,"pr":0,"ppr":0}},{"type":"Feature","geometry":{"type":"Point","coordinates":[146.633,-36.417]},"properties":{"n":"BEECHWORTH","i":"YBCH","a":null,"k":null,"maj":0,"e":317,"pr":0,"ppr":0}},{"type":"Feature","geometry":{"type":"Point","coordinates":[118.017,-26.367]},"properties":{"n":"BELELE","i":"YELE","a":null,"k":null,"maj":0,"e":435,"pr":0,"ppr":0}},{"type":"Feature","geometry":{"type":"Point","coordinates":[142.95,-27.033]},"properties":{"n":"BELLALIE","i":"YBLH","a":null,"k":null,"maj":0,"e":147,"pr":0,"ppr":0}},{"type":"Feature","geometry":{"type":"Point","coordinates":[128.30472,-17.54444]},"properties":{"n":"BELLBURN","i":"YBEB","a":"BXF","k":null,"maj":0,"e":244,"pr":0,"ppr":0}},{"type":"Feature","geometry":{"type":"Point","coordinates":[120.59444,-27.61278]},"properties":{"n":"BELLEVUE","i":"YBLU","a":null,"k":null,"maj":0,"e":474,"pr":0,"ppr":0}},{"type":"Feature","geometry":{"type":"Point","coordinates":[146.0125,-36.55222]},"properties":{"n":"BENALLA","i":"YBLA","a":"BLN","k":null,"maj":0,"e":173,"pr":0,"ppr":0}},{"type":"Feature","geometry":{"type":"Point","coordinates":[147.683,-36.967]},"properties":{"n":"BENAMBRA","i":"YBRA","a":null,"k":null,"maj":0,"e":691,"pr":0,"ppr":0}},{"type":"Feature","geometry":{"type":"Point","coordinates":[117.867,-30.833]},"properties":{"n":"BENCUBBIN","i":"YBCB","a":null,"k":null,"maj":0,"e":329,"pr":0,"ppr":0}},{"type":"Feature","geometry":{"type":"Point","coordinates":[144.33028,-36.73556]},"properties":{"n":"BENDIGO","i":"YBDG","a":"BXG","k":null,"maj":0,"e":215,"pr":0,"ppr":0}},{"type":"Feature","geometry":{"type":"Point","coordinates":[136.9,-17.937]},"properties":{"n":"BENMARA","i":"YBNM","a":null,"k":null,"maj":0,"e":276,"pr":0,"ppr":0}},{"type":"Feature","geometry":{"type":"Point","coordinates":[139.566,-17.087]},"properties":{"n":"BENTINCK ISLAND","i":"YBTK","a":null,"k":null,"maj":0,"e":14,"pr":0,"ppr":0}},{"type":"Feature","geometry":{"type":"Point","coordinates":[142.43051,-35.9465]},"properties":{"n":"BEULAH","i":null,"a":null,"k":null,"maj":0,"e":78,"pr":0,"ppr":0}},{"type":"Feature","geometry":{"type":"Point","coordinates":[140.73833,-25.69472]},"properties":{"n":"BETOOTA","i":"YBEO","a":"BTX","k":null,"maj":0,"e":76,"pr":0,"ppr":0}},{"type":"Feature","geometry":{"type":"Point","coordinates":[139.55556,-30.19028]},"properties":{"n":"BEVERLEY","i":"YBEE","a":null,"k":null,"maj":0,"e":116,"pr":0,"ppr":0}},{"type":"Feature","geometry":{"type":"Point","coordinates":[116.9497,-32.1253]},"properties":{"n":"BEVERLEY","i":"YBEV","a":null,"k":null,"maj":0,"e":212,"pr":0,"ppr":0}},{"type":"Feature","geometry":{"type":"Point","coordinates":[125.433,-16.733]},"properties":{"n":"BEVERLEY SPRINGS","i":"YBYS","a":"BVZ","k":null,"maj":0,"e":385,"pr":0,"ppr":0}},{"type":"Feature","geometry":{"type":"Point","coordinates":[117.673,-27.329]},"properties":{"n":"BIG BELL","i":"YBBE","a":null,"k":null,"maj":0,"e":431,"pr":0,"ppr":0}},{"type":"Feature","geometry":{"type":"Point","coordinates":[152.05,-25.525]},"properties":{"n":"BIGGENDEN","i":"YBIN","a":null,"k":null,"maj":0,"e":123,"pr":0,"ppr":0}},{"type":"Feature","geometry":{"type":"Point","coordinates":[115.833,-27.417]},"properties":{"n":"BILLABALONG","i":"YBBL","a":null,"k":null,"maj":0,"e":259,"pr":0,"ppr":0}},{"type":"Feature","geometry":{"type":"Point","coordinates":[114.617,-26.817]},"properties":{"n":"BILLABONG ROAD HOUSE","i":"YBLB","a":null,"k":null,"maj":0,"e":138,"pr":0,"ppr":0}},{"type":"Feature","geometry":{"type":"Point","coordinates":[127.667,-19.567]},"properties":{"n":"BILLILUNA","i":"YBIL","a":"BIW","k":null,"maj":0,"e":305,"pr":0,"ppr":0}},{"type":"Feature","geometry":{"type":"Point","coordinates":[149.36,-34.303]},"properties":{"n":"BINDA","i":"YBID","a":null,"k":null,"maj":0,"e":762,"pr":0,"ppr":0}},{"type":"Feature","geometry":{"type":"Point","coordinates":[116.18833,-31.34028]},"properties":{"n":"BINDOON HILL","i":"YBHL","a":null,"k":null,"maj":0,"e":296,"pr":0,"ppr":0}},{"type":"Feature","geometry":{"type":"Point","coordinates":[150.533,-29.8]},"properties":{"n":"BINGARA","i":"YBIA","a":null,"k":null,"maj":0,"e":308,"pr":0,"ppr":0}},{"type":"Feature","geometry":{"type":"Point","coordinates":[150.192,-29.505]},"properties":{"n":"BINIGUY","i":"YBGY","a":null,"k":null,"maj":0,"e":240,"pr":0,"ppr":0}},{"type":"Feature","geometry":{"type":"Point","coordinates":[139.34528,-25.89222]},"properties":{"n":"BIRDSVILLE","i":"YBDV","a":"BVI","k":null,"maj":0,"e":48,"pr":0,"ppr":0}},{"type":"Feature","geometry":{"type":"Point","coordinates":[142.91861,-35.9975]},"properties":{"n":"BIRCHIP","i":"YBIR","a":null,"k":null,"maj":0,"e":104,"pr":0,"ppr":0}},{"type":"Feature","geometry":{"type":"Point","coordinates":[129.483,-18.383]},"properties":{"n":"BIRRINDUDU","i":"YBDU","a":null,"k":null,"maj":0,"e":378,"pr":0,"ppr":0}},{"type":"Feature","geometry":{"type":"Point","coordinates":[144.1,-14.75]},"properties":{"n":"BIZANT","i":"YBIZ","a":"BZP","k":null,"maj":0,"e":13,"pr":0,"ppr":0}},{"type":"Feature","geometry":{"type":"Point","coordinates":[134.517,-30.283]},"properties":{"n":"BIRTHDAY SIDING","i":"YBDS","a":null,"k":null,"maj":0,"e":183,"pr":0,"ppr":0}},{"type":"Feature","geometry":{"type":"Point","coordinates":[145.42861,-24.43222]},"properties":{"n":"BLACKALL","i":"YBCK","a":"BKQ","k":null,"maj":0,"e":283,"pr":0,"ppr":0}},{"type":"Feature","geometry":{"type":"Point","coordinates":[128.288,-25.987]},"properties":{"n":"BLACKSTONE","i":"YBSR","a":null,"k":null,"maj":0,"e":544,"pr":0,"ppr":0}},{"type":"Feature","geometry":{"type":"Point","coordinates":[148.80583,-23.60333]},"properties":{"n":"BLACKWATER","i":"YBTR","a":"BLT","k":null,"maj":0,"e":200,"pr":0,"ppr":0}},{"type":"Feature","geometry":{"type":"Point","coordinates":[150.183,-31.583]},"properties":{"n":"BLACKVILLE","i":"YBVL","a":null,"k":null,"maj":0,"e":400,"pr":0,"ppr":0}},{"type":"Feature","geometry":{"type":"Point","coordinates":[138.726,-31.119]},"properties":{"n":"BLINMAN","i":"YBLM","a":null,"k":null,"maj":0,"e":607,"pr":0,"ppr":0}},{"type":"Feature","geometry":{"type":"Point","coordinates":[145.33,-15.874]},"properties":{"n":"BLOOMFIELD RIVER","i":"YBMD","a":"BFC","k":null,"maj":0,"e":15,"pr":0,"ppr":0}},{"type":"Feature","geometry":{"type":"Point","coordinates":[146.917,-27.25]},"properties":{"n":"BOATMAN","i":"YBOT","a":null,"k":null,"maj":0,"e":272,"pr":0,"ppr":0}},{"type":"Feature","geometry":{"type":"Point","coordinates":[146.49389,-19.18972]},"properties":{"n":"BLUE WATER PARK","i":"YBLP","a":null,"k":null,"maj":0,"e":35,"pr":0,"ppr":0}},{"type":"Feature","geometry":{"type":"Point","coordinates":[143.383,-26.3]},"properties":{"n":"BODALLA","i":"YBOD","a":null,"k":null,"maj":0,"e":153,"pr":0,"ppr":0}},{"type":"Feature","geometry":{"type":"Point","coordinates":[150.05,-30.717]},"properties":{"n":"BOGGABRI","i":"YBOG","a":null,"k":null,"maj":0,"e":246,"pr":0,"ppr":0}},{"type":"Feature","geometry":{"type":"Point","coordinates":[142.218,-9.233]},"properties":{"n":"BOIGU ISLAND","i":"YBOI","a":"GIC","k":null,"maj":0,"e":3,"pr":0,"ppr":0}},{"type":"Feature","geometry":{"type":"Point","coordinates":[140.85,-28.983]},"properties":{"n":"BOLLARDS LAGOON","i":"YBLG","a":null,"k":null,"maj":0,"e":100,"pr":0,"ppr":0}},{"type":"Feature","geometry":{"type":"Point","coordinates":[147.48194,-28.05111]},"properties":{"n":"BOLLON","i":"YBLL","a":"BLS","k":null,"maj":0,"e":182,"pr":0,"ppr":0}},{"type":"Feature","geometry":{"type":"Point","coordinates":[144.183,-17.4]},"properties":{"n":"BOLWARRA","i":"YBWR","a":"BCK","k":null,"maj":0,"e":292,"pr":0,"ppr":0}},{"type":"Feature","geometry":{"type":"Point","coordinates":[144.169,-17.388]},"properties":{"n":"BOLWARRA","i":null,"a":null,"k":null,"maj":0,"e":315,"pr":0,"ppr":0}},{"type":"Feature","geometry":{"type":"Point","coordinates":[149.183,-36.905]},"properties":{"n":"BOMBALA","i":"YBOM","a":null,"k":null,"maj":0,"e":737,"pr":0,"ppr":0}},{"type":"Feature","geometry":{"type":"Point","coordinates":[135.48,-30.407]},"properties":{"n":"BON BON","i":"YBBO","a":null,"k":null,"maj":0,"e":158,"pr":0,"ppr":0}},{"type":"Feature","geometry":{"type":"Point","coordinates":[133.843,-23.515]},"properties":{"n":"BOND SPRINGS","i":"YBSP","a":null,"k":null,"maj":0,"e":726,"pr":0,"ppr":0}},{"type":"Feature","geometry":{"type":"Point","coordinates":[119.883,-22.267]},"properties":{"n":"BONNEY DOWNS STATION","i":"YBYD","a":null,"k":null,"maj":0,"e":527,"pr":0,"ppr":0}},{"type":"Feature","geometry":{"type":"Point","coordinates":[147.86133,-40.89826]},"properties":{"n":"BOOBYALLA","i":null,"a":null,"k":null,"maj":0,"e":11,"pr":0,"ppr":0}},{"type":"Feature","geometry":{"type":"Point","coordinates":[149.417,-30.05]},"properties":{"n":"BOOLCARROL STATION","i":"YBCL","a":null,"k":null,"maj":0,"e":188,"pr":0,"ppr":0}},{"type":"Feature","geometry":{"type":"Point","coordinates":[138.36639,-32.88972]},"properties":{"n":"BOOLEROO CENTRE","i":"YBOC","a":null,"k":null,"maj":0,"e":418,"pr":0,"ppr":0}},{"type":"Feature","geometry":{"type":"Point","coordinates":[117.26944,-22.54028]},"properties":{"n":"BOOLGEEDA","i":"YBGD","a":"OCM","k":null,"maj":0,"e":570,"pr":0,"ppr":0}},{"type":"Feature","geometry":{"type":"Point","coordinates":[149.59528,-28.72806]},"properties":{"n":"BOOMI","i":"YBMI","a":null,"k":null,"maj":0,"e":188,"pr":0,"ppr":0}},{"type":"Feature","geometry":{"type":"Point","coordinates":[152.677,-28.017]},"properties":{"n":"BOONAH","i":"YBOA","a":null,"k":null,"maj":0,"e":101,"pr":0,"ppr":0}},{"type":"Feature","geometry":{"type":"Point","coordinates":[143.7225,-36.13833]},"properties":{"n":"BOORT","i":"YBBT","a":null,"k":null,"maj":0,"e":106,"pr":0,"ppr":0}},{"type":"Feature","geometry":{"type":"Point","coordinates":[119.9,-27.75]},"properties":{"n":"BOOYLGOO SPRINGS","i":"YBOY","a":null,"k":null,"maj":0,"e":523,"pr":0,"ppr":0}},{"type":"Feature","geometry":{"type":"Point","coordinates":[140.72194,-36.27139]},"properties":{"n":"BORDERTOWN","i":"YBOR","a":null,"k":null,"maj":0,"e":81,"pr":0,"ppr":0}},{"type":"Feature","geometry":{"type":"Point","coordinates":[129.012,-31.639]},"properties":{"n":"BORDER VILLAGE","i":"YBOV","a":null,"k":null,"maj":0,"e":94,"pr":0,"ppr":0}},{"type":"Feature","geometry":{"type":"Point","coordinates":[136.3025,-16.07583]},"properties":{"n":"BORROLOOLA","i":"YBRL","a":"BOX","k":null,"maj":0,"e":17,"pr":0,"ppr":0}},{"type":"Feature","geometry":{"type":"Point","coordinates":[147.033,-42.367]},"properties":{"n":"BOTHWELL","i":"YBEL","a":null,"k":null,"maj":0,"e":378,"pr":0,"ppr":0}},{"type":"Feature","geometry":{"type":"Point","coordinates":[139.90083,-22.91278]},"properties":{"n":"BOULIA","i":"YBOU","a":"BQL","k":null,"maj":0,"e":165,"pr":0,"ppr":0}},{"type":"Feature","geometry":{"type":"Point","coordinates":[117.30833,-32.95889]},"properties":{"n":"BOUNDAIN","i":null,"a":null,"k":null,"maj":0,"e":318,"pr":0,"ppr":0}},{"type":"Feature","geometry":{"type":"Point","coordinates":[145.94528,-30.04111]},"properties":{"n":"BOURKE","i":"YBKE","a":"BRK","k":null,"maj":0,"e":107,"pr":0,"ppr":0}},{"type":"Feature","geometry":{"type":"Point","coordinates":[148.21361,-20.01944]},"properties":{"n":"BOWEN","i":"YBWN","a":"ZBO","k":null,"maj":0,"e":8,"pr":0,"ppr":0}},{"type":"Feature","geometry":{"type":"Point","coordinates":[138.275,-18.083]},"properties":{"n":"BOWTHORN","i":"YBWT","a":null,"k":null,"maj":0,"e":94,"pr":0,"ppr":0}},{"type":"Feature","geometry":{"type":"Point","coordinates":[116.467,-33.9]},"properties":{"n":"BOYUP BROOK","i":"YBOP","a":null,"k":null,"maj":0,"e":237,"pr":0,"ppr":0}},{"type":"Feature","geometry":{"type":"Point","coordinates":[149.85,-35.45]},"properties":{"n":"BRAIDWOOD","i":"YBAO","a":null,"k":null,"maj":0,"e":672,"pr":0,"ppr":0}},{"type":"Feature","geometry":{"type":"Point","coordinates":[149.27,-20.803]},"properties":{"n":"BRAMPTON ISLAND","i":"YBPI","a":"BMP","k":null,"maj":0,"e":11,"pr":0,"ppr":0}},{"type":"Feature","geometry":{"type":"Point","coordinates":[141.702,-37.867]},"properties":{"n":"BRANXHOLME","i":"YBXH","a":null,"k":null,"maj":0,"e":124,"pr":0,"ppr":0}},{"type":"Feature","geometry":{"type":"Point","coordinates":[147.77222,38.5]},"properties":{"n":"BREAM A","i":"YUMA","a":null,"k":"Heliport","maj":0,"e":1,"pr":0,"ppr":0}},{"type":"Feature","geometry":{"type":"Point","coordinates":[147.83889,-38.51722]},"properties":{"n":"BREAM B","i":"YURB","a":null,"k":"Heliport","maj":0,"e":1,"pr":0,"ppr":0}},{"type":"Feature","geometry":{"type":"Point","coordinates":[150.517,-31.317]},"properties":{"n":"BREEZA","i":"YBZA","a":null,"k":null,"maj":0,"e":303,"pr":0,"ppr":0}},{"type":"Feature","geometry":{"type":"Point","coordinates":[119.332,-34.381]},"properties":{"n":"BREMER BAY","i":null,"a":null,"k":null,"maj":0,"e":30,"pr":0,"ppr":0}},{"type":"Feature","geometry":{"type":"Point","coordinates":[146.81444,-29.97583]},"properties":{"n":"BREWARRINA","i":"YBRW","a":"BWQ","k":null,"maj":0,"e":126,"pr":0,"ppr":0}},{"type":"Feature","geometry":{"type":"Point","coordinates":[143.95333,-36.61944]},"properties":{"n":"BRIDGEWATER","i":"YBGR","a":null,"k":null,"maj":0,"e":142,"pr":0,"ppr":0}},{"type":"Feature","geometry":{"type":"Point","coordinates":[147.417,-41.017]},"properties":{"n":"BRIDPORT","i":"YBDP","a":null,"k":null,"maj":0,"e":9,"pr":0,"ppr":0}},{"type":"Feature","geometry":{"type":"Point","coordinates":[143.533,-23.35]},"properties":{"n":"BRIGHTON DOWNS","i":"YBTD","a":null,"k":null,"maj":0,"e":217,"pr":0,"ppr":0}},{"type":"Feature","geometry":{"type":"Point","coordinates":[153.12611,-27.38889]},"properties":{"n":"BRISBANE","i":"YBBN","a":"BNE","k":null,"maj":1,"e":4,"pr":0,"ppr":0}},{"type":"Feature","geometry":{"type":"Point","coordinates":[151.79528,-27.5575]},"properties":{"n":"BRISBANE WEST WELLCAMP","i":"YBWW","a":"WTB","k":null,"maj":0,"e":450,"pr":0,"ppr":0}},{"type":"Feature","geometry":{"type":"Point","coordinates":[117.371,-22.388]},"properties":{"n":"BROCKMAN","i":"YBKM","a":null,"k":null,"maj":0,"e":586,"pr":0,"ppr":0}},{"type":"Feature","geometry":{"type":"Point","coordinates":[121.036,-27.366]},"properties":{"n":"BRONZEWING","i":"YBWG","a":null,"k":null,"maj":0,"e":501,"pr":0,"ppr":0}},{"type":"Feature","geometry":{"type":"Point","coordinates":[141.47194,-32.0025]},"properties":{"n":"BROKEN HILL","i":"YBHI","a":"BHQ","k":null,"maj":0,"e":292,"pr":0,"ppr":0}},{"type":"Feature","geometry":{"type":"Point","coordinates":[116.796,-31.825]},"properties":{"n":"BROOKLANDS","i":"YBLD","a":null,"k":null,"maj":0,"e":181,"pr":0,"ppr":0}},{"type":"Feature","geometry":{"type":"Point","coordinates":[122.22694,-17.94861]},"properties":{"n":"BROOME","i":"YBRM","a":"BME","k":null,"maj":1,"e":17,"pr":0,"ppr":0}},{"type":"Feature","geometry":{"type":"Point","coordinates":[123.547,-14.112]},"properties":{"n":"BROWSE IS","i":"YBWS","a":null,"k":null,"maj":0,"e":0,"pr":0,"ppr":0}},{"type":"Feature","geometry":{"type":"Point","coordinates":[118.117,-31.883]},"properties":{"n":"BRUCE ROCK","i":"YBRO","a":null,"k":null,"maj":0,"e":297,"pr":0,"ppr":0}},{"type":"Feature","geometry":{"type":"Point","coordinates":[134.462,-18.87]},"properties":{"n":"BRUNCHILLY","i":"YBNY","a":null,"k":null,"maj":0,"e":243,"pr":0,"ppr":0}},{"type":"Feature","geometry":{"type":"Point","coordinates":[135.938,-18.64]},"properties":{"n":"BRUNETTE DOWNS","i":"YBRU","a":"BTD","k":null,"maj":0,"e":211,"pr":0,"ppr":0}},{"type":"Feature","geometry":{"type":"Point","coordinates":[147.37972,-43.235]},"properties":{"n":"BRUNY ISLAND","i":"YBYI","a":null,"k":null,"maj":0,"e":10,"pr":0,"ppr":0}},{"type":"Feature","geometry":{"type":"Point","coordinates":[118.733,-25.533]},"properties":{"n":"BRYAH","i":"YBYA","a":null,"k":null,"maj":0,"e":545,"pr":0,"ppr":0}},{"type":"Feature","geometry":{"type":"Point","coordinates":[143.773,-25.37]},"properties":{"n":"BUDGERYGAR","i":"YBGT","a":null,"k":null,"maj":0,"e":216,"pr":0,"ppr":0}},{"type":"Feature","geometry":{"type":"Point","coordinates":[119.733,-28.5]},"properties":{"n":"BULGA DOWNS STATION","i":"YBUG","a":null,"k":null,"maj":0,"e":450,"pr":0,"ppr":0}},{"type":"Feature","geometry":{"type":"Point","coordinates":[134.903,-30.187]},"properties":{"n":"BULGUNNIA","i":"YBUL","a":null,"k":null,"maj":0,"e":164,"pr":0,"ppr":0}},{"type":"Feature","geometry":{"type":"Point","coordinates":[143.479,-16.881]},"properties":{"n":"BULIMBA","i":"YBWM","a":"BIP","k":null,"maj":0,"e":144,"pr":0,"ppr":0}},{"type":"Feature","geometry":{"type":"Point","coordinates":[143.8,-17.65]},"properties":{"n":"BULLERINGA","i":"YBUX","a":null,"k":null,"maj":0,"e":387,"pr":0,"ppr":0}},{"type":"Feature","geometry":{"type":"Point","coordinates":[119.55583,-24.01417]},"properties":{"n":"BULLOO DOWNS","i":"YBUO","a":null,"k":null,"maj":0,"e":578,"pr":0,"ppr":0}},{"type":"Feature","geometry":{"type":"Point","coordinates":[129.767,-15.467]},"properties":{"n":"BULLO RIVER VALLEY","i":"YBVY","a":null,"k":null,"maj":0,"e":9,"pr":0,"ppr":0}},{"type":"Feature","geometry":{"type":"Point","coordinates":[115.67806,-33.37806]},"properties":{"n":"BUNBURY","i":"YBUN","a":"BUY","k":null,"maj":0,"e":16,"pr":0,"ppr":0}},{"type":"Feature","geometry":{"type":"Point","coordinates":[152.3225,-24.905]},"properties":{"n":"BUNDABERG","i":"YBUD","a":"BDB","k":null,"maj":0,"e":33,"pr":0,"ppr":0}},{"type":"Feature","geometry":{"type":"Point","coordinates":[148.533,-21.967]},"properties":{"n":"BUNDARRA","i":"YBUA","a":null,"k":null,"maj":0,"e":228,"pr":0,"ppr":0}},{"type":"Feature","geometry":{"type":"Point","coordinates":[149.13694,-36.13444]},"properties":{"n":"BUNYAN","i":null,"a":null,"k":"Glider site","maj":0,"e":781,"pr":0,"ppr":0}},{"type":"Feature","geometry":{"type":"Point","coordinates":[145.75,-38.017]},"properties":{"n":"BUNYIP","i":"YBUP","a":null,"k":null,"maj":0,"e":84,"pr":0,"ppr":0}},{"type":"Feature","geometry":{"type":"Point","coordinates":[147.083,-20.6]},"properties":{"n":"BURDEKIN FALLS DAM","i":"YBWI","a":null,"k":null,"maj":0,"e":160,"pr":0,"ppr":0}},{"type":"Feature","geometry":{"type":"Point","coordinates":[139.53528,-17.75056]},"properties":{"n":"BURKETOWN","i":"YBKT","a":"BUC","k":null,"maj":0,"e":6,"pr":0,"ppr":0}},{"type":"Feature","geometry":{"type":"Point","coordinates":[145.88,-41.049]},"properties":{"n":"BURNIE","i":"YBUI","a":null,"k":null,"maj":0,"e":94,"pr":0,"ppr":0}},{"type":"Feature","geometry":{"type":"Point","coordinates":[139.717,-21.267]},"properties":{"n":"BUSHY PARK","i":"YBHK","a":null,"k":null,"maj":0,"e":383,"pr":0,"ppr":0}},{"type":"Feature","geometry":{"type":"Point","coordinates":[148.975,-30.158]},"properties":{"n":"BURREN JUNCTION","i":"YBRJ","a":null,"k":null,"maj":0,"e":164,"pr":0,"ppr":0}},{"type":"Feature","geometry":{"type":"Point","coordinates":[115.40361,-33.68472]},"properties":{"n":"BUSSELTON","i":"YBLN","a":"BQB","k":null,"maj":0,"e":17,"pr":0,"ppr":0}},{"type":"Feature","geometry":{"type":"Point","coordinates":[147.633,-31.358]},"properties":{"n":"BUTTABONE","i":"YBTT","a":null,"k":null,"maj":0,"e":176,"pr":0,"ppr":0}},{"type":"Feature","geometry":{"type":"Point","coordinates":[146.4,-30.667]},"properties":{"n":"BYROCK","i":"YBYR","a":null,"k":null,"maj":0,"e":151,"pr":0,"ppr":0}},{"type":"Feature","geometry":{"type":"Point","coordinates":[152.9875,-27.07611]},"properties":{"n":"CABOOLTURE","i":"YCAB","a":null,"k":null,"maj":0,"e":12,"pr":0,"ppr":0}},{"type":"Feature","geometry":{"type":"Point","coordinates":[148.392,-35.927]},"properties":{"n":"CABRAMURRA","i":"YCUR","a":null,"k":null,"maj":0,"e":1544,"pr":0,"ppr":0}},{"type":"Feature","geometry":{"type":"Point","coordinates":[125.9,-18.7]},"properties":{"n":"CADJEBUT","i":"YCAJ","a":null,"k":null,"maj":0,"e":161,"pr":0,"ppr":0}},{"type":"Feature","geometry":{"type":"Point","coordinates":[134.05611,-27.90694]},"properties":{"n":"CADNEY HOMESTEAD","i":"YCDH","a":null,"k":null,"maj":0,"e":287,"pr":0,"ppr":0}},{"type":"Feature","geometry":{"type":"Point","coordinates":[125.47806,-32.28028]},"properties":{"n":"CAIGUNA","i":"YCAG","a":"CGV","k":null,"maj":0,"e":109,"pr":0,"ppr":0}},{"type":"Feature","geometry":{"type":"Point","coordinates":[145.74944,-16.87917]},"properties":{"n":"CAIRNS","i":"YBCS","a":"CNS","k":null,"maj":1,"e":3,"pr":0,"ppr":0}},{"type":"Feature","geometry":{"type":"Point","coordinates":[146.833,-25.108]},"properties":{"n":"CALDERVALE STATION","i":"YCDV","a":null,"k":null,"maj":0,"e":532,"pr":0,"ppr":0}},{"type":"Feature","geometry":{"type":"Point","coordinates":[140.445,-37.243]},"properties":{"n":"CALLENDALE","i":"YCLE","a":null,"k":null,"maj":0,"e":41,"pr":0,"ppr":0}},{"type":"Feature","geometry":{"type":"Point","coordinates":[120.583,-30.117]},"properties":{"n":"CALLION","i":"YCAI","a":null,"k":null,"maj":0,"e":471,"pr":0,"ppr":0}},{"type":"Feature","geometry":{"type":"Point","coordinates":[153.105,-26.80333]},"properties":{"n":"CALOUNDRA","i":"YCDR","a":"CUD","k":null,"maj":0,"e":12,"pr":0,"ppr":0}},{"type":"Feature","geometry":{"type":"Point","coordinates":[138.58083,-34.69222]},"properties":{"n":"CALVIN GROVE","i":"YCVG","a":null,"k":null,"maj":0,"e":15,"pr":0,"ppr":0}},{"type":"Feature","geometry":{"type":"Point","coordinates":[139.417,-20.133]},"properties":{"n":"CALTON HILLS","i":"YCTS","a":null,"k":null,"maj":0,"e":351,"pr":0,"ppr":0}},{"type":"Feature","geometry":{"type":"Point","coordinates":[150.68778,-34.03778]},"properties":{"n":"CAMDEN","i":"YSCN","a":"CDU","k":null,"maj":0,"e":70,"pr":0,"ppr":0}},{"type":"Feature","geometry":{"type":"Point","coordinates":[152.74278,-31.66583]},"properties":{"n":"CAMDEN HAVEN","i":"YCMH","a":null,"k":null,"maj":0,"e":2,"pr":0,"ppr":0}},{"type":"Feature","geometry":{"type":"Point","coordinates":[145.467,-18.85]},"properties":{"n":"CAMEL CREEK","i":"YCMK","a":null,"k":null,"maj":0,"e":425,"pr":0,"ppr":0}},{"type":"Feature","geometry":{"type":"Point","coordinates":[131.327,-17.022]},"properties":{"n":"CAMFIELD","i":"YCFD","a":"CFI","k":null,"maj":0,"e":130,"pr":0,"ppr":0}},{"type":"Feature","geometry":{"type":"Point","coordinates":[138.12472,-19.91444]},"properties":{"n":"CAMOOWEAL","i":"YCMW","a":"CML","k":null,"maj":0,"e":238,"pr":0,"ppr":0}},{"type":"Feature","geometry":{"type":"Point","coordinates":[147.53,-41.967]},"properties":{"n":"CAMPBELL TOWN","i":"YCAE","a":null,"k":null,"maj":0,"e":216,"pr":0,"ppr":0}},{"type":"Feature","geometry":{"type":"Point","coordinates":[149.19444,-35.30694]},"properties":{"n":"CANBERRA","i":"YSCB","a":"CBR","k":null,"maj":1,"e":575,"pr":0,"ppr":0}},{"type":"Feature","geometry":{"type":"Point","coordinates":[140.91417,-21.88889]},"properties":{"n":"CANNINGTON STATION","i":"YCAM","a":null,"k":null,"maj":0,"e":256,"pr":0,"ppr":0}},{"type":"Feature","geometry":{"type":"Point","coordinates":[132.945,-12.35528]},"properties":{"n":"CANNON HILL COMMUNITY","i":"YCAN","a":null,"k":null,"maj":0,"e":7,"pr":0,"ppr":0}},{"type":"Feature","geometry":{"type":"Point","coordinates":[149.167,-37.517]},"properties":{"n":"CANN RIVER","i":"YCNR","a":null,"k":null,"maj":0,"e":110,"pr":0,"ppr":0}},{"type":"Feature","geometry":{"type":"Point","coordinates":[140.927,-19.479]},"properties":{"n":"CANOBIE","i":"YCBE","a":"CBY","k":null,"maj":0,"e":70,"pr":0,"ppr":0}},{"type":"Feature","geometry":{"type":"Point","coordinates":[148.67528,-33.55667]},"properties":{"n":"CANOWINDRA","i":"YCWW","a":null,"k":"Heliport","maj":0,"e":327,"pr":0,"ppr":0}},{"type":"Feature","geometry":{"type":"Point","coordinates":[135.585,-20.651]},"properties":{"n":"CANTEEN CREEK","i":"YCCK","a":null,"k":null,"maj":0,"e":339,"pr":0,"ppr":0}},{"type":"Feature","geometry":{"type":"Point","coordinates":[148.017,-40.392]},"properties":{"n":"CAPE BARREN ISLAND","i":"YCBN","a":"CBI","k":null,"maj":0,"e":43,"pr":0,"ppr":0}},{"type":"Feature","geometry":{"type":"Point","coordinates":[135.733,-16.683]},"properties":{"n":"CAPE CRAWFORD","i":"YCCF","a":null,"k":null,"maj":0,"e":83,"pr":0,"ppr":0}},{"type":"Feature","geometry":{"type":"Point","coordinates":[136.598,-35.757]},"properties":{"n":"CAPE BORDA","i":"YCBO","a":null,"k":null,"maj":0,"e":167,"pr":0,"ppr":0}},{"type":"Feature","geometry":{"type":"Point","coordinates":[131.827,-11.298]},"properties":{"n":"CAPE DON","i":"YCPD","a":null,"k":null,"maj":0,"e":34,"pr":0,"ppr":0}},{"type":"Feature","geometry":{"type":"Point","coordinates":[145.31167,-14.97083]},"properties":{"n":"CAPE FLATTERY","i":"YCFL","a":"CQP","k":null,"maj":0,"e":16,"pr":0,"ppr":0}},{"type":"Feature","geometry":{"type":"Point","coordinates":[122.93167,-16.40056]},"properties":{"n":"CAPE LEVEQUE","i":"YCLQ","a":null,"k":null,"maj":0,"e":23,"pr":0,"ppr":0}},{"type":"Feature","geometry":{"type":"Point","coordinates":[148.00611,-23.09528]},"properties":{"n":"CAPELLA","i":"YCEL","a":null,"k":null,"maj":0,"e":252,"pr":0,"ppr":0}},{"type":"Feature","geometry":{"type":"Point","coordinates":[143.515,-38.86]},"properties":{"n":"CAPE OTWAY","i":"YCTY","a":null,"k":null,"maj":0,"e":0,"pr":0,"ppr":0}},{"type":"Feature","geometry":{"type":"Point","coordinates":[136.75,-11]},"properties":{"n":"CAPE WESSELS","i":"YCWE","a":null,"k":null,"maj":0,"e":0,"pr":0,"ppr":0}},{"type":"Feature","geometry":{"type":"Point","coordinates":[138.617,-21.967]},"properties":{"n":"CARANDOTTA","i":"YCDT","a":null,"k":null,"maj":0,"e":173,"pr":0,"ppr":0}},{"type":"Feature","geometry":{"type":"Point","coordinates":[113.80361,-23.1075]},"properties":{"n":"CARDABIA STATION","i":null,"a":null,"k":null,"maj":0,"e":2,"pr":0,"ppr":0}},{"type":"Feature","geometry":{"type":"Point","coordinates":[145.95028,-18.17861]},"properties":{"n":"CARDWELL/DALLACHY","i":"YCDW","a":null,"k":null,"maj":0,"e":14,"pr":0,"ppr":0}},{"type":"Feature","geometry":{"type":"Point","coordinates":[147.708,-30.458]},"properties":{"n":"CARINDA","i":"YCRA","a":null,"k":null,"maj":0,"e":40,"pr":0,"ppr":0}},{"type":"Feature","geometry":{"type":"Point","coordinates":[128.534,-15.502]},"properties":{"n":"CARLTON HILL","i":null,"a":null,"k":null,"maj":0,"e":16,"pr":0,"ppr":0}},{"type":"Feature","geometry":{"type":"Point","coordinates":[115.883,-29.683]},"properties":{"n":"CARNARMAH","i":"YCNH","a":null,"k":null,"maj":0,"e":266,"pr":0,"ppr":0}},{"type":"Feature","geometry":{"type":"Point","coordinates":[113.66972,-24.88111]},"properties":{"n":"CARNARVON","i":"YCAR","a":"CVQ","k":null,"maj":0,"e":4,"pr":0,"ppr":0}},{"type":"Feature","geometry":{"type":"Point","coordinates":[122.32222,-30.17361]},"properties":{"n":"CAROUSE DAM","i":"YSCD","a":"WCD","k":null,"maj":0,"e":399,"pr":0,"ppr":0}},{"type":"Feature","geometry":{"type":"Point","coordinates":[122.967,-25.8]},"properties":{"n":"CARNEGIE STATION","i":"YCGI","a":null,"k":null,"maj":0,"e":451,"pr":0,"ppr":0}},{"type":"Feature","geometry":{"type":"Point","coordinates":[144.317,-18.717]},"properties":{"n":"CARPENTARIA DOWNS","i":"YCPN","a":"CFP","k":null,"maj":0,"e":484,"pr":0,"ppr":0}},{"type":"Feature","geometry":{"type":"Point","coordinates":[137.44333,-31.30833]},"properties":{"n":"CARRAPATEENA","i":"YCPT","a":null,"k":null,"maj":0,"e":207,"pr":0,"ppr":0}},{"type":"Feature","geometry":{"type":"Point","coordinates":[138.517,-32.417]},"properties":{"n":"CARRIETON","i":"YCRT","a":null,"k":null,"maj":0,"e":443,"pr":0,"ppr":0}},{"type":"Feature","geometry":{"type":"Point","coordinates":[153.05889,-28.88083]},"properties":{"n":"CASINO","i":"YCAS","a":"CSI","k":null,"maj":0,"e":26,"pr":0,"ppr":0}},{"type":"Feature","geometry":{"type":"Point","coordinates":[149.961,-32.002]},"properties":{"n":"CASSILIS ROTHERW","i":"YCSI","a":null,"k":null,"maj":0,"e":471,"pr":0,"ppr":0}},{"type":"Feature","geometry":{"type":"Point","coordinates":[141.36194,-37.61222]},"properties":{"n":"CASTERTON","i":"YCTN","a":null,"k":null,"maj":0,"e":153,"pr":0,"ppr":0}},{"type":"Feature","geometry":{"type":"Point","coordinates":[144.167,-37.133]},"properties":{"n":"CASTLEMAINE","i":"YCAL","a":null,"k":null,"maj":0,"e":291,"pr":0,"ppr":0}},{"type":"Feature","geometry":{"type":"Point","coordinates":[131.55028,-17.60806]},"properties":{"n":"CATTLE CREEK","i":"YCAC","a":"CTR","k":null,"maj":0,"e":197,"pr":0,"ppr":0}},{"type":"Feature","geometry":{"type":"Point","coordinates":[133.70667,-32.13056]},"properties":{"n":"CEDUNA","i":"YCDU","a":"CED","k":null,"maj":0,"e":23,"pr":0,"ppr":0}},{"type":"Feature","geometry":{"type":"Point","coordinates":[138.71028,-18.76]},"properties":{"n":"CENTURY MINE","i":"YCNY","a":null,"k":null,"maj":0,"e":127,"pr":0,"ppr":0}},{"type":"Feature","geometry":{"type":"Point","coordinates":[144.2625,-38.14611]},"properties":{"n":"CERES","i":"YCES","a":null,"k":null,"maj":0,"e":26,"pr":0,"ppr":0}},{"type":"Feature","geometry":{"type":"Point","coordinates":[115.08561,-30.48519]},"properties":{"n":"CERVANTES","i":"YCVS","a":null,"k":null,"maj":0,"e":12,"pr":0,"ppr":0}},{"type":"Feature","geometry":{"type":"Point","coordinates":[151.34028,-32.78472]},"properties":{"n":"CESSNOCK","i":"YCNK","a":"CES","k":null,"maj":0,"e":64,"pr":0,"ppr":0}},{"type":"Feature","geometry":{"type":"Point","coordinates":[146.262,-26.413]},"properties":{"n":"CHARLEVILLE","i":"YBCV","a":"CTL","k":null,"maj":0,"e":306,"pr":0,"ppr":0}},{"type":"Feature","geometry":{"type":"Point","coordinates":[143.3,-36.25]},"properties":{"n":"CHARLTON","i":"YCHL","a":null,"k":null,"maj":0,"e":148,"pr":0,"ppr":0}},{"type":"Feature","geometry":{"type":"Point","coordinates":[146.27361,-20.04389]},"properties":{"n":"CHARTERS TOWERS","i":"YCHT","a":"CXT","k":null,"maj":0,"e":291,"pr":0,"ppr":0}},{"type":"Feature","geometry":{"type":"Point","coordinates":[142.62117,-37.85275]},"properties":{"n":"CHATSWORTH","i":"YCWO","a":null,"k":null,"maj":0,"e":177,"pr":0,"ppr":0}},{"type":"Feature","geometry":{"type":"Point","coordinates":[140.3,-21.967]},"properties":{"n":"CHATSWORTH","i":"YCTH","a":null,"k":null,"maj":0,"e":257,"pr":0,"ppr":0}},{"type":"Feature","geometry":{"type":"Point","coordinates":[152.08861,-28.43]},"properties":{"n":"CHERRABAH","i":"YCHB","a":"CRH","k":null,"maj":0,"e":671,"pr":0,"ppr":0}},{"type":"Feature","geometry":{"type":"Point","coordinates":[115.9031,-33.666]},"properties":{"n":"CHERYLTON FARMS","i":null,"a":null,"k":null,"maj":0,"e":265,"pr":0,"ppr":0}},{"type":"Feature","geometry":{"type":"Point","coordinates":[152.35,-25.267]},"properties":{"n":"CHILDERS","i":"YCDS","a":null,"k":null,"maj":0,"e":54,"pr":0,"ppr":0}},{"type":"Feature","geometry":{"type":"Point","coordinates":[144.52861,-17.13778]},"properties":{"n":"CHILLAGOE","i":"YCGO","a":"LLG","k":null,"maj":0,"e":338,"pr":0,"ppr":0}},{"type":"Feature","geometry":{"type":"Point","coordinates":[134.833,-31.7]},"properties":{"n":"CHILDRA","i":"YCHR","a":null,"k":null,"maj":0,"e":148,"pr":0,"ppr":0}},{"type":"Feature","geometry":{"type":"Point","coordinates":[150.6175,-26.77194]},"properties":{"n":"CHINCHILLA","i":"YCCA","a":"CCL","k":null,"maj":0,"e":313,"pr":0,"ppr":0}},{"type":"Feature","geometry":{"type":"Point","coordinates":[119.6425,-22.35417]},"properties":{"n":"CHRISTMAS CREEK","i":"YCHK","a":"CKW","k":null,"maj":0,"e":441,"pr":0,"ppr":0}},{"type":"Feature","geometry":{"type":"Point","coordinates":[125.917,-18.883]},"properties":{"n":"CHRISTMAS CREEK STATION","i":"YCRK","a":"CXQ","k":null,"maj":0,"e":156,"pr":0,"ppr":0}},{"type":"Feature","geometry":{"type":"Point","coordinates":[143.94,-33.407]},"properties":{"n":"CLARE STATION","i":"YCLA","a":null,"k":null,"maj":0,"e":81,"pr":0,"ppr":0}},{"type":"Feature","geometry":{"type":"Point","coordinates":[138.585,-33.71278]},"properties":{"n":"CLARE VALLEY","i":"YCVA","a":null,"k":null,"maj":0,"e":340,"pr":0,"ppr":0}},{"type":"Feature","geometry":{"type":"Point","coordinates":[148.133,-40.517]},"properties":{"n":"CLARKE ISLAND","i":"YCKD","a":null,"k":null,"maj":0,"e":34,"pr":0,"ppr":0}},{"type":"Feature","geometry":{"type":"Point","coordinates":[147.61889,-22.7725]},"properties":{"n":"CLERMONT","i":"YCMT","a":"CMQ","k":null,"maj":0,"e":277,"pr":0,"ppr":0}},{"type":"Feature","geometry":{"type":"Point","coordinates":[136.50639,-33.71028]},"properties":{"n":"CLEVE","i":"YCEE","a":"CVC","k":null,"maj":0,"e":180,"pr":0,"ppr":0}},{"type":"Feature","geometry":{"type":"Point","coordinates":[151.84806,-27.9275]},"properties":{"n":"CLIFTON","i":"YCFN","a":null,"k":null,"maj":0,"e":430,"pr":0,"ppr":0}},{"type":"Feature","geometry":{"type":"Point","coordinates":[148.21222,-35.16056]},"properties":{"n":"CLEVEDEN","i":null,"a":null,"k":null,"maj":0,"e":239,"pr":0,"ppr":0}},{"type":"Feature","geometry":{"type":"Point","coordinates":[138.892,-27.018]},"properties":{"n":"CLIFTON HILLS","i":"YCFH","a":"CFH","k":null,"maj":0,"e":32,"pr":0,"ppr":0}},{"type":"Feature","geometry":{"type":"Point","coordinates":[140.683,-20.133]},"properties":{"n":"CLONAGH","i":"YCGH","a":null,"k":null,"maj":0,"e":128,"pr":0,"ppr":0}},{"type":"Feature","geometry":{"type":"Point","coordinates":[140.50722,-20.66583]},"properties":{"n":"CLONCURRY","i":"YCCY","a":"CNJ","k":null,"maj":0,"e":188,"pr":0,"ppr":0}},{"type":"Feature","geometry":{"type":"Point","coordinates":[145.79389,-31.5375]},"properties":{"n":"COBAR","i":"YCBA","a":"CAZ","k":null,"maj":0,"e":221,"pr":0,"ppr":0}},{"type":"Feature","geometry":{"type":"Point","coordinates":[143.05667,-38.32333]},"properties":{"n":"COBDEN","i":"YCDE","a":null,"k":null,"maj":0,"e":140,"pr":0,"ppr":0}},{"type":"Feature","geometry":{"type":"Point","coordinates":[148.30917,-38.44972]},"properties":{"n":"COBIA","i":"YUBX","a":null,"k":"Heliport","maj":0,"e":1,"pr":0,"ppr":0}},{"type":"Feature","geometry":{"type":"Point","coordinates":[139.61694,-24.51194]},"properties":{"n":"CLUNY","i":"YUNY","a":"CZY","k":null,"maj":0,"e":90,"pr":0,"ppr":0}},{"type":"Feature","geometry":{"type":"Point","coordinates":[123.61056,-16.09556]},"properties":{"n":"COCKATOO ISLAND","i":"YCTI","a":null,"k":null,"maj":0,"e":107,"pr":0,"ppr":0}},{"type":"Feature","geometry":{"type":"Point","coordinates":[126.092,-32.05]},"properties":{"n":"COCKLEBIDDY","i":"YCKY","a":null,"k":null,"maj":0,"e":93,"pr":0,"ppr":0}},{"type":"Feature","geometry":{"type":"Point","coordinates":[143.11722,-13.76278]},"properties":{"n":"COEN","i":"YCOE","a":"CUQ","k":null,"maj":0,"e":162,"pr":0,"ppr":0}},{"type":"Feature","geometry":{"type":"Point","coordinates":[143.07111,-10.05028]},"properties":{"n":"COCONUT ISLAND","i":"YCCT","a":"CNC","k":null,"maj":0,"e":3,"pr":0,"ppr":0}},{"type":"Feature","geometry":{"type":"Point","coordinates":[135.50639,-34.58889]},"properties":{"n":"COFFIN BAY","i":"YCOF","a":null,"k":null,"maj":0,"e":6,"pr":0,"ppr":0}},{"type":"Feature","geometry":{"type":"Point","coordinates":[144.21417,-35.82722]},"properties":{"n":"COHUNA","i":"YCOH","a":null,"k":null,"maj":0,"e":79,"pr":0,"ppr":0}},{"type":"Feature","geometry":{"type":"Point","coordinates":[153.11389,-30.33111]},"properties":{"n":"COFFS HARBOUR","i":"YCFS","a":"CFS","k":null,"maj":1,"e":5,"pr":0,"ppr":0}},{"type":"Feature","geometry":{"type":"Point","coordinates":[143.67556,-38.28583]},"properties":{"n":"COLAC","i":"YOLA","a":"XCO","k":null,"maj":0,"e":123,"pr":0,"ppr":0}},{"type":"Feature","geometry":{"type":"Point","coordinates":[145.40833,-37.72861]},"properties":{"n":"COLDSTREAM","i":"YCEM","a":null,"k":null,"maj":0,"e":87,"pr":0,"ppr":0}},{"type":"Feature","geometry":{"type":"Point","coordinates":[145.85,-34.8]},"properties":{"n":"COLEAMBALLY","i":"YCLY","a":null,"k":null,"maj":0,"e":118,"pr":0,"ppr":0}},{"type":"Feature","geometry":{"type":"Point","coordinates":[141.7,-37.6]},"properties":{"n":"COLERAINE","i":"YCOL","a":null,"k":null,"maj":0,"e":95,"pr":0,"ppr":0}},{"type":"Feature","geometry":{"type":"Point","coordinates":[149.41,-34.939]},"properties":{"n":"COLLECTOR","i":"YWDR","a":null,"k":null,"maj":0,"e":693,"pr":0,"ppr":0}},{"type":"Feature","geometry":{"type":"Point","coordinates":[148.57833,-29.52333]},"properties":{"n":"COLLARENEBRI","i":"YCBR","a":"CRB","k":null,"maj":0,"e":142,"pr":0,"ppr":0}},{"type":"Feature","geometry":{"type":"Point","coordinates":[149.417,-34.883]},"properties":{"n":"COLLECTOR","i":"YCLT","a":null,"k":null,"maj":0,"e":715,"pr":0,"ppr":0}},{"type":"Feature","geometry":{"type":"Point","coordinates":[116.20056,-33.35972]},"properties":{"n":"COLLIE","i":"YCOI","a":"CIE","k":null,"maj":0,"e":235,"pr":0,"ppr":0}},{"type":"Feature","geometry":{"type":"Point","coordinates":[147.85306,-20.59917]},"properties":{"n":"COLLINSVILLE","i":"YCSV","a":"KCE","k":null,"maj":0,"e":180,"pr":0,"ppr":0}},{"type":"Feature","geometry":{"type":"Point","coordinates":[148.78667,-29.47833]},"properties":{"n":"COLLYMONGLE","i":"YCLM","a":null,"k":null,"maj":0,"e":147,"pr":0,"ppr":0}},{"type":"Feature","geometry":{"type":"Point","coordinates":[134.143,-29.962]},"properties":{"n":"COMMONWEALTH HILL","i":"YCWH","a":null,"k":null,"maj":0,"e":184,"pr":0,"ppr":0}},{"type":"Feature","geometry":{"type":"Point","coordinates":[145.117,-35.317]},"properties":{"n":"CONARGO","i":"YCNO","a":null,"k":null,"maj":0,"e":90,"pr":0,"ppr":0}},{"type":"Feature","geometry":{"type":"Point","coordinates":[147.21361,-33.06472]},"properties":{"n":"CONDOBOLIN","i":"YCDO","a":"CBX","k":null,"maj":0,"e":198,"pr":0,"ppr":0}},{"type":"Feature","geometry":{"type":"Point","coordinates":[132.533,-22.133]},"properties":{"n":"CONISTON","i":"YCNS","a":null,"k":null,"maj":0,"e":618,"pr":0,"ppr":0}},{"type":"Feature","geometry":{"type":"Point","coordinates":[144.75,-18.683]},"properties":{"n":"CONJUBOY","i":"YCJU","a":null,"k":null,"maj":0,"e":512,"pr":0,"ppr":0}},{"type":"Feature","geometry":{"type":"Point","coordinates":[148.467,-24.633]},"properties":{"n":"CONSUELO","i":"YCSL","a":null,"k":null,"maj":0,"e":242,"pr":0,"ppr":0}},{"type":"Feature","geometry":{"type":"Point","coordinates":[134.71972,-29.04028]},"properties":{"n":"COOBER PEDY","i":"YCBP","a":"CPD","k":null,"maj":0,"e":226,"pr":0,"ppr":0}},{"type":"Feature","geometry":{"type":"Point","coordinates":[132.53278,-12.90306]},"properties":{"n":"COOINDA","i":"YCOO","a":"CDA","k":null,"maj":0,"e":13,"pr":0,"ppr":0}},{"type":"Feature","geometry":{"type":"Point","coordinates":[130.406,-30.618]},"properties":{"n":"COOK","i":"YOOK","a":null,"k":null,"maj":0,"e":123,"pr":0,"ppr":0}},{"type":"Feature","geometry":{"type":"Point","coordinates":[145.1825,-15.44333]},"properties":{"n":"COOKTOWN","i":"YCKN","a":"CTN","k":null,"maj":0,"e":8,"pr":0,"ppr":0}},{"type":"Feature","geometry":{"type":"Point","coordinates":[149.615,-31.77389]},"properties":{"n":"COOLAH","i":"YCAH","a":"CLH","k":null,"maj":0,"e":504,"pr":0,"ppr":0}},{"type":"Feature","geometry":{"type":"Point","coordinates":[117.8,-21.783]},"properties":{"n":"COOLAWANYAH","i":"YCWY","a":"COY","k":null,"maj":0,"e":369,"pr":0,"ppr":0}},{"type":"Feature","geometry":{"type":"Point","coordinates":[130.962,-15.548]},"properties":{"n":"COOLIBAH STATION","i":null,"a":null,"k":null,"maj":0,"e":43,"pr":0,"ppr":0}},{"type":"Feature","geometry":{"type":"Point","coordinates":[121.15,-30.95]},"properties":{"n":"COOLGARDIE","i":"YCLG","a":null,"k":null,"maj":0,"e":421,"pr":0,"ppr":0}},{"type":"Feature","geometry":{"type":"Point","coordinates":[153,-25.975]},"properties":{"n":"COOLOOLA VILLAGE AIRPARK","i":"YCXA","a":null,"k":null,"maj":0,"e":9,"pr":0,"ppr":0}},{"type":"Feature","geometry":{"type":"Point","coordinates":[148.97278,-36.29972]},"properties":{"n":"COOMA-SNOWY MOUNTAINS","i":"YCOM","a":"OOM","k":null,"maj":0,"e":935,"pr":0,"ppr":0}},{"type":"Feature","geometry":{"type":"Point","coordinates":[152.46639,-27.39056]},"properties":{"n":"COOMINYA","i":"YBCM","a":null,"k":null,"maj":0,"e":102,"pr":0,"ppr":0}},{"type":"Feature","geometry":{"type":"Point","coordinates":[149.26278,-31.33083]},"properties":{"n":"COONABARABRAN","i":"YCBB","a":"COJ","k":null,"maj":0,"e":645,"pr":0,"ppr":0}},{"type":"Feature","geometry":{"type":"Point","coordinates":[148.37583,-30.98222]},"properties":{"n":"COONAMBLE","i":"YCNM","a":"CNB","k":null,"maj":0,"e":184,"pr":0,"ppr":0}},{"type":"Feature","geometry":{"type":"Point","coordinates":[123.167,-31.017]},"properties":{"n":"COONANA","i":"YCNN","a":null,"k":null,"maj":0,"e":353,"pr":0,"ppr":0}},{"type":"Feature","geometry":{"type":"Point","coordinates":[140.8,-37.283]},"properties":{"n":"COONAWARRA","i":"YCNQ","a":null,"k":null,"maj":0,"e":57,"pr":0,"ppr":0}},{"type":"Feature","geometry":{"type":"Point","coordinates":[135.883,-31.067]},"properties":{"n":"COONDAMBO","i":"YCDB","a":null,"k":null,"maj":0,"e":153,"pr":0,"ppr":0}},{"type":"Feature","geometry":{"type":"Point","coordinates":[118.81417,-22.96694]},"properties":{"n":"COONDEWANNA","i":"YCWA","a":"CJF","k":null,"maj":0,"e":709,"pr":0,"ppr":0}},{"type":"Feature","geometry":{"type":"Point","coordinates":[119.667,-20.683]},"properties":{"n":"COONGAN","i":"YCOG","a":null,"k":null,"maj":0,"e":82,"pr":0,"ppr":0}},{"type":"Feature","geometry":{"type":"Point","coordinates":[146.7722,-37.8921]},"properties":{"n":"COONGULLA","i":null,"a":null,"k":null,"maj":0,"e":98,"pr":0,"ppr":0}},{"type":"Feature","geometry":{"type":"Point","coordinates":[132.296,-31.894]},"properties":{"n":"COORABIE","i":null,"a":null,"k":null,"maj":0,"e":10,"pr":0,"ppr":0}},{"type":"Feature","geometry":{"type":"Point","coordinates":[150.72686,-29.14004]},"properties":{"n":"COORANGA","i":"YCNX","a":null,"k":null,"maj":0,"e":342,"pr":0,"ppr":0}},{"type":"Feature","geometry":{"type":"Point","coordinates":[140.273,-36.82]},"properties":{"n":"COORANGA","i":"YCNG","a":null,"k":null,"maj":0,"e":23,"pr":0,"ppr":0}},{"type":"Feature","geometry":{"type":"Point","coordinates":[134.317,-27.978]},"properties":{"n":"COPPER HILLS","i":"YCPH","a":null,"k":null,"maj":0,"e":247,"pr":0,"ppr":0}},{"type":"Feature","geometry":{"type":"Point","coordinates":[148.03667,-34.62361]},"properties":{"n":"COOTAMUNDRA","i":"YCTM","a":"CMD","k":null,"maj":0,"e":338,"pr":0,"ppr":0}},{"type":"Feature","geometry":{"type":"Point","coordinates":[120.033,-20.95]},"properties":{"n":"COPPINS GAP","i":"YCPG","a":null,"k":null,"maj":0,"e":178,"pr":0,"ppr":0}},{"type":"Feature","geometry":{"type":"Point","coordinates":[113.7806,-23.1289]},"properties":{"n":"CORAL BAY","i":"YCOY","a":null,"k":null,"maj":0,"e":2,"pr":0,"ppr":0}},{"type":"Feature","geometry":{"type":"Point","coordinates":[140.638,-26.745]},"properties":{"n":"CORDILLO DOWNS","i":"YCOD","a":"ODL","k":null,"maj":0,"e":38,"pr":0,"ppr":0}},{"type":"Feature","geometry":{"type":"Point","coordinates":[141.452,-31.291]},"properties":{"n":"CORONA STATION","i":"YCNA","a":null,"k":null,"maj":0,"e":228,"pr":0,"ppr":0}},{"type":"Feature","geometry":{"type":"Point","coordinates":[146.35139,-35.99694]},"properties":{"n":"COROWA","i":"YCOR","a":"CWW","k":null,"maj":0,"e":143,"pr":0,"ppr":0}},{"type":"Feature","geometry":{"type":"Point","coordinates":[143.35,-26.467]},"properties":{"n":"COROWA DOWNS","i":"YCWN","a":null,"k":null,"maj":0,"e":151,"pr":0,"ppr":0}},{"type":"Feature","geometry":{"type":"Point","coordinates":[117.817,-32.333]},"properties":{"n":"CORRIGIN","i":"YCIG","a":null,"k":null,"maj":0,"e":349,"pr":0,"ppr":0}},{"type":"Feature","geometry":{"type":"Point","coordinates":[147.888,-36.183]},"properties":{"n":"CORRYONG","i":"YCRG","a":"CYG","k":null,"maj":0,"e":294,"pr":0,"ppr":0}},{"type":"Feature","geometry":{"type":"Point","coordinates":[122.903,-27.985]},"properties":{"n":"COSMO NEWBERRY","i":"YCOS","a":null,"k":null,"maj":0,"e":512,"pr":0,"ppr":0}},{"type":"Feature","geometry":{"type":"Point","coordinates":[122.583,-22.8]},"properties":{"n":"COTTEN CREEK","i":"YCTC","a":null,"k":null,"maj":0,"e":366,"pr":0,"ppr":0}},{"type":"Feature","geometry":{"type":"Point","coordinates":[138.328,-27.712]},"properties":{"n":"COWARIE","i":"YCWI","a":"CWR","k":null,"maj":0,"e":16,"pr":0,"ppr":0}},{"type":"Feature","geometry":{"type":"Point","coordinates":[136.89333,-33.66722]},"properties":{"n":"COWELL","i":"YCWL","a":"CCW","k":null,"maj":0,"e":39,"pr":0,"ppr":0}},{"type":"Feature","geometry":{"type":"Point","coordinates":[148.64778,-33.84639]},"properties":{"n":"COWRA","i":"YCWR","a":"CWT","k":null,"maj":0,"e":294,"pr":0,"ppr":0}},{"type":"Feature","geometry":{"type":"Point","coordinates":[145.938,-41.581]},"properties":{"n":"CRADLE MOUNTAIN","i":"YCDL","a":null,"k":null,"maj":0,"e":871,"pr":0,"ppr":0}},{"type":"Feature","geometry":{"type":"Point","coordinates":[135.916,-17.948]},"properties":{"n":"CRESSWELL DOWNS","i":null,"a":null,"k":null,"maj":0,"e":221,"pr":0,"ppr":0}},{"type":"Feature","geometry":{"type":"Point","coordinates":[147.015,-41.16139]},"properties":{"n":"CRANBOURN","i":"YCRN","a":null,"k":null,"maj":0,"e":104,"pr":0,"ppr":0}},{"type":"Feature","geometry":{"type":"Point","coordinates":[132.4825,-11.1625]},"properties":{"n":"CROKER ISLAND","i":"YCKI","a":"CKI","k":null,"maj":0,"e":16,"pr":0,"ppr":0}},{"type":"Feature","geometry":{"type":"Point","coordinates":[142.25444,-18.21889]},"properties":{"n":"CROYDON","i":"YCRY","a":"CDQ","k":null,"maj":0,"e":117,"pr":0,"ppr":0}},{"type":"Feature","geometry":{"type":"Point","coordinates":[149.46056,-34.49972]},"properties":{"n":"CROOKWELL","i":"YCRL","a":null,"k":null,"maj":0,"e":900,"pr":0,"ppr":0}},{"type":"Feature","geometry":{"type":"Point","coordinates":[144.45,-17.383]},"properties":{"n":"CRYSTAL BROOK","i":"YCYT","a":null,"k":null,"maj":0,"e":425,"pr":0,"ppr":0}},{"type":"Feature","geometry":{"type":"Point","coordinates":[148.763,-33.278]},"properties":{"n":"CUDAL","i":"YCUA","a":"CUG","k":null,"maj":0,"e":150,"pr":0,"ppr":0}},{"type":"Feature","geometry":{"type":"Point","coordinates":[141.50806,-25.59944]},"properties":{"n":"CUDDAPAN","i":"YCUD","a":null,"k":null,"maj":0,"e":132,"pr":0,"ppr":0}},{"type":"Feature","geometry":{"type":"Point","coordinates":[117.9175,-27.45083]},"properties":{"n":"CUE","i":"YCUE","a":"CUY","k":null,"maj":0,"e":442,"pr":0,"ppr":0}},{"type":"Feature","geometry":{"type":"Point","coordinates":[135.70861,-34.25306]},"properties":{"n":"CUMMINS TOWN","i":"YCMM","a":null,"k":null,"maj":0,"e":61,"pr":0,"ppr":0}},{"type":"Feature","geometry":{"type":"Point","coordinates":[117.21833,-31.62167]},"properties":{"n":"CUNDERDIN","i":"YCUN","a":null,"k":null,"maj":1,"e":215,"pr":0,"ppr":0}},{"type":"Feature","geometry":{"type":"Point","coordinates":[145.62639,-28.03167]},"properties":{"n":"CUNNAMULLA","i":"YCMU","a":"CMA","k":null,"maj":0,"e":192,"pr":0,"ppr":0}},{"type":"Feature","geometry":{"type":"Point","coordinates":[137.088,-29.477]},"properties":{"n":"CURDIMURKA","i":"YCKA","a":null,"k":null,"maj":0,"e":-4,"pr":0,"ppr":0}},{"type":"Feature","geometry":{"type":"Point","coordinates":[123.82889,-17.58056]},"properties":{"n":"CURTIN","i":"YCIN","a":"DCN","k":null,"maj":0,"e":91,"pr":0,"ppr":0}},{"type":"Feature","geometry":{"type":"Point","coordinates":[131.75,-25.317]},"properties":{"n":"CURTIN SPRINGS","i":"YCSP","a":null,"k":null,"maj":0,"e":493,"pr":0,"ppr":0}},{"type":"Feature","geometry":{"type":"Point","coordinates":[142.017,-33.033]},"properties":{"n":"CUTHERO","i":"YCUT","a":null,"k":null,"maj":0,"e":53,"pr":0,"ppr":0}},{"type":"Feature","geometry":{"type":"Point","coordinates":[143.588,-17.942]},"properties":{"n":"DAGWORTH","i":"YDAG","a":null,"k":null,"maj":0,"e":299,"pr":0,"ppr":0}},{"type":"Feature","geometry":{"type":"Point","coordinates":[145.425,-16.219]},"properties":{"n":"DAINTREE","i":"YCBY","a":null,"k":null,"maj":0,"e":10,"pr":0,"ppr":0}},{"type":"Feature","geometry":{"type":"Point","coordinates":[115.867,-25.283]},"properties":{"n":"DAIRY CREEK HOMESTEAD","i":"YDRC","a":null,"k":null,"maj":0,"e":239,"pr":0,"ppr":0}},{"type":"Feature","geometry":{"type":"Point","coordinates":[151.26333,-27.15833]},"properties":{"n":"DALBY","i":"YDAY","a":"DBY","k":null,"maj":0,"e":347,"pr":0,"ppr":0}},{"type":"Feature","geometry":{"type":"Point","coordinates":[139.533,-21.708]},"properties":{"n":"DAJARRA","i":"YDAJ","a":"DJR","k":null,"maj":0,"e":102,"pr":0,"ppr":0}},{"type":"Feature","geometry":{"type":"Point","coordinates":[116.5365,-32.2802]},"properties":{"n":"DALE RIVER","i":"YDVE","a":null,"k":null,"maj":0,"e":318,"pr":0,"ppr":0}},{"type":"Feature","geometry":{"type":"Point","coordinates":[117.31639,-27.83028]},"properties":{"n":"DALGARANGA MINE","i":"YDGA","a":"DGD","k":null,"maj":0,"e":438,"pr":0,"ppr":0}},{"type":"Feature","geometry":{"type":"Point","coordinates":[116.2,-25.283]},"properties":{"n":"DALGETY DOWNS STATION","i":"YDGT","a":null,"k":null,"maj":0,"e":293,"pr":0,"ppr":0}},{"type":"Feature","geometry":{"type":"Point","coordinates":[135.50917,-26.42333]},"properties":{"n":"DALHOUSIE","i":"YDLH","a":null,"k":null,"maj":0,"e":113,"pr":0,"ppr":0}},{"type":"Feature","geometry":{"type":"Point","coordinates":[116.65,-30.2]},"properties":{"n":"DALWALLINU","i":"YDWU","a":null,"k":null,"maj":0,"e":334,"pr":0,"ppr":0}},{"type":"Feature","geometry":{"type":"Point","coordinates":[146.183,-34.567]},"properties":{"n":"DALLAS","i":"YDAL","a":null,"k":null,"maj":0,"e":131,"pr":0,"ppr":0}},{"type":"Feature","geometry":{"type":"Point","coordinates":[130.694,-13.75]},"properties":{"n":"DALY RIVER","i":"YDMN","a":"DVR","k":null,"maj":0,"e":14,"pr":0,"ppr":0}},{"type":"Feature","geometry":{"type":"Point","coordinates":[148.07111,-42.57194]},"properties":{"n":"DARLINGTON","i":"YDAR","a":null,"k":null,"maj":0,"e":19,"pr":0,"ppr":0}},{"type":"Feature","geometry":{"type":"Point","coordinates":[133.367,-16.25]},"properties":{"n":"DALY WATERS","i":"YDLW","a":"DYW","k":null,"maj":0,"e":212,"pr":0,"ppr":0}},{"type":"Feature","geometry":{"type":"Point","coordinates":[121.27139,-27.87389]},"properties":{"n":"DARLOT","i":"YDLO","a":null,"k":null,"maj":0,"e":461,"pr":0,"ppr":0}},{"type":"Feature","geometry":{"type":"Point","coordinates":[143.583,-32.883]},"properties":{"n":"DARNICK","i":"YDNK","a":null,"k":null,"maj":0,"e":83,"pr":0,"ppr":0}},{"type":"Feature","geometry":{"type":"Point","coordinates":[143.78028,-9.57917]},"properties":{"n":"DARNLEY ISLAND","i":"YDNI","a":"NLF","k":null,"maj":0,"e":46,"pr":0,"ppr":0}},{"type":"Feature","geometry":{"type":"Point","coordinates":[130.87917,-12.41417]},"properties":{"n":"DARWIN","i":"YPDN","a":"DRW","k":null,"maj":0,"e":31,"pr":0,"ppr":0}},{"type":"Feature","geometry":{"type":"Point","coordinates":[134.133,-24.3]},"properties":{"n":"DEEP WELL","i":"YDPW","a":null,"k":null,"maj":0,"e":449,"pr":0,"ppr":0}},{"type":"Feature","geometry":{"type":"Point","coordinates":[141.10861,-24.14861]},"properties":{"n":"DAVENPORT DOWNS","i":"YDPD","a":"DVP","k":null,"maj":0,"e":95,"pr":0,"ppr":0}},{"type":"Feature","geometry":{"type":"Point","coordinates":[119.169,-20.175]},"properties":{"n":"DE GREY HOMESTEAD","i":"YDGY","a":null,"k":null,"maj":0,"e":16,"pr":0,"ppr":0}},{"type":"Feature","geometry":{"type":"Point","coordinates":[119.2875,-25.55833]},"properties":{"n":"DEGRUSSA","i":"YDGU","a":null,"k":null,"maj":0,"e":554,"pr":0,"ppr":0}},{"type":"Feature","geometry":{"type":"Point","coordinates":[131.91833,-15.74694]},"properties":{"n":"DELAMERE RANGE FACILITY","i":"YDWF","a":null,"k":"Military","maj":0,"e":223,"pr":0,"ppr":0}},{"type":"Feature","geometry":{"type":"Point","coordinates":[131.637,-15.62]},"properties":{"n":"DELAMERE STATION","i":"YDMR","a":null,"k":null,"maj":0,"e":274,"pr":0,"ppr":0}},{"type":"Feature","geometry":{"type":"Point","coordinates":[148.942,-37.061]},"properties":{"n":"DELEGATE","i":"YDEG","a":null,"k":null,"maj":0,"e":776,"pr":0,"ppr":0}},{"type":"Feature","geometry":{"type":"Point","coordinates":[130.68694,-12.55028]},"properties":{"n":"DELISSAVILLE","i":"YDLV","a":"DLV","k":null,"maj":0,"e":34,"pr":0,"ppr":0}},{"type":"Feature","geometry":{"type":"Point","coordinates":[134.884,-22.459]},"properties":{"n":"DELMORE DOWNS","i":"YDLD","a":null,"k":null,"maj":0,"e":496,"pr":0,"ppr":0}},{"type":"Feature","geometry":{"type":"Point","coordinates":[141.32194,-16.99222]},"properties":{"n":"DELTA DOWNS","i":"YDLT","a":"DDN","k":null,"maj":0,"e":15,"pr":0,"ppr":0}},{"type":"Feature","geometry":{"type":"Point","coordinates":[144.94639,-35.55889]},"properties":{"n":"DENILIQUIN","i":"YDLQ","a":"DNQ","k":null,"maj":0,"e":96,"pr":0,"ppr":0}},{"type":"Feature","geometry":{"type":"Point","coordinates":[117.39611,-34.94528]},"properties":{"n":"DENMARK","i":"YDEK","a":null,"k":null,"maj":0,"e":60,"pr":0,"ppr":0}},{"type":"Feature","geometry":{"type":"Point","coordinates":[125.187,-31.572]},"properties":{"n":"DEPOT OUTCAMP","i":"YDPT","a":null,"k":null,"maj":0,"e":149,"pr":0,"ppr":0}},{"type":"Feature","geometry":{"type":"Point","coordinates":[120.083,-27.883]},"properties":{"n":"DEPOT SPRINGS","i":"YDPS","a":null,"k":null,"maj":0,"e":447,"pr":0,"ppr":0}},{"type":"Feature","geometry":{"type":"Point","coordinates":[123.66111,-17.37167]},"properties":{"n":"DERBY","i":"YDBY","a":"DRB","k":null,"maj":0,"e":7,"pr":0,"ppr":0}},{"type":"Feature","geometry":{"type":"Point","coordinates":[133.258,-26.433]},"properties":{"n":"DE ROSE HILL","i":"YDRL","a":null,"k":null,"maj":0,"e":416,"pr":0,"ppr":0}},{"type":"Feature","geometry":{"type":"Point","coordinates":[135.333,-22.083]},"properties":{"n":"DERRY DOWNS","i":"YDYD","a":null,"k":null,"maj":0,"e":405,"pr":0,"ppr":0}},{"type":"Feature","geometry":{"type":"Point","coordinates":[143.133,-38.083]},"properties":{"n":"DERRINALLUM","i":"YDER","a":null,"k":null,"maj":0,"e":166,"pr":0,"ppr":0}},{"type":"Feature","geometry":{"type":"Point","coordinates":[140.233,-21.217]},"properties":{"n":"DEVONCOURT","i":"YDEV","a":null,"k":null,"maj":0,"e":279,"pr":0,"ppr":0}},{"type":"Feature","geometry":{"type":"Point","coordinates":[146.43,-41.16778]},"properties":{"n":"DEVONPORT","i":"YDPO","a":"DPO","k":null,"maj":0,"e":10,"pr":0,"ppr":0}},{"type":"Feature","geometry":{"type":"Point","coordinates":[136.537,-12.413]},"properties":{"n":"DHALINBUY","i":"YDHL","a":null,"k":null,"maj":0,"e":77,"pr":0,"ppr":0}},{"type":"Feature","geometry":{"type":"Point","coordinates":[141.145,-23.762]},"properties":{"n":"DIAMANTINA LAKES","i":null,"a":null,"k":null,"maj":0,"e":104,"pr":0,"ppr":0}},{"type":"Feature","geometry":{"type":"Point","coordinates":[119.283,-29.667]},"properties":{"n":"DIEMAL FIND","i":"YDMF","a":null,"k":null,"maj":0,"e":445,"pr":0,"ppr":0}},{"type":"Feature","geometry":{"type":"Point","coordinates":[145.083,-17.133]},"properties":{"n":"DIMBULAH","i":"YDIM","a":null,"k":null,"maj":0,"e":478,"pr":0,"ppr":0}},{"type":"Feature","geometry":{"type":"Point","coordinates":[148.2175,-28.58694]},"properties":{"n":"DIRRANBANDI","i":"YDBI","a":"DRN","k":null,"maj":0,"e":173,"pr":0,"ppr":0}},{"type":"Feature","geometry":{"type":"Point","coordinates":[143.317,-15.083]},"properties":{"n":"DIXIE","i":"YDIX","a":"DXD","k":null,"maj":0,"e":172,"pr":0,"ppr":0}},{"type":"Feature","geometry":{"type":"Point","coordinates":[135.2,-22.617]},"properties":{"n":"DNEIPER","i":"YDPR","a":null,"k":null,"maj":0,"e":480,"pr":0,"ppr":0}},{"type":"Feature","geometry":{"type":"Point","coordinates":[151.20917,-32.64944]},"properties":{"n":"DOCHRA","i":"YDOC","a":null,"k":"Military","maj":0,"e":59,"pr":0,"ppr":0}},{"type":"Feature","geometry":{"type":"Point","coordinates":[129.12222,-24.85944]},"properties":{"n":"DOCKER RIVER","i":"YDVR","a":"DKV","k":null,"maj":0,"e":589,"pr":0,"ppr":0}},{"type":"Feature","geometry":{"type":"Point","coordinates":[147.3775,-38.48722]},"properties":{"n":"DOLPHIN","i":"YUPA","a":null,"k":"Heliport","maj":0,"e":1,"pr":0,"ppr":0}},{"type":"Feature","geometry":{"type":"Point","coordinates":[143.01083,-36.36028]},"properties":{"n":"DONALD","i":"YDOD","a":null,"k":null,"maj":0,"e":125,"pr":0,"ppr":0}},{"type":"Feature","geometry":{"type":"Point","coordinates":[114.9275,-29.29833]},"properties":{"n":"DONGARA","i":"YDRA","a":"DOX","k":null,"maj":0,"e":8,"pr":0,"ppr":0}},{"type":"Feature","geometry":{"type":"Point","coordinates":[146.84278,-19.60194]},"properties":{"n":"DONNINGTON AIRPARK","i":"YDOP","a":null,"k":null,"maj":0,"e":65,"pr":0,"ppr":0}},{"type":"Feature","geometry":{"type":"Point","coordinates":[140.55,-18.717]},"properties":{"n":"DONORS HILL","i":"YDOO","a":null,"k":null,"maj":0,"e":43,"pr":0,"ppr":0}},{"type":"Feature","geometry":{"type":"Point","coordinates":[138.81472,-17.93722]},"properties":{"n":"DOOMADGEE","i":"YDMG","a":"DMD","k":null,"maj":0,"e":48,"pr":0,"ppr":0}},{"type":"Feature","geometry":{"type":"Point","coordinates":[126.3,-15.4]},"properties":{"n":"DOONGAN","i":"YDGN","a":"DNG","k":null,"maj":0,"e":380,"pr":0,"ppr":0}},{"type":"Feature","geometry":{"type":"Point","coordinates":[146.233,-22.067]},"properties":{"n":"DOONGMABULLA","i":"YDNB","a":null,"k":null,"maj":0,"e":247,"pr":0,"ppr":0}},{"type":"Feature","geometry":{"type":"Point","coordinates":[141.82389,-16.55389]},"properties":{"n":"DORUNDA","i":"YDOR","a":"DRD","k":null,"maj":0,"e":27,"pr":0,"ppr":0}},{"type":"Feature","geometry":{"type":"Point","coordinates":[117.05,-31.183]},"properties":{"n":"DOWERIN","i":"YDON","a":null,"k":null,"maj":0,"e":314,"pr":0,"ppr":0}},{"type":"Feature","geometry":{"type":"Point","coordinates":[145.83,-38.20889]},"properties":{"n":"DROUIN","i":"YDRN","a":null,"k":null,"maj":0,"e":105,"pr":0,"ppr":0}},{"type":"Feature","geometry":{"type":"Point","coordinates":[143.012,-16.053]},"properties":{"n":"DRUMDUFF","i":"YDDF","a":"DFP","k":null,"maj":0,"e":95,"pr":0,"ppr":0}},{"type":"Feature","geometry":{"type":"Point","coordinates":[126.38167,-15.71306]},"properties":{"n":"DRYSDALE RIVER","i":"YDRD","a":"DRY","k":null,"maj":0,"e":383,"pr":0,"ppr":0}},{"type":"Feature","geometry":{"type":"Point","coordinates":[122.29583,-27.9775]},"properties":{"n":"DUKETON","i":"YDUK","a":null,"k":null,"maj":0,"e":480,"pr":0,"ppr":0}},{"type":"Feature","geometry":{"type":"Point","coordinates":[148.57611,-32.21833]},"properties":{"n":"DUBBO","i":"YSDU","a":"DBO","k":null,"maj":0,"e":285,"pr":0,"ppr":0}},{"type":"Feature","geometry":{"type":"Point","coordinates":[149.72972,-26.64222]},"properties":{"n":"DULACCA","i":"YDLC","a":null,"k":null,"maj":0,"e":338,"pr":0,"ppr":0}},{"type":"Feature","geometry":{"type":"Point","coordinates":[122.33583,-27.60167]},"properties":{"n":"DUKETON GOLD","i":"YDKG","a":null,"k":null,"maj":0,"e":537,"pr":0,"ppr":0}},{"type":"Feature","geometry":{"type":"Point","coordinates":[140.882,-28.133]},"properties":{"n":"DULLINGARI","i":"YDGI","a":null,"k":null,"maj":0,"e":92,"pr":0,"ppr":0}},{"type":"Feature","geometry":{"type":"Point","coordinates":[138.481,-29.013]},"properties":{"n":"DULKANINNA","i":"YDLK","a":"DLK","k":null,"maj":0,"e":33,"pr":0,"ppr":0}},{"type":"Feature","geometry":{"type":"Point","coordinates":[150.2667,-23.9549]},"properties":{"n":"DULULU","i":null,"a":null,"k":"Glider site","maj":0,"e":114,"pr":0,"ppr":0}},{"type":"Feature","geometry":{"type":"Point","coordinates":[117.74389,-33.3225]},"properties":{"n":"DUMBLEYUNG","i":"YDUM","a":null,"k":null,"maj":0,"e":283,"pr":0,"ppr":0}},{"type":"Feature","geometry":{"type":"Point","coordinates":[142.39444,-16.0475]},"properties":{"n":"DUNBAR","i":"YDBR","a":"DNB","k":null,"maj":0,"e":49,"pr":0,"ppr":0}},{"type":"Feature","geometry":{"type":"Point","coordinates":[146.14139,-17.93917]},"properties":{"n":"DUNK ISLAND","i":"YDKI","a":"DKI","k":null,"maj":0,"e":6,"pr":0,"ppr":0}},{"type":"Feature","geometry":{"type":"Point","coordinates":[150.87639,-30.65806]},"properties":{"n":"DUNMORE MANILA","i":"YDNR","a":null,"k":null,"maj":0,"e":424,"pr":0,"ppr":0}},{"type":"Feature","geometry":{"type":"Point","coordinates":[143.7,-36.85]},"properties":{"n":"DUNOLLY","i":"YDLL","a":null,"k":null,"maj":0,"e":226,"pr":0,"ppr":0}},{"type":"Feature","geometry":{"type":"Point","coordinates":[153.4275,-27.51889]},"properties":{"n":"DUNWICH","i":"YDUN","a":"SRR","k":null,"maj":0,"e":76,"pr":0,"ppr":0}},{"type":"Feature","geometry":{"type":"Point","coordinates":[141.89972,-27.07389]},"properties":{"n":"DURHAM DOWNS","i":"YDRH","a":"DHD","k":null,"maj":0,"e":93,"pr":0,"ppr":0}},{"type":"Feature","geometry":{"type":"Point","coordinates":[140.22806,-25.68361]},"properties":{"n":"DURRIE","i":"YDRI","a":"DRR","k":null,"maj":0,"e":58,"pr":0,"ppr":0}},{"type":"Feature","geometry":{"type":"Point","coordinates":[116.075,-32.693]},"properties":{"n":"DWELLINGUP","i":"YDWG","a":null,"k":null,"maj":0,"e":280,"pr":0,"ppr":0}},{"type":"Feature","geometry":{"type":"Point","coordinates":[144.35,-28.1]},"properties":{"n":"DYNEVOR DOWNS","i":"YDNV","a":null,"k":null,"maj":0,"e":148,"pr":0,"ppr":0}},{"type":"Feature","geometry":{"type":"Point","coordinates":[121.583,-25.6]},"properties":{"n":"EARAHEEDY","i":"YERH","a":null,"k":null,"maj":0,"e":521,"pr":0,"ppr":0}},{"type":"Feature","geometry":{"type":"Point","coordinates":[148.36333,-22.62278]},"properties":{"n":"DYSART","i":"YDYS","a":"DYA","k":null,"maj":0,"e":208,"pr":0,"ppr":0}},{"type":"Feature","geometry":{"type":"Point","coordinates":[145.722,-36.596]},"properties":{"n":"EARLSTON","i":"YELS","a":null,"k":null,"maj":0,"e":166,"pr":0,"ppr":0}},{"type":"Feature","geometry":{"type":"Point","coordinates":[120.31194,-30.76944]},"properties":{"n":"EAST JAURDI","i":"YEJI","a":null,"k":null,"maj":0,"e":441,"pr":0,"ppr":0}},{"type":"Feature","geometry":{"type":"Point","coordinates":[147.14972,-38.09972]},"properties":{"n":"EAST SALE","i":"YMES","a":null,"k":"Military","maj":0,"e":7,"pr":0,"ppr":0}},{"type":"Feature","geometry":{"type":"Point","coordinates":[144.76222,-36.16278]},"properties":{"n":"ECHUCA","i":"YECH","a":"ECH","k":null,"maj":0,"e":98,"pr":0,"ppr":0}},{"type":"Feature","geometry":{"type":"Point","coordinates":[122.12667,-18.32333]},"properties":{"n":"ECO BEACH","i":"YECB","a":null,"k":null,"maj":0,"e":23,"pr":0,"ppr":0}},{"type":"Feature","geometry":{"type":"Point","coordinates":[141.267,-37.017]},"properties":{"n":"EDENHOPE","i":"YEDE","a":null,"k":null,"maj":0,"e":159,"pr":0,"ppr":0}},{"type":"Feature","geometry":{"type":"Point","coordinates":[138.61583,-34.70389]},"properties":{"n":"EDINBURGH","i":"YPED","a":null,"k":"Military","maj":0,"e":20,"pr":0,"ppr":0}},{"type":"Feature","geometry":{"type":"Point","coordinates":[116.1,-23.75]},"properties":{"n":"EDMUND STATION","i":"YEDM","a":null,"k":null,"maj":0,"e":342,"pr":0,"ppr":0}},{"type":"Feature","geometry":{"type":"Point","coordinates":[145.833,-37.208]},"properties":{"n":"EILDON WEIR","i":"YELW","a":null,"k":null,"maj":0,"e":546,"pr":0,"ppr":0}},{"type":"Feature","geometry":{"type":"Point","coordinates":[151.10889,-25.36111]},"properties":{"n":"EIDSVOLD","i":"YESD","a":null,"k":null,"maj":0,"e":265,"pr":0,"ppr":0}},{"type":"Feature","geometry":{"type":"Point","coordinates":[135.57444,-12.01917]},"properties":{"n":"ELCHO ISLAND","i":"YELD","a":"ELC","k":null,"maj":0,"e":31,"pr":0,"ppr":0}},{"type":"Feature","geometry":{"type":"Point","coordinates":[144.094,-18.503]},"properties":{"n":"EINASLEIGH","i":"YEIN","a":"EIH","k":null,"maj":0,"e":453,"pr":0,"ppr":0}},{"type":"Feature","geometry":{"type":"Point","coordinates":[151.34,-32.6]},"properties":{"n":"ELDERSLIE","i":"YEES","a":null,"k":null,"maj":0,"e":34,"pr":0,"ppr":0}},{"type":"Feature","geometry":{"type":"Point","coordinates":[116.88722,-22.42889]},"properties":{"n":"ELIWANA","i":"YEWA","a":"WHB","k":null,"maj":0,"e":481,"pr":0,"ppr":0}},{"type":"Feature","geometry":{"type":"Point","coordinates":[147.97694,-31.86444]},"properties":{"n":"ELENGERAH","i":null,"a":null,"k":null,"maj":0,"e":205,"pr":0,"ppr":0}},{"type":"Feature","geometry":{"type":"Point","coordinates":[115.86167,-31.96694]},"properties":{"n":"ELIZABETH QUAY","i":"YEQY","a":null,"k":"Water","maj":0,"e":1,"pr":0,"ppr":0}},{"type":"Feature","geometry":{"type":"Point","coordinates":[135.444,-21.172]},"properties":{"n":"ELKEDRA","i":null,"a":null,"k":null,"maj":0,"e":359,"pr":0,"ppr":0}},{"type":"Feature","geometry":{"type":"Point","coordinates":[135.433,-21.167]},"properties":{"n":"ELKEDRA","i":"YELK","a":"EKD","k":null,"maj":0,"e":364,"pr":0,"ppr":0}},{"type":"Feature","geometry":{"type":"Point","coordinates":[133.53,-17.527]},"properties":{"n":"ELLIOTT","i":"YELL","a":null,"k":null,"maj":0,"e":217,"pr":0,"ppr":0}},{"type":"Feature","geometry":{"type":"Point","coordinates":[134.89972,-33.63917]},"properties":{"n":"ELLISTON","i":"YELN","a":null,"k":null,"maj":0,"e":6,"pr":0,"ppr":0}},{"type":"Feature","geometry":{"type":"Point","coordinates":[152.22389,-25.04833]},"properties":{"n":"ELLIOTT FIELD","i":null,"a":null,"k":"Glider site","maj":0,"e":74,"pr":0,"ppr":0}},{"type":"Feature","geometry":{"type":"Point","coordinates":[144.65,-36.483]},"properties":{"n":"ELMORE","i":"YELM","a":null,"k":null,"maj":0,"e":128,"pr":0,"ppr":0}},{"type":"Feature","geometry":{"type":"Point","coordinates":[127.975,-16.008]},"properties":{"n":"EL QUESTRO","i":"YEQO","a":null,"k":null,"maj":0,"e":136,"pr":0,"ppr":0}},{"type":"Feature","geometry":{"type":"Point","coordinates":[141.00722,-20.97722]},"properties":{"n":"ELROSE","i":"YESE","a":"ERQ","k":null,"maj":0,"e":194,"pr":0,"ppr":0}},{"type":"Feature","geometry":{"type":"Point","coordinates":[148.18,-23.56944]},"properties":{"n":"EMERALD","i":"YEML","a":"EMD","k":null,"maj":0,"e":190,"pr":0,"ppr":0}},{"type":"Feature","geometry":{"type":"Point","coordinates":[131.05278,-12.61]},"properties":{"n":"EMKAYTEE","i":"YMKT","a":null,"k":null,"maj":0,"e":24,"pr":0,"ppr":0}},{"type":"Feature","geometry":{"type":"Point","coordinates":[132.183,-28.633]},"properties":{"n":"EMU JUNCTION","i":"YEMJ","a":null,"k":null,"maj":0,"e":273,"pr":0,"ppr":0}},{"type":"Feature","geometry":{"type":"Point","coordinates":[150.81444,-23.255]},"properties":{"n":"EMU PARK","i":"YEMP","a":null,"k":null,"maj":0,"e":17,"pr":0,"ppr":0}},{"type":"Feature","geometry":{"type":"Point","coordinates":[115.246,-29.832]},"properties":{"n":"ENEABBA","i":"YEEB","a":"ENB","k":null,"maj":0,"e":83,"pr":0,"ppr":0}},{"type":"Feature","geometry":{"type":"Point","coordinates":[152.97167,-27.4275]},"properties":{"n":"ENOGGERA","i":"YENO","a":null,"k":"Heliport","maj":0,"e":68,"pr":0,"ppr":0}},{"type":"Feature","geometry":{"type":"Point","coordinates":[145.833,-29.317]},"properties":{"n":"ENGONNIA","i":"YEGA","a":null,"k":null,"maj":0,"e":135,"pr":0,"ppr":0}},{"type":"Feature","geometry":{"type":"Point","coordinates":[135.267,-20.433]},"properties":{"n":"EPENARRA","i":"YEPR","a":null,"k":null,"maj":0,"e":303,"pr":0,"ppr":0}},{"type":"Feature","geometry":{"type":"Point","coordinates":[151.36861,-33.44083]},"properties":{"n":"ERINA","i":"YEHP","a":null,"k":"Heliport","maj":0,"e":1,"pr":0,"ppr":0}},{"type":"Feature","geometry":{"type":"Point","coordinates":[141.2,-28.283]},"properties":{"n":"EPSILON","i":"YEPL","a":null,"k":null,"maj":0,"e":118,"pr":0,"ppr":0}},{"type":"Feature","geometry":{"type":"Point","coordinates":[133.25444,-25.20611]},"properties":{"n":"ERLDUNDA","i":"YERL","a":"EDD","k":null,"maj":0,"e":413,"pr":0,"ppr":0}},{"type":"Feature","geometry":{"type":"Point","coordinates":[132.17694,-26.265]},"properties":{"n":"ERNABELLA","i":"YERN","a":"ERB","k":null,"maj":0,"e":707,"pr":0,"ppr":0}},{"type":"Feature","geometry":{"type":"Point","coordinates":[143.26222,-26.70444]},"properties":{"n":"EROMANGA","i":"YEMG","a":null,"k":null,"maj":0,"e":166,"pr":0,"ppr":0}},{"type":"Feature","geometry":{"type":"Point","coordinates":[116.667,-25.567]},"properties":{"n":"ERONG STATION","i":"YERO","a":null,"k":null,"maj":0,"e":399,"pr":0,"ppr":0}},{"type":"Feature","geometry":{"type":"Point","coordinates":[117.167,-25.5]},"properties":{"n":"ERRABIDDY HOMESTEAD","i":"YERA","a":null,"k":null,"maj":0,"e":436,"pr":0,"ppr":0}},{"type":"Feature","geometry":{"type":"Point","coordinates":[139.425,-31.434]},"properties":{"n":"ERUDINA","i":"YERU","a":null,"k":null,"maj":0,"e":71,"pr":0,"ppr":0}},{"type":"Feature","geometry":{"type":"Point","coordinates":[121.82194,-33.68222]},"properties":{"n":"ESPERANCE","i":"YESP","a":"EPR","k":null,"maj":0,"e":143,"pr":0,"ppr":0}},{"type":"Feature","geometry":{"type":"Point","coordinates":[139.417,-17.725]},"properties":{"n":"ESCOTT","i":"YESC","a":null,"k":null,"maj":0,"e":15,"pr":0,"ppr":0}},{"type":"Feature","geometry":{"type":"Point","coordinates":[138.589,-28.741]},"properties":{"n":"ETADUNNA","i":"YEDA","a":"ETD","k":null,"maj":0,"e":16,"pr":0,"ppr":0}},{"type":"Feature","geometry":{"type":"Point","coordinates":[146.45,-33.117]},"properties":{"n":"EUABALONG","i":"YEAB","a":null,"k":null,"maj":0,"e":160,"pr":0,"ppr":0}},{"type":"Feature","geometry":{"type":"Point","coordinates":[128.883,-31.7]},"properties":{"n":"EUCLA","i":"YECL","a":"EUC","k":null,"maj":0,"e":10,"pr":0,"ppr":0}},{"type":"Feature","geometry":{"type":"Point","coordinates":[115.6,-24.45]},"properties":{"n":"EUDAMULLA STATION","i":"YEUD","a":null,"k":null,"maj":0,"e":230,"pr":0,"ppr":0}},{"type":"Feature","geometry":{"type":"Point","coordinates":[145.04194,-28.16833]},"properties":{"n":"EULO","i":"YEUO","a":null,"k":null,"maj":0,"e":152,"pr":0,"ppr":0}},{"type":"Feature","geometry":{"type":"Point","coordinates":[148.175,-31.033]},"properties":{"n":"EULALIA","i":"YEUL","a":null,"k":null,"maj":0,"e":180,"pr":0,"ppr":0}},{"type":"Feature","geometry":{"type":"Point","coordinates":[145.51278,-36.74389]},"properties":{"n":"EUROA","i":"YEUA","a":null,"k":null,"maj":0,"e":171,"pr":0,"ppr":0}},{"type":"Feature","geometry":{"type":"Point","coordinates":[134.863,-18.001]},"properties":{"n":"EVA DOWNS","i":"YEVA","a":"EVD","k":null,"maj":0,"e":215,"pr":0,"ppr":0}},{"type":"Feature","geometry":{"type":"Point","coordinates":[153.41944,-29.09972]},"properties":{"n":"EVANS HEAD","i":"YEVD","a":"EVH","k":null,"maj":0,"e":6,"pr":0,"ppr":0}},{"type":"Feature","geometry":{"type":"Point","coordinates":[134.488,-28.205]},"properties":{"n":"EVELYN DOWNS","i":"YEYD","a":null,"k":null,"maj":0,"e":184,"pr":0,"ppr":0}},{"type":"Feature","geometry":{"type":"Point","coordinates":[132.717,-27.017]},"properties":{"n":"EVERARD PARK","i":"YEVP","a":null,"k":null,"maj":0,"e":491,"pr":0,"ppr":0}},{"type":"Feature","geometry":{"type":"Point","coordinates":[114.10222,-22.04139]},"properties":{"n":"EXMOUTH","i":"YEXM","a":"EXM","k":null,"maj":0,"e":3,"pr":0,"ppr":0}},{"type":"Feature","geometry":{"type":"Point","coordinates":[127.181,-13.981]},"properties":{"n":"FARAWAY BAY","i":"YFWY","a":null,"k":null,"maj":0,"e":116,"pr":0,"ppr":0}},{"type":"Feature","geometry":{"type":"Point","coordinates":[148.72,-32.789]},"properties":{"n":"FAIRVIEW","i":"YFVW","a":null,"k":null,"maj":0,"e":409,"pr":0,"ppr":0}},{"type":"Feature","geometry":{"type":"Point","coordinates":[138.767,-33.833]},"properties":{"n":"FARRELL FLAT","i":"YFFT","a":null,"k":null,"maj":0,"e":406,"pr":0,"ppr":0}},{"type":"Feature","geometry":{"type":"Point","coordinates":[134.583,-25.595]},"properties":{"n":"FINKE","i":"YFNE","a":"FIK","k":null,"maj":0,"e":277,"pr":0,"ppr":0}},{"type":"Feature","geometry":{"type":"Point","coordinates":[147.37361,-35.01306]},"properties":{"n":"FEDERATION","i":"YFDN","a":null,"k":null,"maj":0,"e":216,"pr":0,"ppr":0}},{"type":"Feature","geometry":{"type":"Point","coordinates":[145.55,-35.667]},"properties":{"n":"FINLEY","i":"YFIL","a":"FLY","k":null,"maj":0,"e":110,"pr":0,"ppr":0}},{"type":"Feature","geometry":{"type":"Point","coordinates":[146.053,-38.715]},"properties":{"n":"FISH CREEK","i":"YFCK","a":null,"k":null,"maj":0,"e":60,"pr":0,"ppr":0}},{"type":"Feature","geometry":{"type":"Point","coordinates":[144.221,-37.678]},"properties":{"n":"FISKVILLE","i":"YFSK","a":null,"k":null,"maj":0,"e":446,"pr":0,"ppr":0}},{"type":"Feature","geometry":{"type":"Point","coordinates":[125.55972,-18.18361]},"properties":{"n":"FITZROY CROSSING","i":"YFTZ","a":"FIZ","k":null,"maj":0,"e":112,"pr":0,"ppr":0}},{"type":"Feature","geometry":{"type":"Point","coordinates":[147.98889,-40.08917]},"properties":{"n":"FLINDERS ISLAND","i":"YFLI","a":"FLS","k":null,"maj":0,"e":10,"pr":0,"ppr":0}},{"type":"Feature","geometry":{"type":"Point","coordinates":[134.517,-33.7]},"properties":{"n":"FLINDERS ISLAND","i":"YFLS","a":null,"k":null,"maj":0,"e":26,"pr":0,"ppr":0}},{"type":"Feature","geometry":{"type":"Point","coordinates":[128.417,-18.283]},"properties":{"n":"FLORA VALLEY","i":"YFLO","a":"FVL","k":null,"maj":0,"e":370,"pr":0,"ppr":0}},{"type":"Feature","geometry":{"type":"Point","coordinates":[148.43944,-38.31139]},"properties":{"n":"FLOUNDER","i":"YULX","a":null,"k":"Heliport","maj":0,"e":1,"pr":0,"ppr":0}},{"type":"Feature","geometry":{"type":"Point","coordinates":[147.92778,-33.36278]},"properties":{"n":"FORBES","i":"YFBS","a":"FRB","k":null,"maj":0,"e":232,"pr":0,"ppr":0}},{"type":"Feature","geometry":{"type":"Point","coordinates":[128.11278,-30.83972]},"properties":{"n":"FORREST","i":"YFRT","a":"FOS","k":null,"maj":0,"e":156,"pr":0,"ppr":0}},{"type":"Feature","geometry":{"type":"Point","coordinates":[119.70778,-32.58222]},"properties":{"n":"FORRESTANIA","i":"YFTA","a":null,"k":null,"maj":0,"e":416,"pr":0,"ppr":0}},{"type":"Feature","geometry":{"type":"Point","coordinates":[143.569,-18.585]},"properties":{"n":"FORSAYTH","i":"YFSA","a":null,"k":null,"maj":0,"e":410,"pr":0,"ppr":0}},{"type":"Feature","geometry":{"type":"Point","coordinates":[152.479,-32.204]},"properties":{"n":"FORSTER","i":"YFST","a":"FOT","k":null,"maj":0,"e":1,"pr":0,"ppr":0}},{"type":"Feature","geometry":{"type":"Point","coordinates":[148.27806,-38.4075]},"properties":{"n":"FORTESCUE","i":"YUSU","a":null,"k":"Heliport","maj":0,"e":1,"pr":0,"ppr":0}},{"type":"Feature","geometry":{"type":"Point","coordinates":[119.43833,-22.29139]},"properties":{"n":"FORTESCUE DAVE FORREST","i":"YFDF","a":"KFE","k":null,"maj":0,"e":477,"pr":0,"ppr":0}},{"type":"Feature","geometry":{"type":"Point","coordinates":[116.133,-21.3]},"properties":{"n":"FORTESCUE RIVER","i":"YFCU","a":null,"k":null,"maj":0,"e":56,"pr":0,"ppr":0}},{"type":"Feature","geometry":{"type":"Point","coordinates":[118.367,-25.333]},"properties":{"n":"FORTNUM","i":"YFOR","a":null,"k":null,"maj":0,"e":505,"pr":0,"ppr":0}},{"type":"Feature","geometry":{"type":"Point","coordinates":[117.026,-34.423]},"properties":{"n":"FRANKLAND","i":"YFRK","a":null,"k":null,"maj":0,"e":244,"pr":0,"ppr":0}},{"type":"Feature","geometry":{"type":"Point","coordinates":[132.01778,-26.77444]},"properties":{"n":"FREGON","i":"YFRG","a":null,"k":null,"maj":0,"e":528,"pr":0,"ppr":0}},{"type":"Feature","geometry":{"type":"Point","coordinates":[116.952,-34.348]},"properties":{"n":"FRANKLAND VALLEY VINEYARD","i":null,"a":null,"k":null,"maj":0,"e":251,"pr":0,"ppr":0}},{"type":"Feature","geometry":{"type":"Point","coordinates":[148.259,-42]},"properties":{"n":"FRIENDLY BEACHES","i":"YFRI","a":null,"k":null,"maj":0,"e":10,"pr":0,"ppr":0}},{"type":"Feature","geometry":{"type":"Point","coordinates":[139.75,-31.217]},"properties":{"n":"FROME DOWNS","i":"YFRD","a":null,"k":null,"maj":0,"e":46,"pr":0,"ppr":0}},{"type":"Feature","geometry":{"type":"Point","coordinates":[143.667,-16.55]},"properties":{"n":"GAMBOOLA","i":"YGAM","a":"GBP","k":null,"maj":0,"e":136,"pr":0,"ppr":0}},{"type":"Feature","geometry":{"type":"Point","coordinates":[115.685,-32.24083]},"properties":{"n":"GARDEN ISLAND","i":"YGAD","a":null,"k":"Heliport","maj":0,"e":9,"pr":0,"ppr":0}},{"type":"Feature","geometry":{"type":"Point","coordinates":[115.2,-25.05]},"properties":{"n":"GASCOYNE JUNCTION","i":"YGSC","a":"GSC","k":null,"maj":0,"e":143,"pr":0,"ppr":0}},{"type":"Feature","geometry":{"type":"Point","coordinates":[149.91139,-37.56583]},"properties":{"n":"GABO ISLAND","i":"YGBO","a":null,"k":null,"maj":0,"e":29,"pr":0,"ppr":0}},{"type":"Feature","geometry":{"type":"Point","coordinates":[142.45,-20.25]},"properties":{"n":"GALDEVILLE","i":"YGDV","a":null,"k":null,"maj":0,"e":193,"pr":0,"ppr":0}},{"type":"Feature","geometry":{"type":"Point","coordinates":[143.53083,-18.30278]},"properties":{"n":"GEORGETOWN","i":"YGTN","a":"GTT","k":null,"maj":0,"e":303,"pr":0,"ppr":0}},{"type":"Feature","geometry":{"type":"Point","coordinates":[142.667,-25.183]},"properties":{"n":"GALWAY DOWNS","i":"YGWD","a":null,"k":null,"maj":0,"e":136,"pr":0,"ppr":0}},{"type":"Feature","geometry":{"type":"Point","coordinates":[130.42556,-11.39972]},"properties":{"n":"GARDEN POINT","i":"YGPT","a":"GPN","k":null,"maj":0,"e":27,"pr":0,"ppr":0}},{"type":"Feature","geometry":{"type":"Point","coordinates":[137.917,-19.117]},"properties":{"n":"GALLIPOLLI","i":"YGLP","a":null,"k":null,"maj":0,"e":265,"pr":0,"ppr":0}},{"type":"Feature","geometry":{"type":"Point","coordinates":[135.95,-13.067]},"properties":{"n":"GAN GAN","i":"YGAN","a":null,"k":null,"maj":0,"e":17,"pr":0,"ppr":0}},{"type":"Feature","geometry":{"type":"Point","coordinates":[152.257,-27.59]},"properties":{"n":"GATTON AIRPARK","i":"YGAS","a":null,"k":null,"maj":0,"e":126,"pr":0,"ppr":0}},{"type":"Feature","geometry":{"type":"Point","coordinates":[138.72222,-34.59806]},"properties":{"n":"GAWLER","i":"YGAW","a":null,"k":null,"maj":0,"e":50,"pr":0,"ppr":0}},{"type":"Feature","geometry":{"type":"Point","coordinates":[146.83944,-41.07944]},"properties":{"n":"GEORGETOWN","i":"YGTO","a":"GEE","k":null,"maj":0,"e":42,"pr":0,"ppr":0}},{"type":"Feature","geometry":{"type":"Point","coordinates":[119.405,-27.27]},"properties":{"n":"GIDGEE","i":"YGID","a":null,"k":null,"maj":0,"e":524,"pr":0,"ppr":0}},{"type":"Feature","geometry":{"type":"Point","coordinates":[151.62083,-25.61583]},"properties":{"n":"GAYNDAH","i":"YGAY","a":"GAH","k":null,"maj":0,"e":112,"pr":0,"ppr":0}},{"type":"Feature","geometry":{"type":"Point","coordinates":[116.217,-24.05]},"properties":{"n":"GIFFORD CREEK STATION","i":"YGIF","a":null,"k":null,"maj":0,"e":322,"pr":0,"ppr":0}},{"type":"Feature","geometry":{"type":"Point","coordinates":[114.70583,-28.79778]},"properties":{"n":"GERALDTON","i":"YGEL","a":"GET","k":null,"maj":0,"e":37,"pr":0,"ppr":0}},{"type":"Feature","geometry":{"type":"Point","coordinates":[126.44611,-16.41861]},"properties":{"n":"GIBB RIVER","i":"YGIB","a":"GBV","k":null,"maj":0,"e":509,"pr":0,"ppr":0}},{"type":"Feature","geometry":{"type":"Point","coordinates":[128.2925,-25.04111]},"properties":{"n":"GILES","i":"YGLS","a":null,"k":null,"maj":0,"e":579,"pr":0,"ppr":0}},{"type":"Feature","geometry":{"type":"Point","coordinates":[119.167,-23.267]},"properties":{"n":"GILES POINT","i":"YGPI","a":null,"k":null,"maj":0,"e":722,"pr":0,"ppr":0}},{"type":"Feature","geometry":{"type":"Point","coordinates":[120.03583,-22.58167]},"properties":{"n":"GINBATA","i":"YGIA","a":"GBW","k":null,"maj":0,"e":432,"pr":0,"ppr":0}},{"type":"Feature","geometry":{"type":"Point","coordinates":[148.63639,-31.69694]},"properties":{"n":"GILGANDRA","i":"YGIL","a":null,"k":null,"maj":0,"e":289,"pr":0,"ppr":0}},{"type":"Feature","geometry":{"type":"Point","coordinates":[114.367,-22.683]},"properties":{"n":"GIRALIA","i":"YGIR","a":null,"k":null,"maj":0,"e":25,"pr":0,"ppr":0}},{"type":"Feature","geometry":{"type":"Point","coordinates":[115.86306,-31.46444]},"properties":{"n":"GINGIN","i":"YGIG","a":null,"k":"Military","maj":0,"e":75,"pr":0,"ppr":0}},{"type":"Feature","geometry":{"type":"Point","coordinates":[151.22528,-23.86972]},"properties":{"n":"GLADSTONE","i":"YGLA","a":"GLT","k":null,"maj":0,"e":18,"pr":0,"ppr":0}},{"type":"Feature","geometry":{"type":"Point","coordinates":[143.10611,-38.66028]},"properties":{"n":"GLENAMPLE","i":"YGHP","a":null,"k":"Heliport","maj":0,"e":59,"pr":0,"ppr":0}},{"type":"Feature","geometry":{"type":"Point","coordinates":[122.05,-25.283]},"properties":{"n":"GLENAYLE HOMESTEAD","i":"YGLY","a":null,"k":null,"maj":0,"e":536,"pr":0,"ppr":0}},{"type":"Feature","geometry":{"type":"Point","coordinates":[150.63611,-33.76167]},"properties":{"n":"GLENBROOK","i":"YGBK","a":null,"k":"Heliport","maj":0,"e":195,"pr":0,"ppr":0}},{"type":"Feature","geometry":{"type":"Point","coordinates":[135.775,-30.967]},"properties":{"n":"GLENDAMBO","i":"YGLD","a":null,"k":null,"maj":0,"e":146,"pr":0,"ppr":0}},{"type":"Feature","geometry":{"type":"Point","coordinates":[148.2,-31.617]},"properties":{"n":"GLENCOE","i":"YGLN","a":null,"k":null,"maj":0,"e":223,"pr":0,"ppr":0}},{"type":"Feature","geometry":{"type":"Point","coordinates":[147.012,-43.23]},"properties":{"n":"GLENDEVIE","i":"YGVE","a":null,"k":null,"maj":0,"e":81,"pr":0,"ppr":0}},{"type":"Feature","geometry":{"type":"Point","coordinates":[143.283,-14.867]},"properties":{"n":"GLEN GARLAND","i":"YGGL","a":null,"k":null,"maj":0,"e":225,"pr":0,"ppr":0}},{"type":"Feature","geometry":{"type":"Point","coordinates":[139.6,-24.808]},"properties":{"n":"GLENGYLE","i":"YGLE","a":"GLG","k":null,"maj":0,"e":28,"pr":0,"ppr":0}},{"type":"Feature","geometry":{"type":"Point","coordinates":[145.133,-18.267]},"properties":{"n":"GLEN HARDING","i":"YGHG","a":null,"k":null,"maj":0,"e":650,"pr":0,"ppr":0}},{"type":"Feature","geometry":{"type":"Point","coordinates":[151.68944,-29.67306]},"properties":{"n":"GLEN INNES","i":"YGLI","a":"GLI","k":null,"maj":0,"e":1046,"pr":0,"ppr":0}},{"type":"Feature","geometry":{"type":"Point","coordinates":[138.82167,-22.88917]},"properties":{"n":"GLENORMISTON","i":"YGLO","a":"GLM","k":null,"maj":0,"e":158,"pr":0,"ppr":0}},{"type":"Feature","geometry":{"type":"Point","coordinates":[145.4,-18.083]},"properties":{"n":"GLEN RUTH","i":"YGRU","a":null,"k":null,"maj":0,"e":651,"pr":0,"ppr":0}},{"type":"Feature","geometry":{"type":"Point","coordinates":[113.529,-23.792]},"properties":{"n":"GNARALOO STATION","i":"YGAR","a":null,"k":null,"maj":0,"e":3,"pr":0,"ppr":0}},{"type":"Feature","geometry":{"type":"Point","coordinates":[151.97611,-32.05333]},"properties":{"n":"GLOUCESTER","i":"YGCR","a":null,"k":null,"maj":0,"e":114,"pr":0,"ppr":0}},{"type":"Feature","geometry":{"type":"Point","coordinates":[144.1075,-38.165]},"properties":{"n":"GNARWARRE","i":"YGNE","a":null,"k":null,"maj":0,"e":113,"pr":0,"ppr":0}},{"type":"Feature","geometry":{"type":"Point","coordinates":[118.01222,-33.97806]},"properties":{"n":"GNOWANGERUP","i":"YGNW","a":null,"k":null,"maj":0,"e":276,"pr":0,"ppr":0}},{"type":"Feature","geometry":{"type":"Point","coordinates":[153.50694,-28.16639]},"properties":{"n":"GOLD COAST","i":"YBCG","a":"OOL","k":null,"maj":1,"e":6,"pr":0,"ppr":0}},{"type":"Feature","geometry":{"type":"Point","coordinates":[116.97139,-28.76417]},"properties":{"n":"GOLDEN GROVE","i":"YGGE","a":null,"k":null,"maj":0,"e":360,"pr":0,"ppr":0}},{"type":"Feature","geometry":{"type":"Point","coordinates":[147.38472,-29.07278]},"properties":{"n":"GOODOOGA","i":"YGDA","a":null,"k":null,"maj":0,"e":140,"pr":0,"ppr":0}},{"type":"Feature","geometry":{"type":"Point","coordinates":[145.71611,-33.99639]},"properties":{"n":"GOOLGOWI","i":"YGGI","a":null,"k":null,"maj":0,"e":114,"pr":0,"ppr":0}},{"type":"Feature","geometry":{"type":"Point","coordinates":[138.74444,-35.48]},"properties":{"n":"GOOLWA","i":"YGWA","a":null,"k":null,"maj":0,"e":32,"pr":0,"ppr":0}},{"type":"Feature","geometry":{"type":"Point","coordinates":[116.883,-31.367]},"properties":{"n":"GOOMALLING","i":"YGOM","a":null,"k":null,"maj":0,"e":265,"pr":0,"ppr":0}},{"type":"Feature","geometry":{"type":"Point","coordinates":[133.667,-12.1]},"properties":{"n":"GOOMADEER","i":"YGMD","a":null,"k":null,"maj":0,"e":19,"pr":0,"ppr":0}},{"type":"Feature","geometry":{"type":"Point","coordinates":[150.917,-31.317]},"properties":{"n":"GOONOO GOONOO","i":"YGGO","a":null,"k":null,"maj":0,"e":461,"pr":0,"ppr":0}},{"type":"Feature","geometry":{"type":"Point","coordinates":[150.32028,-28.5225]},"properties":{"n":"GOONDIWINDI","i":"YGDI","a":"GOO","k":null,"maj":0,"e":218,"pr":0,"ppr":0}},{"type":"Feature","geometry":{"type":"Point","coordinates":[128.592,-18.678]},"properties":{"n":"GORDON DOWNS","i":"YGDN","a":"GDD","k":null,"maj":0,"e":244,"pr":0,"ppr":0}},{"type":"Feature","geometry":{"type":"Point","coordinates":[149.72694,-34.80944]},"properties":{"n":"GOULBURN","i":"YGLB","a":"GUL","k":null,"maj":0,"e":653,"pr":0,"ppr":0}},{"type":"Feature","geometry":{"type":"Point","coordinates":[136.8175,-12.26917]},"properties":{"n":"GOVE","i":"YPGV","a":"GOV","k":null,"maj":0,"e":62,"pr":0,"ppr":0}},{"type":"Feature","geometry":{"type":"Point","coordinates":[153.03111,-29.755]},"properties":{"n":"GRAFTON","i":"YGFN","a":"GFN","k":null,"maj":0,"e":34,"pr":0,"ppr":0}},{"type":"Feature","geometry":{"type":"Point","coordinates":[142.283,-37.05]},"properties":{"n":"GRAMPIANS","i":"YGMP","a":null,"k":null,"maj":0,"e":220,"pr":0,"ppr":0}},{"type":"Feature","geometry":{"type":"Point","coordinates":[140.367,-20.1]},"properties":{"n":"GRANADA","i":"YGNA","a":null,"k":null,"maj":0,"e":155,"pr":0,"ppr":0}},{"type":"Feature","geometry":{"type":"Point","coordinates":[133.607,-26.948]},"properties":{"n":"GRANITE DOWNS","i":"YGDW","a":null,"k":null,"maj":0,"e":103,"pr":0,"ppr":0}},{"type":"Feature","geometry":{"type":"Point","coordinates":[150.942,-23.183]},"properties":{"n":"GREAT KEPPEL ISLAND","i":"YGKL","a":"GKL","k":null,"maj":0,"e":21,"pr":0,"ppr":0}},{"type":"Feature","geometry":{"type":"Point","coordinates":[122.43833,-28.76306]},"properties":{"n":"GRANNY SMITH","i":"YGRS","a":null,"k":null,"maj":0,"e":444,"pr":0,"ppr":0}},{"type":"Feature","geometry":{"type":"Point","coordinates":[148.00306,-37.8425]},"properties":{"n":"GREAT LAKES AIRFIELD","i":"YGRL","a":null,"k":null,"maj":0,"e":79,"pr":0,"ppr":0}},{"type":"Feature","geometry":{"type":"Point","coordinates":[149.435,-30.126]},"properties":{"n":"GREENBAH","i":"YGAH","a":null,"k":null,"maj":0,"e":187,"pr":0,"ppr":0}},{"type":"Feature","geometry":{"type":"Point","coordinates":[148.417,-33.983]},"properties":{"n":"GREENTHORPE","i":"YGTP","a":null,"k":null,"maj":0,"e":394,"pr":0,"ppr":0}},{"type":"Feature","geometry":{"type":"Point","coordinates":[145.117,-18.983]},"properties":{"n":"GREENVALE","i":"YGNV","a":"GVP","k":null,"maj":0,"e":418,"pr":0,"ppr":0}},{"type":"Feature","geometry":{"type":"Point","coordinates":[144.383,-19.717]},"properties":{"n":"GREGORY SPRINGS","i":"YGGS","a":null,"k":null,"maj":0,"e":731,"pr":0,"ppr":0}},{"type":"Feature","geometry":{"type":"Point","coordinates":[139.23361,-18.62806]},"properties":{"n":"GREGORY DOWNS","i":"YGDS","a":"GGD","k":null,"maj":0,"e":77,"pr":0,"ppr":0}},{"type":"Feature","geometry":{"type":"Point","coordinates":[146.06,-34.25417]},"properties":{"n":"GRIFFITH","i":"YGTH","a":"GFF","k":null,"maj":0,"e":134,"pr":0,"ppr":0}},{"type":"Feature","geometry":{"type":"Point","coordinates":[148.133,-34]},"properties":{"n":"GRENFELL","i":"YGNF","a":"GFE","k":null,"maj":0,"e":321,"pr":0,"ppr":0}},{"type":"Feature","geometry":{"type":"Point","coordinates":[136.45861,-13.9725]},"properties":{"n":"GROOTE EYLANDT","i":"YGTE","a":"GTE","k":null,"maj":0,"e":16,"pr":0,"ppr":0}},{"type":"Feature","geometry":{"type":"Point","coordinates":[123.81417,-28.03417]},"properties":{"n":"GRUYERE","i":"YGRM","a":null,"k":null,"maj":0,"e":471,"pr":0,"ppr":0}},{"type":"Feature","geometry":{"type":"Point","coordinates":[116.283,-28.633]},"properties":{"n":"GULLEWA","i":"YGUL","a":null,"k":null,"maj":0,"e":346,"pr":0,"ppr":0}},{"type":"Feature","geometry":{"type":"Point","coordinates":[144.383,-35.967]},"properties":{"n":"GUNBOWER","i":"YGBW","a":null,"k":null,"maj":0,"e":85,"pr":0,"ppr":0}},{"type":"Feature","geometry":{"type":"Point","coordinates":[149.25611,-35.05028]},"properties":{"n":"GUNDAROO","i":"YGDO","a":null,"k":null,"maj":0,"e":579,"pr":0,"ppr":0}},{"type":"Feature","geometry":{"type":"Point","coordinates":[145.167,-17.95]},"properties":{"n":"GUNNAWARRA","i":"YGUW","a":null,"k":null,"maj":0,"e":617,"pr":0,"ppr":0}},{"type":"Feature","geometry":{"type":"Point","coordinates":[150.24778,-30.9575]},"properties":{"n":"GUNNEDAH","i":"YGDH","a":"GUH","k":null,"maj":0,"e":263,"pr":0,"ppr":0}},{"type":"Feature","geometry":{"type":"Point","coordinates":[139.367,-19.7]},"properties":{"n":"GUNPOWDER","i":"YGPR","a":null,"k":null,"maj":0,"e":322,"pr":0,"ppr":0}},{"type":"Feature","geometry":{"type":"Point","coordinates":[152.70278,-26.28972]},"properties":{"n":"GYMPIE","i":"YGYM","a":"GYP","k":null,"maj":0,"e":79,"pr":0,"ppr":0}},{"type":"Feature","geometry":{"type":"Point","coordinates":[131.85194,-23.45194]},"properties":{"n":"HAASTS BLUFF","i":"YHAA","a":null,"k":null,"maj":0,"e":692,"pr":0,"ppr":0}},{"type":"Feature","geometry":{"type":"Point","coordinates":[147.895,-31.469]},"properties":{"n":"HADDON RIG","i":"YHRG","a":null,"k":null,"maj":0,"e":187,"pr":0,"ppr":0}},{"type":"Feature","geometry":{"type":"Point","coordinates":[126.083,-31]},"properties":{"n":"HAIG","i":"YHAG","a":null,"k":null,"maj":0,"e":179,"pr":0,"ppr":0}},{"type":"Feature","geometry":{"type":"Point","coordinates":[148.32028,-38.40444]},"properties":{"n":"HALIBUT","i":"YUAL","a":null,"k":"Heliport","maj":0,"e":1,"pr":0,"ppr":0}},{"type":"Feature","geometry":{"type":"Point","coordinates":[127.66722,-18.23528]},"properties":{"n":"HALLS CREEK","i":"YHLC","a":"HCQ","k":null,"maj":0,"e":410,"pr":0,"ppr":0}},{"type":"Feature","geometry":{"type":"Point","coordinates":[135.073,-26.72]},"properties":{"n":"HAMILTON","i":"YHMT","a":null,"k":null,"maj":0,"e":171,"pr":0,"ppr":0}},{"type":"Feature","geometry":{"type":"Point","coordinates":[142.06194,-37.64639]},"properties":{"n":"HAMILTON","i":"YHML","a":"HLT","k":null,"maj":0,"e":245,"pr":0,"ppr":0}},{"type":"Feature","geometry":{"type":"Point","coordinates":[148.95167,-20.3575]},"properties":{"n":"HAMILTON ISLAND","i":"YBHM","a":"HTI","k":null,"maj":1,"e":5,"pr":0,"ppr":0}},{"type":"Feature","geometry":{"type":"Point","coordinates":[148.39333,-34.56278]},"properties":{"n":"HARDEN","i":"YHAE","a":null,"k":null,"maj":0,"e":441,"pr":0,"ppr":0}},{"type":"Feature","geometry":{"type":"Point","coordinates":[117.865,-32.942]},"properties":{"n":"HARRISMITH","i":null,"a":null,"k":null,"maj":0,"e":274,"pr":0,"ppr":0}},{"type":"Feature","geometry":{"type":"Point","coordinates":[134.918,-22.985]},"properties":{"n":"HARTS RANGE","i":"YHTS","a":null,"k":null,"maj":0,"e":566,"pr":0,"ppr":0}},{"type":"Feature","geometry":{"type":"Point","coordinates":[146.65,-20.683]},"properties":{"n":"HARVEST HOME","i":"YHVH","a":null,"k":null,"maj":0,"e":188,"pr":0,"ppr":0}},{"type":"Feature","geometry":{"type":"Point","coordinates":[144.82944,-34.5325]},"properties":{"n":"HAY","i":"YHAY","a":"HXX","k":null,"maj":0,"e":93,"pr":0,"ppr":0}},{"type":"Feature","geometry":{"type":"Point","coordinates":[138.46806,-31.85472]},"properties":{"n":"HAWKER","i":"YHAW","a":"HWK","k":null,"maj":0,"e":321,"pr":0,"ppr":0}},{"type":"Feature","geometry":{"type":"Point","coordinates":[151.432,-31.24]},"properties":{"n":"HEATHCOTE EMERGENCY","i":"YHCT","a":null,"k":null,"maj":0,"e":1078,"pr":0,"ppr":0}},{"type":"Feature","geometry":{"type":"Point","coordinates":[138.283,-21.333]},"properties":{"n":"HEADINGLY","i":"YHDY","a":"HIP","k":null,"maj":0,"e":178,"pr":0,"ppr":0}},{"type":"Feature","geometry":{"type":"Point","coordinates":[142.5775,-11.73694]},"properties":{"n":"HEATHLANDS","i":"YHTL","a":"HAT","k":null,"maj":0,"e":127,"pr":0,"ppr":0}},{"type":"Feature","geometry":{"type":"Point","coordinates":[150.605,-23.223]},"properties":{"n":"HEDLOW","i":"YHEW","a":null,"k":null,"maj":0,"e":35,"pr":0,"ppr":0}},{"type":"Feature","geometry":{"type":"Point","coordinates":[153.33694,-27.76694]},"properties":{"n":"HECK FIELD","i":"YHEC","a":null,"k":null,"maj":0,"e":4,"pr":0,"ppr":0}},{"type":"Feature","geometry":{"type":"Point","coordinates":[145.215,-15.686]},"properties":{"n":"HELENVALE","i":null,"a":null,"k":null,"maj":0,"e":141,"pr":0,"ppr":0}},{"type":"Feature","geometry":{"type":"Point","coordinates":[138.367,-17.467]},"properties":{"n":"HELLS GATE","i":"YHEG","a":null,"k":null,"maj":0,"e":83,"pr":0,"ppr":0}},{"type":"Feature","geometry":{"type":"Point","coordinates":[133.217,-24.55]},"properties":{"n":"HENBURY","i":"YHBY","a":"HRY","k":null,"maj":0,"e":425,"pr":0,"ppr":0}},{"type":"Feature","geometry":{"type":"Point","coordinates":[138.0475,-18.95028]},"properties":{"n":"HERBERTVALE CATTLEYARD","i":"YHCS","a":null,"k":null,"maj":0,"e":250,"pr":0,"ppr":0}},{"type":"Feature","geometry":{"type":"Point","coordinates":[145.4,-17.433]},"properties":{"n":"HERBERTON","i":"YHTN","a":null,"k":null,"maj":0,"e":922,"pr":0,"ppr":0}},{"type":"Feature","geometry":{"type":"Point","coordinates":[132.80806,-23.92667]},"properties":{"n":"HERMANNSBURG","i":"YHMB","a":"HMG","k":null,"maj":0,"e":607,"pr":0,"ppr":0}},{"type":"Feature","geometry":{"type":"Point","coordinates":[152.88028,-25.32]},"properties":{"n":"HERVEY BAY","i":"YHBA","a":"HVB","k":null,"maj":0,"e":18,"pr":0,"ppr":0}},{"type":"Feature","geometry":{"type":"Point","coordinates":[145.797,-19.642]},"properties":{"n":"HILLGROVE","i":"YHLG","a":null,"k":null,"maj":0,"e":311,"pr":0,"ppr":0}},{"type":"Feature","geometry":{"type":"Point","coordinates":[148.433,-20.117]},"properties":{"n":"HIDEAWAY BAY","i":"YHAB","a":null,"k":null,"maj":0,"e":0,"pr":0,"ppr":0}},{"type":"Feature","geometry":{"type":"Point","coordinates":[143.146,-16.424]},"properties":{"n":"HIGHBURY","i":null,"a":null,"k":null,"maj":0,"e":99,"pr":0,"ppr":0}},{"type":"Feature","geometry":{"type":"Point","coordinates":[143.15,-16.433]},"properties":{"n":"HIGHBURY","i":"YHHY","a":"HIG","k":null,"maj":0,"e":101,"pr":0,"ppr":0}},{"type":"Feature","geometry":{"type":"Point","coordinates":[116.81965,-33.26394]},"properties":{"n":"HILLMAN FARM","i":"YHLM","a":null,"k":null,"maj":0,"e":224,"pr":0,"ppr":0}},{"type":"Feature","geometry":{"type":"Point","coordinates":[119.417,-21.75]},"properties":{"n":"HILLSIDE","i":"YHIL","a":"HLL","k":null,"maj":0,"e":283,"pr":0,"ppr":0}},{"type":"Feature","geometry":{"type":"Point","coordinates":[147.51333,-42.83722]},"properties":{"n":"HOBART","i":"YMHB","a":"HBA","k":null,"maj":0,"e":4,"pr":0,"ppr":0}},{"type":"Feature","geometry":{"type":"Point","coordinates":[145.52333,-33.49444]},"properties":{"n":"HILLSTON","i":"YHLS","a":null,"k":null,"maj":0,"e":123,"pr":0,"ppr":0}},{"type":"Feature","geometry":{"type":"Point","coordinates":[135.099,-32.142]},"properties":{"n":"HILTABA","i":"YHTA","a":null,"k":null,"maj":0,"e":188,"pr":0,"ppr":0}},{"type":"Feature","geometry":{"type":"Point","coordinates":[134.076,-15.222]},"properties":{"n":"HODGSON DOWNS","i":"YHDD","a":null,"k":null,"maj":0,"e":69,"pr":0,"ppr":0}},{"type":"Feature","geometry":{"type":"Point","coordinates":[147.47806,-42.82583]},"properties":{"n":"HOBART/CAMBRIDGE","i":"YCBG","a":null,"k":null,"maj":0,"e":20,"pr":0,"ppr":0}},{"type":"Feature","geometry":{"type":"Point","coordinates":[134.067,-15.517]},"properties":{"n":"HODGSON RIVER","i":"YHOV","a":null,"k":null,"maj":0,"e":117,"pr":0,"ppr":0}},{"type":"Feature","geometry":{"type":"Point","coordinates":[147.3225,-35.68028]},"properties":{"n":"HOLBROOK","i":"YHBK","a":null,"k":null,"maj":0,"e":267,"pr":0,"ppr":0}},{"type":"Feature","geometry":{"type":"Point","coordinates":[150.033,-22.267]},"properties":{"n":"HOLLINS BAY","i":"YHOY","a":null,"k":null,"maj":0,"e":10,"pr":0,"ppr":0}},{"type":"Feature","geometry":{"type":"Point","coordinates":[150.95194,-33.99556]},"properties":{"n":"HOLSWORTHY","i":"YSHW","a":null,"k":"Heliport","maj":0,"e":76,"pr":0,"ppr":0}},{"type":"Feature","geometry":{"type":"Point","coordinates":[140.665,-31.753]},"properties":{"n":"HONEYMOON","i":"YHON","a":null,"k":null,"maj":0,"e":127,"pr":0,"ppr":0}},{"type":"Feature","geometry":{"type":"Point","coordinates":[130.64722,-18.32889]},"properties":{"n":"HOOKER CREEK","i":"YHOO","a":"HOK","k":null,"maj":0,"e":320,"pr":0,"ppr":0}},{"type":"Feature","geometry":{"type":"Point","coordinates":[120.158,-33.9]},"properties":{"n":"HOPETOUN","i":"YHPE","a":null,"k":null,"maj":0,"e":19,"pr":0,"ppr":0}},{"type":"Feature","geometry":{"type":"Point","coordinates":[142.36028,-35.71556]},"properties":{"n":"HOPETOUN","i":"YHPN","a":"HTU","k":null,"maj":0,"e":78,"pr":0,"ppr":0}},{"type":"Feature","geometry":{"type":"Point","coordinates":[142.28778,-10.58611]},"properties":{"n":"HORN ISLAND","i":"YHID","a":"HID","k":null,"maj":0,"e":13,"pr":0,"ppr":0}},{"type":"Feature","geometry":{"type":"Point","coordinates":[134.267,-25.217]},"properties":{"n":"HORSESHOE BEND","i":"YHSB","a":null,"k":null,"maj":0,"e":313,"pr":0,"ppr":0}},{"type":"Feature","geometry":{"type":"Point","coordinates":[118.617,-25.35]},"properties":{"n":"HORSESHOE LIGHTS","i":"YHSL","a":null,"k":null,"maj":0,"e":512,"pr":0,"ppr":0}},{"type":"Feature","geometry":{"type":"Point","coordinates":[135.362,-12.095]},"properties":{"n":"HOWARD ISLAND","i":"YHOA","a":null,"k":null,"maj":0,"e":17,"pr":0,"ppr":0}},{"type":"Feature","geometry":{"type":"Point","coordinates":[142.17806,-36.66889]},"properties":{"n":"HORSHAM","i":"YHSM","a":"HSM","k":null,"maj":0,"e":136,"pr":0,"ppr":0}},{"type":"Feature","geometry":{"type":"Point","coordinates":[135.447,-22.943]},"properties":{"n":"HUCKITTA","i":"YHKT","a":null,"k":null,"maj":0,"e":439,"pr":0,"ppr":0}},{"type":"Feature","geometry":{"type":"Point","coordinates":[144.225,-20.81278]},"properties":{"n":"HUGHENDEN","i":"YHUG","a":"HGD","k":null,"maj":0,"e":318,"pr":0,"ppr":0}},{"type":"Feature","geometry":{"type":"Point","coordinates":[129.515,-30.717]},"properties":{"n":"HUGHES SIDING","i":"YHGS","a":null,"k":null,"maj":0,"e":147,"pr":0,"ppr":0}},{"type":"Feature","geometry":{"type":"Point","coordinates":[133.70575,-24.44616]},"properties":{"n":"HUGH RIVER","i":"YHGR","a":null,"k":null,"maj":0,"e":462,"pr":0,"ppr":0}},{"type":"Feature","geometry":{"type":"Point","coordinates":[130.63,-16.49]},"properties":{"n":"HUMBERT RIVER","i":"YHBR","a":"HUB","k":null,"maj":0,"e":121,"pr":0,"ppr":0}},{"type":"Feature","geometry":{"type":"Point","coordinates":[144.45333,-28.99639]},"properties":{"n":"HUNGERFORD","i":"YHRD","a":null,"k":null,"maj":0,"e":143,"pr":0,"ppr":0}},{"type":"Feature","geometry":{"type":"Point","coordinates":[144.733,-40.517]},"properties":{"n":"HUNTER ISLAND","i":"YHTR","a":null,"k":null,"maj":0,"e":25,"pr":0,"ppr":0}},{"type":"Feature","geometry":{"type":"Point","coordinates":[140.59556,-33.39667]},"properties":{"n":"HÔTEL ROYAL XX","i":null,"a":null,"k":"Heliport","maj":0,"e":81,"pr":0,"ppr":0}},{"type":"Feature","geometry":{"type":"Point","coordinates":[114.477,-28.071]},"properties":{"n":"HUTT RIVER AIRSTRIP","i":null,"a":null,"k":null,"maj":0,"e":173,"pr":0,"ppr":0}},{"type":"Feature","geometry":{"type":"Point","coordinates":[133.733,-25.063]},"properties":{"n":"IDRACOWRA","i":"YIDR","a":null,"k":null,"maj":0,"e":359,"pr":0,"ppr":0}},{"type":"Feature","geometry":{"type":"Point","coordinates":[144.53417,-23.47139]},"properties":{"n":"ILFRACOMBE","i":"YILF","a":null,"k":null,"maj":0,"e":219,"pr":0,"ppr":0}},{"type":"Feature","geometry":{"type":"Point","coordinates":[141.21611,-18.87556]},"properties":{"n":"IFFLEY","i":"YIFY","a":"IFF","k":null,"maj":0,"e":43,"pr":0,"ppr":0}},{"type":"Feature","geometry":{"type":"Point","coordinates":[132.57,-25.133]},"properties":{"n":"IMANPA","i":"YIMA","a":null,"k":null,"maj":0,"e":509,"pr":0,"ppr":0}},{"type":"Feature","geometry":{"type":"Point","coordinates":[133.583,-25.15]},"properties":{"n":"IMPADNA","i":"YIMP","a":null,"k":null,"maj":0,"e":388,"pr":0,"ppr":0}},{"type":"Feature","geometry":{"type":"Point","coordinates":[133.325,-26.967]},"properties":{"n":"INDULKANA","i":"YIDK","a":"IDK","k":null,"maj":0,"e":401,"pr":0,"ppr":0}},{"type":"Feature","geometry":{"type":"Point","coordinates":[148.333,-24.997]},"properties":{"n":"INGELARA","i":"YING","a":null,"k":null,"maj":0,"e":327,"pr":0,"ppr":0}},{"type":"Feature","geometry":{"type":"Point","coordinates":[146.14528,-18.66444]},"properties":{"n":"INGHAM","i":"YIGM","a":"IGH","k":null,"maj":0,"e":15,"pr":0,"ppr":0}},{"type":"Feature","geometry":{"type":"Point","coordinates":[151.083,-28.417]},"properties":{"n":"INGLEWOOD","i":"YILW","a":null,"k":null,"maj":0,"e":256,"pr":0,"ppr":0}},{"type":"Feature","geometry":{"type":"Point","coordinates":[134.793,-29.633]},"properties":{"n":"INGOMAR","i":"YIGR","a":null,"k":null,"maj":0,"e":152,"pr":0,"ppr":0}},{"type":"Feature","geometry":{"type":"Point","coordinates":[140.73972,-27.69722]},"properties":{"n":"INNAMINCKA","i":"YINN","a":"INM","k":null,"maj":0,"e":54,"pr":0,"ppr":0}},{"type":"Feature","geometry":{"type":"Point","coordinates":[148.54944,-25.85083]},"properties":{"n":"INJUNE","i":"YINJ","a":"INJ","k":null,"maj":0,"e":401,"pr":0,"ppr":0}},{"type":"Feature","geometry":{"type":"Point","coordinates":[141.42278,-16.23028]},"properties":{"n":"INKERMAN","i":"YIKM","a":"IKP","k":null,"maj":0,"e":6,"pr":0,"ppr":0}},{"type":"Feature","geometry":{"type":"Point","coordinates":[140.75028,-27.7425]},"properties":{"n":"INNAMINCKA TOWNSHIP","i":"YIMT","a":null,"k":null,"maj":0,"e":79,"pr":0,"ppr":0}},{"type":"Feature","geometry":{"type":"Point","coordinates":[146.01111,-17.55889]},"properties":{"n":"INNISFAIL","i":"YIFL","a":"IFL","k":null,"maj":0,"e":14,"pr":0,"ppr":0}},{"type":"Feature","geometry":{"type":"Point","coordinates":[131.267,-15.383]},"properties":{"n":"INNESVALE","i":"YISV","a":null,"k":null,"maj":0,"e":236,"pr":0,"ppr":0}},{"type":"Feature","geometry":{"type":"Point","coordinates":[151.14528,-29.88806]},"properties":{"n":"INVERELL","i":"YIVL","a":"IVR","k":null,"maj":0,"e":813,"pr":0,"ppr":0}},{"type":"Feature","geometry":{"type":"Point","coordinates":[151.16528,-29.77361]},"properties":{"n":"INVERELL NORTH","i":"YINO","a":null,"k":null,"maj":0,"e":695,"pr":0,"ppr":0}},{"type":"Feature","geometry":{"type":"Point","coordinates":[140.567,-18.017]},"properties":{"n":"INVERLEIGH","i":"YINV","a":null,"k":null,"maj":0,"e":12,"pr":0,"ppr":0}},{"type":"Feature","geometry":{"type":"Point","coordinates":[129.643,-17.841]},"properties":{"n":"INVERWAY","i":"YINW","a":"IVW","k":null,"maj":0,"e":407,"pr":0,"ppr":0}},{"type":"Feature","geometry":{"type":"Point","coordinates":[144.617,-24.217]},"properties":{"n":"ISIS DOWNS","i":"YISD","a":null,"k":null,"maj":0,"e":219,"pr":0,"ppr":0}},{"type":"Feature","geometry":{"type":"Point","coordinates":[144.42417,-24.25917]},"properties":{"n":"ISISFORD","i":"YISF","a":"ISI","k":null,"maj":0,"e":212,"pr":0,"ppr":0}},{"type":"Feature","geometry":{"type":"Point","coordinates":[144.31139,-32.88694]},"properties":{"n":"IVANHOE","i":"YIVO","a":null,"k":null,"maj":0,"e":101,"pr":0,"ppr":0}},{"type":"Feature","geometry":{"type":"Point","coordinates":[132.89472,-12.65806]},"properties":{"n":"JABIRU","i":"YJAB","a":"JAB","k":null,"maj":0,"e":26,"pr":0,"ppr":0}},{"type":"Feature","geometry":{"type":"Point","coordinates":[132.18361,-30.90111]},"properties":{"n":"JACINTH AMBROSIA","i":"YJAC","a":null,"k":null,"maj":0,"e":113,"pr":0,"ppr":0}},{"type":"Feature","geometry":{"type":"Point","coordinates":[142.408,-27.638]},"properties":{"n":"JACKSON","i":"YJAK","a":null,"k":null,"maj":0,"e":32,"pr":0,"ppr":0}},{"type":"Feature","geometry":{"type":"Point","coordinates":[127.683,-25.85]},"properties":{"n":"JAMESON","i":"YJAM","a":null,"k":null,"maj":0,"e":543,"pr":0,"ppr":0}},{"type":"Feature","geometry":{"type":"Point","coordinates":[138.61583,-33.19194]},"properties":{"n":"JAMESTOWN","i":"YJST","a":null,"k":null,"maj":0,"e":472,"pr":0,"ppr":0}},{"type":"Feature","geometry":{"type":"Point","coordinates":[121.267,-29.4]},"properties":{"n":"JEEDAMYA","i":"YJEY","a":null,"k":null,"maj":0,"e":412,"pr":0,"ppr":0}},{"type":"Feature","geometry":{"type":"Point","coordinates":[147.317,-42.367]},"properties":{"n":"JERICHO","i":"YJCO","a":null,"k":null,"maj":0,"e":402,"pr":0,"ppr":0}},{"type":"Feature","geometry":{"type":"Point","coordinates":[147.67,-32.41]},"properties":{"n":"JEMALONG","i":"YJEM","a":null,"k":null,"maj":0,"e":212,"pr":0,"ppr":0}},{"type":"Feature","geometry":{"type":"Point","coordinates":[146.167,-23.583]},"properties":{"n":"JERICHO","i":"YJRO","a":null,"k":null,"maj":0,"e":359,"pr":0,"ppr":0}},{"type":"Feature","geometry":{"type":"Point","coordinates":[145.72333,-35.37278]},"properties":{"n":"JERILDERIE","i":"YJER","a":null,"k":null,"maj":0,"e":110,"pr":0,"ppr":0}},{"type":"Feature","geometry":{"type":"Point","coordinates":[118.9,-33.9]},"properties":{"n":"JERRAMUNGUP","i":"YJGP","a":null,"k":null,"maj":0,"e":305,"pr":0,"ppr":0}},{"type":"Feature","geometry":{"type":"Point","coordinates":[136.12,-22.913]},"properties":{"n":"JERVOIS","i":"YJVS","a":null,"k":null,"maj":0,"e":331,"pr":0,"ppr":0}},{"type":"Feature","geometry":{"type":"Point","coordinates":[150.69639,-35.14583]},"properties":{"n":"JERVIS BAY","i":"YJBY","a":null,"k":"Military","maj":0,"e":61,"pr":0,"ppr":0}},{"type":"Feature","geometry":{"type":"Point","coordinates":[136.267,-22.633]},"properties":{"n":"JERVOIS MINE","i":"YJVM","a":null,"k":null,"maj":0,"e":351,"pr":0,"ppr":0}},{"type":"Feature","geometry":{"type":"Point","coordinates":[120.783,-23.367]},"properties":{"n":"JIGGALONG MISSION","i":"YJIG","a":null,"k":null,"maj":0,"e":527,"pr":0,"ppr":0}},{"type":"Feature","geometry":{"type":"Point","coordinates":[148.59972,-36.42917]},"properties":{"n":"JINDABYNE","i":"YJIN","a":null,"k":null,"maj":0,"e":1024,"pr":0,"ppr":0}},{"type":"Feature","geometry":{"type":"Point","coordinates":[135.733,-22.95]},"properties":{"n":"JINKA","i":"YJNK","a":null,"k":null,"maj":0,"e":392,"pr":0,"ppr":0}},{"type":"Feature","geometry":{"type":"Point","coordinates":[144.4,-16.5]},"properties":{"n":"JONROY","i":"YJNY","a":null,"k":null,"maj":0,"e":247,"pr":0,"ppr":0}},{"type":"Feature","geometry":{"type":"Point","coordinates":[144.267,-15.733]},"properties":{"n":"JOWALBINNA","i":"YJWB","a":null,"k":null,"maj":0,"e":169,"pr":0,"ppr":0}},{"type":"Feature","geometry":{"type":"Point","coordinates":[141.71833,-20.66833]},"properties":{"n":"JULIA CREEK","i":"YJLC","a":"JCK","k":null,"maj":0,"e":123,"pr":0,"ppr":0}},{"type":"Feature","geometry":{"type":"Point","coordinates":[143.06194,-24.83806]},"properties":{"n":"JUNDAH","i":"YJDA","a":"JUN","k":null,"maj":0,"e":145,"pr":0,"ppr":0}},{"type":"Feature","geometry":{"type":"Point","coordinates":[120.5775,-26.42194]},"properties":{"n":"JUNDEE","i":"YJUN","a":null,"k":null,"maj":0,"e":562,"pr":0,"ppr":0}},{"type":"Feature","geometry":{"type":"Point","coordinates":[115.05556,-30.30278]},"properties":{"n":"JURIEN BAY","i":"YJUR","a":null,"k":null,"maj":0,"e":2,"pr":0,"ppr":0}},{"type":"Feature","geometry":{"type":"Point","coordinates":[137.65972,-33.96972]},"properties":{"n":"KADINA","i":"YKDI","a":null,"k":null,"maj":0,"e":42,"pr":0,"ppr":0}},{"type":"Feature","geometry":{"type":"Point","coordinates":[140.033,-20.033]},"properties":{"n":"KAJABBI","i":"YKAJ","a":null,"k":null,"maj":0,"e":154,"pr":0,"ppr":0}},{"type":"Feature","geometry":{"type":"Point","coordinates":[149.367,-23.117]},"properties":{"n":"KAIUROO","i":"YKIU","a":null,"k":null,"maj":0,"e":182,"pr":0,"ppr":0}},{"type":"Feature","geometry":{"type":"Point","coordinates":[138.262,-27.717]},"properties":{"n":"KALAMURINA","i":"YKLR","a":null,"k":null,"maj":0,"e":11,"pr":0,"ppr":0}},{"type":"Feature","geometry":{"type":"Point","coordinates":[117.133,-30.367]},"properties":{"n":"KALANNIE","i":"YKAE","a":null,"k":null,"maj":0,"e":344,"pr":0,"ppr":0}},{"type":"Feature","geometry":{"type":"Point","coordinates":[114.25917,-27.69222]},"properties":{"n":"KALBARRI","i":"YKBR","a":"KAX","k":null,"maj":0,"e":157,"pr":0,"ppr":0}},{"type":"Feature","geometry":{"type":"Point","coordinates":[121.46417,-30.79139]},"properties":{"n":"KALGOORLIE-BOULDER","i":"YPKG","a":"KGI","k":null,"maj":0,"e":367,"pr":0,"ppr":0}},{"type":"Feature","geometry":{"type":"Point","coordinates":[147.95306,-37.85222]},"properties":{"n":"KALIMNA","i":"YLKE","a":null,"k":null,"maj":0,"e":67,"pr":0,"ppr":0}},{"type":"Feature","geometry":{"type":"Point","coordinates":[143.85,-15.2]},"properties":{"n":"KALINGA","i":"YKLG","a":null,"k":null,"maj":0,"e":80,"pr":0,"ppr":0}},{"type":"Feature","geometry":{"type":"Point","coordinates":[130.80972,-17.42833]},"properties":{"n":"KALKGURUNG","i":"YKKG","a":"KFG","k":null,"maj":0,"e":197,"pr":0,"ppr":0}},{"type":"Feature","geometry":{"type":"Point","coordinates":[144.2,-14.9]},"properties":{"n":"KALPOWAR","i":"YKPR","a":"KPP","k":null,"maj":0,"e":25,"pr":0,"ppr":0}},{"type":"Feature","geometry":{"type":"Point","coordinates":[138.883,-21.75]},"properties":{"n":"KALLALA","i":"YKLL","a":null,"k":null,"maj":0,"e":221,"pr":0,"ppr":0}},{"type":"Feature","geometry":{"type":"Point","coordinates":[126.63472,-14.28833]},"properties":{"n":"KALUMBURU","i":"YKAL","a":"UBU","k":null,"maj":0,"e":29,"pr":0,"ppr":0}},{"type":"Feature","geometry":{"type":"Point","coordinates":[118.08,-34.0587]},"properties":{"n":"KALYNDA","i":null,"a":null,"k":null,"maj":0,"e":223,"pr":0,"ppr":0}},{"type":"Feature","geometry":{"type":"Point","coordinates":[121.59778,-31.19056]},"properties":{"n":"KAMBALDA","i":"YKBL","a":"KDB","k":null,"maj":0,"e":316,"pr":0,"ppr":0}},{"type":"Feature","geometry":{"type":"Point","coordinates":[140.05083,-19.36639]},"properties":{"n":"KAMILEROI","i":"YKML","a":"KML","k":null,"maj":0,"e":91,"pr":0,"ppr":0}},{"type":"Feature","geometry":{"type":"Point","coordinates":[124.862,-30.895]},"properties":{"n":"KANANDAH","i":"YKAN","a":null,"k":null,"maj":0,"e":194,"pr":0,"ppr":0}},{"type":"Feature","geometry":{"type":"Point","coordinates":[138.917,-34.25]},"properties":{"n":"KAPUNDA","i":"YKAP","a":null,"k":null,"maj":0,"e":366,"pr":0,"ppr":0}},{"type":"Feature","geometry":{"type":"Point","coordinates":[135.638,-31.785]},"properties":{"n":"KANGAROO WELL","i":"YKWG","a":null,"k":null,"maj":0,"e":211,"pr":0,"ppr":0}},{"type":"Feature","geometry":{"type":"Point","coordinates":[141.25,-36.383]},"properties":{"n":"KANIVA","i":"YKNV","a":null,"k":null,"maj":0,"e":152,"pr":0,"ppr":0}},{"type":"Feature","geometry":{"type":"Point","coordinates":[116.68722,-29.21722]},"properties":{"n":"KARARA","i":"YKAR","a":null,"k":null,"maj":0,"e":308,"pr":0,"ppr":0}},{"type":"Feature","geometry":{"type":"Point","coordinates":[116.77556,-20.71278]},"properties":{"n":"KARRATHA","i":"YPKA","a":"KTA","k":null,"maj":1,"e":10,"pr":0,"ppr":0}},{"type":"Feature","geometry":{"type":"Point","coordinates":[118.468,-22.487]},"properties":{"n":"KARIJINI NATIONAL PARK","i":null,"a":null,"k":null,"maj":0,"e":709,"pr":0,"ppr":0}},{"type":"Feature","geometry":{"type":"Point","coordinates":[140.83417,-17.45111]},"properties":{"n":"KARUMBA","i":"YKMB","a":"KRB","k":null,"maj":0,"e":5,"pr":0,"ppr":0}},{"type":"Feature","geometry":{"type":"Point","coordinates":[117.65611,-33.69972]},"properties":{"n":"KATANNING","i":"YKNG","a":"KNI","k":null,"maj":0,"e":284,"pr":0,"ppr":0}},{"type":"Feature","geometry":{"type":"Point","coordinates":[132.393,-14.389]},"properties":{"n":"KATHERINE GORGE","i":"YKHG","a":null,"k":null,"maj":0,"e":121,"pr":0,"ppr":0}},{"type":"Feature","geometry":{"type":"Point","coordinates":[150.323,-33.668]},"properties":{"n":"KATOOMBA","i":"YKAT","a":null,"k":null,"maj":0,"e":986,"pr":0,"ppr":0}},{"type":"Feature","geometry":{"type":"Point","coordinates":[140.2525,-36.11556]},"properties":{"n":"KEITH","i":"YKTH","a":null,"k":null,"maj":0,"e":28,"pr":0,"ppr":0}},{"type":"Feature","geometry":{"type":"Point","coordinates":[142.533,-30.683]},"properties":{"n":"KAYRUNNERA","i":"YKAY","a":null,"k":null,"maj":0,"e":184,"pr":0,"ppr":0}},{"type":"Feature","geometry":{"type":"Point","coordinates":[117.733,-31.667]},"properties":{"n":"KELLERBERRIN","i":"YKEB","a":null,"k":null,"maj":0,"e":242,"pr":0,"ppr":0}},{"type":"Feature","geometry":{"type":"Point","coordinates":[151.638,-30.655]},"properties":{"n":"KELVIN STATION","i":"YKEL","a":null,"k":null,"maj":0,"e":1031,"pr":0,"ppr":0}},{"type":"Feature","geometry":{"type":"Point","coordinates":[152.76539,-31.07224]},"properties":{"n":"KEMPSEY","i":"YKMP","a":"KPS","k":null,"maj":0,"e":16,"pr":0,"ppr":0}},{"type":"Feature","geometry":{"type":"Point","coordinates":[141.592,-13.845]},"properties":{"n":"KENCHERANG","i":"YKNC","a":null,"k":null,"maj":0,"e":12,"pr":0,"ppr":0}},{"type":"Feature","geometry":{"type":"Point","coordinates":[142.183,-13.75]},"properties":{"n":"KENDALL RIVER","i":"YKRV","a":null,"k":null,"maj":0,"e":55,"pr":0,"ppr":0}},{"type":"Feature","geometry":{"type":"Point","coordinates":[132.467,-26.333]},"properties":{"n":"KENMORE PARK","i":"YKEN","a":null,"k":null,"maj":0,"e":611,"pr":0,"ppr":0}},{"type":"Feature","geometry":{"type":"Point","coordinates":[143.93722,-35.75194]},"properties":{"n":"KERANG","i":"YKER","a":"KRA","k":null,"maj":0,"e":77,"pr":0,"ppr":0}},{"type":"Feature","geometry":{"type":"Point","coordinates":[152.77444,-27.49778]},"properties":{"n":"KHOLO","i":"YKHO","a":null,"k":"Heliport","maj":0,"e":80,"pr":0,"ppr":0}},{"type":"Feature","geometry":{"type":"Point","coordinates":[148.117,-36.233]},"properties":{"n":"KHANCOBAN","i":"YKHA","a":null,"k":null,"maj":0,"e":298,"pr":0,"ppr":0}},{"type":"Feature","geometry":{"type":"Point","coordinates":[136.175,-17.242]},"properties":{"n":"KIANA STATION","i":"YKIA","a":null,"k":null,"maj":0,"e":225,"pr":0,"ppr":0}},{"type":"Feature","geometry":{"type":"Point","coordinates":[144.17444,-18.86806]},"properties":{"n":"KIDSTON","i":"YKID","a":null,"k":null,"maj":0,"e":521,"pr":0,"ppr":0}},{"type":"Feature","geometry":{"type":"Point","coordinates":[130.95278,-16.11556]},"properties":{"n":"KIDMAN SPRINGS","i":"YKDM","a":null,"k":null,"maj":0,"e":88,"pr":0,"ppr":0}},{"type":"Feature","geometry":{"type":"Point","coordinates":[152.56639,-26.97139]},"properties":{"n":"KILCOY","i":"YKCY","a":null,"k":null,"maj":0,"e":121,"pr":0,"ppr":0}},{"type":"Feature","geometry":{"type":"Point","coordinates":[129.615,-16.432]},"properties":{"n":"KILDURK","i":"YKIL","a":null,"k":null,"maj":0,"e":90,"pr":0,"ppr":0}},{"type":"Feature","geometry":{"type":"Point","coordinates":[131.74778,-16.24917]},"properties":{"n":"KILLARNEY","i":"YKLE","a":null,"k":null,"maj":0,"e":194,"pr":0,"ppr":0}},{"type":"Feature","geometry":{"type":"Point","coordinates":[143.5,-15.4]},"properties":{"n":"KILLARNEY STATION","i":"YKLN","a":null,"k":null,"maj":0,"e":163,"pr":0,"ppr":0}},{"type":"Feature","geometry":{"type":"Point","coordinates":[147.858,-39.849]},"properties":{"n":"KILLIECRANKIE","i":"YKCK","a":null,"k":null,"maj":0,"e":27,"pr":0,"ppr":0}},{"type":"Feature","geometry":{"type":"Point","coordinates":[124.355,-17.398]},"properties":{"n":"KIMBERLEY DOWNS","i":null,"a":null,"k":null,"maj":0,"e":60,"pr":0,"ppr":0}},{"type":"Feature","geometry":{"type":"Point","coordinates":[136.46639,-33.09306]},"properties":{"n":"KIMBA","i":"YIMB","a":null,"k":null,"maj":0,"e":233,"pr":0,"ppr":0}},{"type":"Feature","geometry":{"type":"Point","coordinates":[151.83972,-26.57972]},"properties":{"n":"KINGAROY","i":"YKRY","a":"KGY","k":null,"maj":0,"e":438,"pr":0,"ppr":0}},{"type":"Feature","geometry":{"type":"Point","coordinates":[136.48694,-15.92889]},"properties":{"n":"KING ASH BAY","i":"YKAB","a":null,"k":null,"maj":0,"e":7,"pr":0,"ppr":0}},{"type":"Feature","geometry":{"type":"Point","coordinates":[148.18806,-38.59722]},"properties":{"n":"KINGFISH B","i":"YUFB","a":null,"k":"Heliport","maj":0,"e":1,"pr":0,"ppr":0}},{"type":"Feature","geometry":{"type":"Point","coordinates":[148.14472,-38.59667]},"properties":{"n":"KINGFISH A","i":"YUFA","a":null,"k":"Heliport","maj":0,"e":1,"pr":0,"ppr":0}},{"type":"Feature","geometry":{"type":"Point","coordinates":[138.295,-17.869]},"properties":{"n":"KINGFISHER CAMP","i":"YKFC","a":null,"k":null,"maj":0,"e":81,"pr":0,"ppr":0}},{"type":"Feature","geometry":{"type":"Point","coordinates":[143.87889,-39.87639]},"properties":{"n":"KING ISLAND","i":"YKII","a":"KNS","k":null,"maj":0,"e":40,"pr":0,"ppr":0}},{"type":"Feature","geometry":{"type":"Point","coordinates":[135.305,-30.902]},"properties":{"n":"KINGOONYA","i":"YKGA","a":null,"k":null,"maj":0,"e":148,"pr":0,"ppr":0}},{"type":"Feature","geometry":{"type":"Point","coordinates":[131.49,-24.26]},"properties":{"n":"KINGS CANYON","i":"YKCA","a":"KBJ","k":null,"maj":0,"e":628,"pr":0,"ppr":0}},{"type":"Feature","geometry":{"type":"Point","coordinates":[137.52528,-35.71611]},"properties":{"n":"KINGSCOTE","i":"YKSC","a":"KGC","k":null,"maj":0,"e":7,"pr":0,"ppr":0}},{"type":"Feature","geometry":{"type":"Point","coordinates":[131.81972,-24.42111]},"properties":{"n":"KINGS CREEK","i":"YKCS","a":"KCS","k":null,"maj":0,"e":615,"pr":0,"ppr":0}},{"type":"Feature","geometry":{"type":"Point","coordinates":[139.87,-36.82028]},"properties":{"n":"KINGSTON","i":"YKIG","a":null,"k":null,"maj":0,"e":2,"pr":0,"ppr":0}},{"type":"Feature","geometry":{"type":"Point","coordinates":[116.32278,-34.37889]},"properties":{"n":"KIN KIN RETREAT","i":"YKKN","a":null,"k":null,"maj":0,"e":122,"pr":0,"ppr":0}},{"type":"Feature","geometry":{"type":"Point","coordinates":[129.387,-23.265]},"properties":{"n":"KINTORE","i":"YKNT","a":null,"k":null,"maj":0,"e":456,"pr":0,"ppr":0}},{"type":"Feature","geometry":{"type":"Point","coordinates":[129.21,-17.779]},"properties":{"n":"KIRKIMBIE STATION","i":"YKIR","a":"KBB","k":null,"maj":0,"e":417,"pr":0,"ppr":0}},{"type":"Feature","geometry":{"type":"Point","coordinates":[117.13639,-33.76278]},"properties":{"n":"KOJONUP","i":"YKOJ","a":null,"k":null,"maj":0,"e":279,"pr":0,"ppr":0}},{"type":"Feature","geometry":{"type":"Point","coordinates":[135.242,-31.292]},"properties":{"n":"KOKATHA","i":"YKKH","a":null,"k":null,"maj":0,"e":148,"pr":0,"ppr":0}},{"type":"Feature","geometry":{"type":"Point","coordinates":[136.298,-32.416]},"properties":{"n":"KOLENDO","i":"YKOL","a":null,"k":null,"maj":0,"e":206,"pr":0,"ppr":0}},{"type":"Feature","geometry":{"type":"Point","coordinates":[118.27,-32.4675]},"properties":{"n":"KONDININ","i":"YKDN","a":null,"k":null,"maj":0,"e":295,"pr":0,"ppr":0}},{"type":"Feature","geometry":{"type":"Point","coordinates":[134.861,-32.024]},"properties":{"n":"KONDOOLKA","i":"YKDL","a":null,"k":null,"maj":0,"e":155,"pr":0,"ppr":0}},{"type":"Feature","geometry":{"type":"Point","coordinates":[121.483,-29.35]},"properties":{"n":"KOOKYNIE","i":"YKOK","a":null,"k":null,"maj":0,"e":432,"pr":0,"ppr":0}},{"type":"Feature","geometry":{"type":"Point","coordinates":[123.78,-16.12833]},"properties":{"n":"KOOLAN ISLAND","i":"YKLI","a":null,"k":null,"maj":0,"e":142,"pr":0,"ppr":0}},{"type":"Feature","geometry":{"type":"Point","coordinates":[142.45,-15.917]},"properties":{"n":"KOOLATAH","i":"YKLA","a":"KOH","k":null,"maj":0,"e":50,"pr":0,"ppr":0}},{"type":"Feature","geometry":{"type":"Point","coordinates":[142.439,-15.889]},"properties":{"n":"KOOLATAH","i":null,"a":null,"k":null,"maj":0,"e":49,"pr":0,"ppr":0}},{"type":"Feature","geometry":{"type":"Point","coordinates":[143.955,-15.319]},"properties":{"n":"KOOLBURRA","i":"YKLB","a":"KKP","k":null,"maj":0,"e":107,"pr":0,"ppr":0}},{"type":"Feature","geometry":{"type":"Point","coordinates":[119.529,-30.841]},"properties":{"n":"KOOLYANOBBING RANGE","i":"YKBG","a":null,"k":null,"maj":0,"e":359,"pr":0,"ppr":0}},{"type":"Feature","geometry":{"type":"Point","coordinates":[142.217,-36]},"properties":{"n":"KOONGARRA","i":"YKOG","a":null,"k":null,"maj":0,"e":104,"pr":0,"ppr":0}},{"type":"Feature","geometry":{"type":"Point","coordinates":[117.783,-26.283]},"properties":{"n":"KOONMARRA","i":"YKNM","a":null,"k":null,"maj":0,"e":460,"pr":0,"ppr":0}},{"type":"Feature","geometry":{"type":"Point","coordinates":[152.84528,-28.08889]},"properties":{"n":"KOORALBYN","i":"YKBN","a":null,"k":null,"maj":0,"e":94,"pr":0,"ppr":0}},{"type":"Feature","geometry":{"type":"Point","coordinates":[144.525,-36.18]},"properties":{"n":"KOTTA","i":"YKTA","a":null,"k":null,"maj":0,"e":100,"pr":0,"ppr":0}},{"type":"Feature","geometry":{"type":"Point","coordinates":[141.7525,-15.48528]},"properties":{"n":"KOWANYAMA","i":"YKOW","a":"KWM","k":null,"maj":0,"e":11,"pr":0,"ppr":0}},{"type":"Feature","geometry":{"type":"Point","coordinates":[142.21972,-10.22639]},"properties":{"n":"KUBIN","i":"YKUB","a":"KUG","k":null,"maj":0,"e":5,"pr":0,"ppr":0}},{"type":"Feature","geometry":{"type":"Point","coordinates":[133.29194,-25.84278]},"properties":{"n":"KULGERA","i":null,"a":null,"k":null,"maj":0,"e":512,"pr":0,"ppr":0}},{"type":"Feature","geometry":{"type":"Point","coordinates":[118.085,-33.175]},"properties":{"n":"KUKERIN","i":null,"a":null,"k":null,"maj":0,"e":344,"pr":0,"ppr":0}},{"type":"Feature","geometry":{"type":"Point","coordinates":[118.16972,-32.67111]},"properties":{"n":"KULIN","i":null,"a":null,"k":null,"maj":0,"e":305,"pr":0,"ppr":0}},{"type":"Feature","geometry":{"type":"Point","coordinates":[117.9,-31.133]},"properties":{"n":"KUNUNOPPIN","i":"YKNP","a":null,"k":null,"maj":0,"e":284,"pr":0,"ppr":0}},{"type":"Feature","geometry":{"type":"Point","coordinates":[128.70917,-15.77806]},"properties":{"n":"KUNUNURRA","i":"YPKU","a":"KNX","k":null,"maj":0,"e":44,"pr":0,"ppr":0}},{"type":"Feature","geometry":{"type":"Point","coordinates":[148.578,-28.22]},"properties":{"n":"KURRAY","i":"YKUY","a":null,"k":null,"maj":0,"e":192,"pr":0,"ppr":0}},{"type":"Feature","geometry":{"type":"Point","coordinates":[143.717,-37.9]},"properties":{"n":"KURUC-A-RUC SOUTH","i":"YRKE","a":null,"k":null,"maj":0,"e":177,"pr":0,"ppr":0}},{"type":"Feature","geometry":{"type":"Point","coordinates":[143.14806,-38.04694]},"properties":{"n":"KURWEETON","i":"YKUW","a":null,"k":null,"maj":0,"e":146,"pr":0,"ppr":0}},{"type":"Feature","geometry":{"type":"Point","coordinates":[144.44833,-37.22333]},"properties":{"n":"KYNETON","i":"YKTN","a":null,"k":null,"maj":0,"e":503,"pr":0,"ppr":0}},{"type":"Feature","geometry":{"type":"Point","coordinates":[144.967,-36.333]},"properties":{"n":"KYABRAM","i":"YKYB","a":null,"k":null,"maj":0,"e":105,"pr":0,"ppr":0}},{"type":"Feature","geometry":{"type":"Point","coordinates":[141.917,-21.6]},"properties":{"n":"KYNUNA","i":"YKYN","a":null,"k":null,"maj":0,"e":205,"pr":0,"ppr":0}},{"type":"Feature","geometry":{"type":"Point","coordinates":[148.25,-40.2]},"properties":{"n":"LADY BARRON","i":"YLDB","a":null,"k":null,"maj":0,"e":65,"pr":0,"ppr":0}},{"type":"Feature","geometry":{"type":"Point","coordinates":[146.667,-22.5]},"properties":{"n":"LAGLAN","i":"YLGL","a":null,"k":null,"maj":0,"e":241,"pr":0,"ppr":0}},{"type":"Feature","geometry":{"type":"Point","coordinates":[121.808,-18.683]},"properties":{"n":"LA GRANGE BAY","i":"YLGB","a":null,"k":null,"maj":0,"e":26,"pr":0,"ppr":0}},{"type":"Feature","geometry":{"type":"Point","coordinates":[147.953,-42.885]},"properties":{"n":"LAGOON BAY","i":"YLAG","a":null,"k":null,"maj":0,"e":2,"pr":0,"ppr":0}},{"type":"Feature","geometry":{"type":"Point","coordinates":[135.63444,-34.21722]},"properties":{"n":"LAHOMA","i":null,"a":null,"k":null,"maj":0,"e":60,"pr":0,"ppr":0}},{"type":"Feature","geometry":{"type":"Point","coordinates":[142.883,-37.683]},"properties":{"n":"LAKE BOLAC","i":"YLBO","a":null,"k":null,"maj":0,"e":234,"pr":0,"ppr":0}},{"type":"Feature","geometry":{"type":"Point","coordinates":[146.37556,-33.28278]},"properties":{"n":"LAKE CARGELLIGO","i":"YLCG","a":null,"k":null,"maj":0,"e":169,"pr":0,"ppr":0}},{"type":"Feature","geometry":{"type":"Point","coordinates":[115.671,-32.791]},"properties":{"n":"LAKE CLIFTON","i":null,"a":null,"k":null,"maj":0,"e":3,"pr":0,"ppr":0}},{"type":"Feature","geometry":{"type":"Point","coordinates":[135.80639,-12.49806]},"properties":{"n":"LAKE EVELLA","i":"YLEV","a":"LEL","k":null,"maj":0,"e":78,"pr":0,"ppr":0}},{"type":"Feature","geometry":{"type":"Point","coordinates":[135.027,-31.733]},"properties":{"n":"LAKE EVERARD","i":"YLVD","a":null,"k":null,"maj":0,"e":139,"pr":0,"ppr":0}},{"type":"Feature","geometry":{"type":"Point","coordinates":[144.2,-14.933]},"properties":{"n":"LAKEFIELD","i":"YLFD","a":"LFP","k":null,"maj":0,"e":30,"pr":0,"ppr":0}},{"type":"Feature","geometry":{"type":"Point","coordinates":[118.4,-33.133]},"properties":{"n":"LAKE GRACE","i":"YLGC","a":null,"k":null,"maj":0,"e":282,"pr":0,"ppr":0}},{"type":"Feature","geometry":{"type":"Point","coordinates":[120.55194,-32.31944]},"properties":{"n":"LAKE JOHNSTON","i":"YLJN","a":null,"k":null,"maj":0,"e":319,"pr":0,"ppr":0}},{"type":"Feature","geometry":{"type":"Point","coordinates":[150.52639,-30.89139]},"properties":{"n":"LAKE KEEPIT","i":"YKEP","a":null,"k":null,"maj":0,"e":351,"pr":0,"ppr":0}},{"type":"Feature","geometry":{"type":"Point","coordinates":[119.766,-33.079]},"properties":{"n":"LAKE KING","i":"YLKG","a":null,"k":null,"maj":0,"e":389,"pr":0,"ppr":0}},{"type":"Feature","geometry":{"type":"Point","coordinates":[144.84917,-15.84111]},"properties":{"n":"LAKELAND DOWNS","i":"YLND","a":"LKD","k":null,"maj":0,"e":275,"pr":0,"ppr":0}},{"type":"Feature","geometry":{"type":"Point","coordinates":[143.8,-35.983]},"properties":{"n":"LAKE LEAGUR","i":"YLLR","a":null,"k":null,"maj":0,"e":85,"pr":0,"ppr":0}},{"type":"Feature","geometry":{"type":"Point","coordinates":[113.4923,-24.4047]},"properties":{"n":"LAKE MACLEOD","i":null,"a":null,"k":null,"maj":0,"e":6,"pr":0,"ppr":0}},{"type":"Feature","geometry":{"type":"Point","coordinates":[151.64611,-33.06583]},"properties":{"n":"LAKE MACQUARIE","i":"YLMQ","a":"BEO","k":null,"maj":0,"e":2,"pr":0,"ppr":0}},{"type":"Feature","geometry":{"type":"Point","coordinates":[137.917,-20.967]},"properties":{"n":"LAKE NASH","i":"YLKN","a":"LNH","k":null,"maj":0,"e":196,"pr":0,"ppr":0}},{"type":"Feature","geometry":{"type":"Point","coordinates":[148.63028,-20.68111]},"properties":{"n":"LAKESIDE AIRPARK","i":"YLAK","a":null,"k":null,"maj":0,"e":39,"pr":0,"ppr":0}},{"type":"Feature","geometry":{"type":"Point","coordinates":[146.333,-43.05]},"properties":{"n":"LAKE PEDDER","i":"YLPR","a":null,"k":null,"maj":0,"e":305,"pr":0,"ppr":0}},{"type":"Feature","geometry":{"type":"Point","coordinates":[119.513,-32.708]},"properties":{"n":"LAKE VARLEY","i":"YLVY","a":null,"k":null,"maj":0,"e":383,"pr":0,"ppr":0}},{"type":"Feature","geometry":{"type":"Point","coordinates":[120.47,-26.945]},"properties":{"n":"LAKE WAY","i":"YLWY","a":null,"k":null,"maj":0,"e":502,"pr":0,"ppr":0}},{"type":"Feature","geometry":{"type":"Point","coordinates":[134.058,-26.913]},"properties":{"n":"LAMBINA","i":"YLAM","a":null,"k":null,"maj":0,"e":274,"pr":0,"ppr":0}},{"type":"Feature","geometry":{"type":"Point","coordinates":[140.55,-35.367]},"properties":{"n":"LAMEROO","i":"YLAO","a":null,"k":null,"maj":0,"e":102,"pr":0,"ppr":0}},{"type":"Feature","geometry":{"type":"Point","coordinates":[149.933,-31.1]},"properties":{"n":"LAMBROOK","i":"YLMB","a":null,"k":null,"maj":0,"e":322,"pr":0,"ppr":0}},{"type":"Feature","geometry":{"type":"Point","coordinates":[116.967,-24.95]},"properties":{"n":"LANDOR RACES","i":"YLNR","a":null,"k":null,"maj":0,"e":404,"pr":0,"ppr":0}},{"type":"Feature","geometry":{"type":"Point","coordinates":[116.9,-25.1]},"properties":{"n":"LANDOR STATION","i":"YLDO","a":null,"k":null,"maj":0,"e":374,"pr":0,"ppr":0}},{"type":"Feature","geometry":{"type":"Point","coordinates":[142.133,-31.45]},"properties":{"n":"LANGAWIRRA","i":"YLAN","a":null,"k":null,"maj":0,"e":136,"pr":0,"ppr":0}},{"type":"Feature","geometry":{"type":"Point","coordinates":[145.767,-25.533]},"properties":{"n":"LANGLO DOWNS","i":"YLLD","a":null,"k":null,"maj":0,"e":371,"pr":0,"ppr":0}},{"type":"Feature","geometry":{"type":"Point","coordinates":[145.85,-19.397]},"properties":{"n":"LASSIE CREEK STATION","i":"YLCK","a":null,"k":null,"maj":0,"e":335,"pr":0,"ppr":0}},{"type":"Feature","geometry":{"type":"Point","coordinates":[146.47083,-38.21111]},"properties":{"n":"LATROBE VALLEY","i":"YLTV","a":"TGN","k":null,"maj":0,"e":55,"pr":0,"ppr":0}},{"type":"Feature","geometry":{"type":"Point","coordinates":[147.21056,-41.54444]},"properties":{"n":"LAUNCESTON","i":"YMLT","a":"LST","k":null,"maj":1,"e":171,"pr":0,"ppr":0}},{"type":"Feature","geometry":{"type":"Point","coordinates":[144.45,-15.55]},"properties":{"n":"LAURA","i":"YLRA","a":"LUU","k":null,"maj":0,"e":93,"pr":0,"ppr":0}},{"type":"Feature","geometry":{"type":"Point","coordinates":[146.802,-19.322]},"properties":{"n":"LAVERAK","i":"YLVK","a":null,"k":null,"maj":0,"e":3,"pr":0,"ppr":0}},{"type":"Feature","geometry":{"type":"Point","coordinates":[122.42972,-28.61389]},"properties":{"n":"LAVERTON","i":"YLTN","a":"LVO","k":null,"maj":0,"e":466,"pr":0,"ppr":0}},{"type":"Feature","geometry":{"type":"Point","coordinates":[120.53861,-28.09167]},"properties":{"n":"LAWLERS","i":"YLAW","a":null,"k":null,"maj":0,"e":487,"pr":0,"ppr":0}},{"type":"Feature","geometry":{"type":"Point","coordinates":[138.58611,-18.57472]},"properties":{"n":"LAWN HILL","i":"YLAH","a":"LWH","k":null,"maj":0,"e":107,"pr":0,"ppr":0}},{"type":"Feature","geometry":{"type":"Point","coordinates":[114.09028,-22.23361]},"properties":{"n":"LEARMONTH","i":"YPLM","a":"LEA","k":"Military","maj":0,"e":6,"pr":0,"ppr":0}},{"type":"Feature","geometry":{"type":"Point","coordinates":[146.433,-34.5]},"properties":{"n":"LEETON","i":"YLEE","a":null,"k":null,"maj":0,"e":141,"pr":0,"ppr":0}},{"type":"Feature","geometry":{"type":"Point","coordinates":[114.983,-29.983]},"properties":{"n":"LEEMAN","i":"YLEA","a":null,"k":null,"maj":0,"e":2,"pr":0,"ppr":0}},{"type":"Feature","geometry":{"type":"Point","coordinates":[115.0638,-34.0198]},"properties":{"n":"LEEUWIN ESTATE","i":"YLUW","a":null,"k":null,"maj":0,"e":77,"pr":0,"ppr":0}},{"type":"Feature","geometry":{"type":"Point","coordinates":[129.44889,-15.21556]},"properties":{"n":"LEGUNE","i":"YLGU","a":null,"k":null,"maj":0,"e":11,"pr":0,"ppr":0}},{"type":"Feature","geometry":{"type":"Point","coordinates":[138.43167,-30.59972]},"properties":{"n":"LEIGH CREEK","i":"YLEC","a":"LGH","k":null,"maj":0,"e":261,"pr":0,"ppr":0}},{"type":"Feature","geometry":{"type":"Point","coordinates":[120.70417,-27.84417]},"properties":{"n":"LEINSTER","i":"YLST","a":"LER","k":null,"maj":0,"e":497,"pr":0,"ppr":0}},{"type":"Feature","geometry":{"type":"Point","coordinates":[145.86111,-38.49611]},"properties":{"n":"LEONGATHA","i":"YLEG","a":null,"k":null,"maj":0,"e":80,"pr":0,"ppr":0}},{"type":"Feature","geometry":{"type":"Point","coordinates":[121.31222,-28.88194]},"properties":{"n":"LEONORA","i":"YLEO","a":"LNO","k":null,"maj":0,"e":371,"pr":0,"ppr":0}},{"type":"Feature","geometry":{"type":"Point","coordinates":[144.10333,-37.92194]},"properties":{"n":"LETHBRIDGE","i":"YLED","a":null,"k":null,"maj":0,"e":250,"pr":0,"ppr":0}},{"type":"Feature","geometry":{"type":"Point","coordinates":[147.97694,-29.45278]},"properties":{"n":"LIGHTNING RIDGE","i":"YLRD","a":"LHG","k":null,"maj":0,"e":165,"pr":0,"ppr":0}},{"type":"Feature","geometry":{"type":"Point","coordinates":[134,-25.567]},"properties":{"n":"LILLA CREEK","i":"YLLC","a":null,"k":null,"maj":0,"e":358,"pr":0,"ppr":0}},{"type":"Feature","geometry":{"type":"Point","coordinates":[145.36639,-37.6925]},"properties":{"n":"LILYDALE","i":"YLIL","a":null,"k":null,"maj":0,"e":74,"pr":0,"ppr":0}},{"type":"Feature","geometry":{"type":"Point","coordinates":[118.216,-34.225]},"properties":{"n":"LILY DUTCH WINDMILL","i":null,"a":null,"k":null,"maj":0,"e":200,"pr":0,"ppr":0}},{"type":"Feature","geometry":{"type":"Point","coordinates":[129.883,-17.25]},"properties":{"n":"LIMBUNYA STATION","i":"YLIM","a":"LIB","k":null,"maj":0,"e":366,"pr":0,"ppr":0}},{"type":"Feature","geometry":{"type":"Point","coordinates":[143.667,-14.483]},"properties":{"n":"LILY VALE","i":"YLLV","a":null,"k":null,"maj":0,"e":28,"pr":0,"ppr":0}},{"type":"Feature","geometry":{"type":"Point","coordinates":[129.882,-17.236]},"properties":{"n":"LIMBUNYA","i":null,"a":null,"k":null,"maj":0,"e":372,"pr":0,"ppr":0}},{"type":"Feature","geometry":{"type":"Point","coordinates":[149.03944,-20.45222]},"properties":{"n":"LINDEMAN ISLAND","i":"YLIN","a":"LDC","k":null,"maj":0,"e":54,"pr":0,"ppr":0}},{"type":"Feature","geometry":{"type":"Point","coordinates":[153.25851,-28.83083]},"properties":{"n":"LISMORE","i":"YLIS","a":"LSY","k":null,"maj":0,"e":21,"pr":0,"ppr":0}},{"type":"Feature","geometry":{"type":"Point","coordinates":[143.22784,-37.93474]},"properties":{"n":"LISMORE","i":"YLSM","a":null,"k":null,"maj":0,"e":170,"pr":0,"ppr":0}},{"type":"Feature","geometry":{"type":"Point","coordinates":[121.017,-20.758]},"properties":{"n":"LOCHINVAR","i":"YLOC","a":null,"k":null,"maj":0,"e":183,"pr":0,"ppr":0}},{"type":"Feature","geometry":{"type":"Point","coordinates":[145.45389,-14.67278]},"properties":{"n":"LIZARD ISLAND","i":"YLZI","a":"LZR","k":null,"maj":0,"e":21,"pr":0,"ppr":0}},{"type":"Feature","geometry":{"type":"Point","coordinates":[135.693,-33.544]},"properties":{"n":"LOCK","i":"YLOK","a":"LOC","k":null,"maj":0,"e":107,"pr":0,"ppr":0}},{"type":"Feature","geometry":{"type":"Point","coordinates":[143.30611,-12.7875]},"properties":{"n":"LOCKHART RIVER","i":"YLHR","a":"IRG","k":null,"maj":0,"e":23,"pr":0,"ppr":0}},{"type":"Feature","geometry":{"type":"Point","coordinates":[145.34806,-36.81694]},"properties":{"n":"LOCKSLEY FIELD","i":"YLCS","a":null,"k":null,"maj":0,"e":165,"pr":0,"ppr":0}},{"type":"Feature","geometry":{"type":"Point","coordinates":[153.105,-27.708]},"properties":{"n":"LOGAN RESERVE","i":null,"a":null,"k":null,"maj":0,"e":14,"pr":0,"ppr":0}},{"type":"Feature","geometry":{"type":"Point","coordinates":[122.917,-16.517]},"properties":{"n":"LOMBADINA","i":"YLBD","a":null,"k":null,"maj":0,"e":39,"pr":0,"ppr":0}},{"type":"Feature","geometry":{"type":"Point","coordinates":[146.5,-41.333]},"properties":{"n":"LONG HILL","i":"YLHL","a":null,"k":null,"maj":0,"e":96,"pr":0,"ppr":0}},{"type":"Feature","geometry":{"type":"Point","coordinates":[147.14333,-41.69139]},"properties":{"n":"LONGDOWN","i":"YLGD","a":null,"k":null,"maj":0,"e":157,"pr":0,"ppr":0}},{"type":"Feature","geometry":{"type":"Point","coordinates":[147.16917,-38.21972]},"properties":{"n":"LONGFORD","i":"YUOF","a":null,"k":"Heliport","maj":0,"e":53,"pr":0,"ppr":0}},{"type":"Feature","geometry":{"type":"Point","coordinates":[144.2775,-23.43194]},"properties":{"n":"LONGREACH","i":"YLRE","a":"LRE","k":null,"maj":0,"e":191,"pr":0,"ppr":0}},{"type":"Feature","geometry":{"type":"Point","coordinates":[145.778,-38.108]},"properties":{"n":"LONGWARRY","i":"YLOY","a":null,"k":null,"maj":0,"e":46,"pr":0,"ppr":0}},{"type":"Feature","geometry":{"type":"Point","coordinates":[145.46694,-36.81528]},"properties":{"n":"LONGWOOD","i":"YLOD","a":null,"k":null,"maj":0,"e":196,"pr":0,"ppr":0}},{"type":"Feature","geometry":{"type":"Point","coordinates":[127.033,-30.95]},"properties":{"n":"LOONGANA","i":"YLGN","a":null,"k":null,"maj":0,"e":184,"pr":0,"ppr":0}},{"type":"Feature","geometry":{"type":"Point","coordinates":[159.07583,-31.53833]},"properties":{"n":"LORD HOWE ISLAND","i":"YLHI","a":"LDH","k":null,"maj":0,"e":5,"pr":0,"ppr":0}},{"type":"Feature","geometry":{"type":"Point","coordinates":[121.55,-26.217]},"properties":{"n":"LORNA GLEN HOMESTEAD","i":"YLRG","a":null,"k":null,"maj":0,"e":502,"pr":0,"ppr":0}},{"type":"Feature","geometry":{"type":"Point","coordinates":[139.90194,-19.0075]},"properties":{"n":"LORRAINE","i":"YLOR","a":"LOA","k":null,"maj":0,"e":61,"pr":0,"ppr":0}},{"type":"Feature","geometry":{"type":"Point","coordinates":[143.517,-22.533]},"properties":{"n":"LORRAINE STATION","i":"YLRN","a":null,"k":null,"maj":0,"e":248,"pr":0,"ppr":0}},{"type":"Feature","geometry":{"type":"Point","coordinates":[141.37667,-17.04806]},"properties":{"n":"LOTUS VALE STATION","i":"YLOV","a":"LTV","k":null,"maj":0,"e":17,"pr":0,"ppr":0}},{"type":"Feature","geometry":{"type":"Point","coordinates":[126.717,-18.717]},"properties":{"n":"LOUISA DOWNS","i":"YLOU","a":null,"k":null,"maj":0,"e":252,"pr":0,"ppr":0}},{"type":"Feature","geometry":{"type":"Point","coordinates":[145.12861,-30.53139]},"properties":{"n":"LOUTH","i":"YLOH","a":null,"k":null,"maj":0,"e":107,"pr":0,"ppr":0}},{"type":"Feature","geometry":{"type":"Point","coordinates":[144.333,-38.033]},"properties":{"n":"LOVELY BANKS","i":"YLVB","a":null,"k":null,"maj":0,"e":87,"pr":0,"ppr":0}},{"type":"Feature","geometry":{"type":"Point","coordinates":[140.352,-36.972]},"properties":{"n":"LUCINDALE","i":"YLUI","a":null,"k":null,"maj":0,"e":28,"pr":0,"ppr":0}},{"type":"Feature","geometry":{"type":"Point","coordinates":[138.42833,-34.51583]},"properties":{"n":"LOWER LIGHT","i":"YLLT","a":null,"k":null,"maj":0,"e":16,"pr":0,"ppr":0}},{"type":"Feature","geometry":{"type":"Point","coordinates":[140.67056,-34.47639]},"properties":{"n":"LOXTON","i":"YLOX","a":null,"k":null,"maj":0,"e":38,"pr":0,"ppr":0}},{"type":"Feature","geometry":{"type":"Point","coordinates":[145,-18.917]},"properties":{"n":"LUCKY DOWNS","i":"YLKD","a":null,"k":null,"maj":0,"e":0,"pr":0,"ppr":0}},{"type":"Feature","geometry":{"type":"Point","coordinates":[144.371,-19.196]},"properties":{"n":"LYNDHURST","i":"YLHS","a":"LTP","k":null,"maj":0,"e":596,"pr":0,"ppr":0}},{"type":"Feature","geometry":{"type":"Point","coordinates":[136.267,-22.467]},"properties":{"n":"LUCY CREEK","i":"YLUC","a":null,"k":null,"maj":0,"e":337,"pr":0,"ppr":0}},{"type":"Feature","geometry":{"type":"Point","coordinates":[151.233,-26.833]},"properties":{"n":"LYNDLEY","i":"YLYD","a":null,"k":null,"maj":0,"e":389,"pr":0,"ppr":0}},{"type":"Feature","geometry":{"type":"Point","coordinates":[138.91139,-34.61778]},"properties":{"n":"LYNDOCH","i":"YLYK","a":null,"k":null,"maj":0,"e":247,"pr":0,"ppr":0}},{"type":"Feature","geometry":{"type":"Point","coordinates":[115.233,-23.633]},"properties":{"n":"LYNDON","i":"YLYN","a":null,"k":null,"maj":0,"e":220,"pr":0,"ppr":0}},{"type":"Feature","geometry":{"type":"Point","coordinates":[134.333,-28.942]},"properties":{"n":"MABEL CREEK STATION","i":"YMAK","a":null,"k":null,"maj":0,"e":194,"pr":0,"ppr":0}},{"type":"Feature","geometry":{"type":"Point","coordinates":[142.19528,-9.95028]},"properties":{"n":"MABUIAG ISLAND","i":"YMAA","a":"UBB","k":null,"maj":0,"e":9,"pr":0,"ppr":0}},{"type":"Feature","geometry":{"type":"Point","coordinates":[135.233,-22.467]},"properties":{"n":"MACDONALD DOWNS","i":"YMDS","a":"MNW","k":null,"maj":0,"e":454,"pr":0,"ppr":0}},{"type":"Feature","geometry":{"type":"Point","coordinates":[135.199,-22.444]},"properties":{"n":"MACDONALD DOWNS","i":null,"a":null,"k":null,"maj":0,"e":454,"pr":0,"ppr":0}},{"type":"Feature","geometry":{"type":"Point","coordinates":[149.1825,-21.17083]},"properties":{"n":"MACKAY","i":"YBMK","a":"MKY","k":null,"maj":1,"e":6,"pr":0,"ppr":0}},{"type":"Feature","geometry":{"type":"Point","coordinates":[146.483,-20.017]},"properties":{"n":"MACROSSAN","i":"YMCS","a":null,"k":null,"maj":0,"e":260,"pr":0,"ppr":0}},{"type":"Feature","geometry":{"type":"Point","coordinates":[148.34278,-38.47944]},"properties":{"n":"MACKEREL","i":"YUKL","a":null,"k":"Heliport","maj":0,"e":1,"pr":0,"ppr":0}},{"type":"Feature","geometry":{"type":"Point","coordinates":[135.638,-27.262]},"properties":{"n":"MACUMBA","i":"YMAC","a":null,"k":null,"maj":0,"e":106,"pr":0,"ppr":0}},{"type":"Feature","geometry":{"type":"Point","coordinates":[136.433,-31.718]},"properties":{"n":"MAHANEWO","i":"YMWO","a":null,"k":null,"maj":0,"e":142,"pr":0,"ppr":0}},{"type":"Feature","geometry":{"type":"Point","coordinates":[127.033,-31.883]},"properties":{"n":"MADURA","i":"YMAD","a":null,"k":null,"maj":0,"e":105,"pr":0,"ppr":0}},{"type":"Feature","geometry":{"type":"Point","coordinates":[137.70778,-34.39194]},"properties":{"n":"MAITLAND","i":"YMLD","a":null,"k":null,"maj":0,"e":170,"pr":0,"ppr":0}},{"type":"Feature","geometry":{"type":"Point","coordinates":[151.49472,-32.70028]},"properties":{"n":"MAITLAND","i":"YMND","a":"MTL","k":null,"maj":0,"e":26,"pr":0,"ppr":0}},{"type":"Feature","geometry":{"type":"Point","coordinates":[118.056,-34.988]},"properties":{"n":"MAITRAYA RESORT","i":null,"a":null,"k":null,"maj":0,"e":39,"pr":0,"ppr":0}},{"type":"Feature","geometry":{"type":"Point","coordinates":[144.703,-16.223]},"properties":{"n":"MAITLAND DOWNS","i":"YMDW","a":null,"k":null,"maj":0,"e":483,"pr":0,"ppr":0}},{"type":"Feature","geometry":{"type":"Point","coordinates":[118.033,-20.883]},"properties":{"n":"MALINA","i":"YMLA","a":null,"k":null,"maj":0,"e":52,"pr":0,"ppr":0}},{"type":"Feature","geometry":{"type":"Point","coordinates":[149.72083,-37.59889]},"properties":{"n":"MALLACOOTA","i":"YMCO","a":"XMC","k":null,"maj":0,"e":31,"pr":0,"ppr":0}},{"type":"Feature","geometry":{"type":"Point","coordinates":[135.783,-16.967]},"properties":{"n":"MALLAPUNYAH SPRINGS","i":"YMYH","a":null,"k":null,"maj":0,"e":201,"pr":0,"ppr":0}},{"type":"Feature","geometry":{"type":"Point","coordinates":[142.867,-35.05]},"properties":{"n":"MANANGATANG","i":"YMAG","a":null,"k":null,"maj":0,"e":53,"pr":0,"ppr":0}},{"type":"Feature","geometry":{"type":"Point","coordinates":[120.838,-19.738]},"properties":{"n":"MANDORA","i":"YMDI","a":"MQA","k":null,"maj":0,"e":10,"pr":0,"ppr":0}},{"type":"Feature","geometry":{"type":"Point","coordinates":[143.883,-23.367]},"properties":{"n":"MANEROO","i":"YMNO","a":null,"k":null,"maj":0,"e":186,"pr":0,"ppr":0}},{"type":"Feature","geometry":{"type":"Point","coordinates":[116.55,-26.45]},"properties":{"n":"MANFRED","i":"YMNF","a":null,"k":null,"maj":0,"e":314,"pr":0,"ppr":0}},{"type":"Feature","geometry":{"type":"Point","coordinates":[145.18222,-36.88806]},"properties":{"n":"MANGALORE","i":"YMNG","a":null,"k":null,"maj":0,"e":142,"pr":0,"ppr":0}},{"type":"Feature","geometry":{"type":"Point","coordinates":[151.213,-33.285]},"properties":{"n":"MANGROVE MOUNTAIN","i":"YMVM","a":null,"k":null,"maj":0,"e":280,"pr":0,"ppr":0}},{"type":"Feature","geometry":{"type":"Point","coordinates":[134.372,-28.98]},"properties":{"n":"MANGURI","i":"YMAI","a":null,"k":null,"maj":0,"e":202,"pr":0,"ppr":0}},{"type":"Feature","geometry":{"type":"Point","coordinates":[116.14028,-34.26556]},"properties":{"n":"MANJIMUP","i":"YMJM","a":"MJP","k":null,"maj":0,"e":287,"pr":0,"ppr":0}},{"type":"Feature","geometry":{"type":"Point","coordinates":[134.23639,-12.05861]},"properties":{"n":"MANINGRIDA","i":"YMGD","a":"MNG","k":null,"maj":0,"e":37,"pr":0,"ppr":0}},{"type":"Feature","geometry":{"type":"Point","coordinates":[137.983,-22.1]},"properties":{"n":"MANNERS CREEK","i":"YMCR","a":"MFP","k":null,"maj":0,"e":185,"pr":0,"ppr":0}},{"type":"Feature","geometry":{"type":"Point","coordinates":[146.12056,-37.07361]},"properties":{"n":"MANSFIELD","i":"YMFD","a":null,"k":null,"maj":0,"e":335,"pr":0,"ppr":0}},{"type":"Feature","geometry":{"type":"Point","coordinates":[133.125,-14.932]},"properties":{"n":"MARARANKA HOMESTEAD","i":"YMKA","a":null,"k":null,"maj":0,"e":128,"pr":0,"ppr":0}},{"type":"Feature","geometry":{"type":"Point","coordinates":[131.625,-30.163]},"properties":{"n":"MARALINGA","i":"YMRA","a":null,"k":null,"maj":0,"e":259,"pr":0,"ppr":0}},{"type":"Feature","geometry":{"type":"Point","coordinates":[119.8325,-21.16278]},"properties":{"n":"MARBLE BAR","i":"YMBL","a":"MBB","k":null,"maj":0,"e":194,"pr":0,"ppr":0}},{"type":"Feature","geometry":{"type":"Point","coordinates":[115.983,-21.2]},"properties":{"n":"MARDI STATION","i":"YMDZ","a":null,"k":null,"maj":0,"e":14,"pr":0,"ppr":0}},{"type":"Feature","geometry":{"type":"Point","coordinates":[145.42389,-17.07]},"properties":{"n":"MAREEBA","i":"YMBA","a":"MRG","k":null,"maj":0,"e":475,"pr":0,"ppr":0}},{"type":"Feature","geometry":{"type":"Point","coordinates":[115.09972,-33.93056]},"properties":{"n":"MARGARET RIVER","i":"YMGT","a":"MQZ","k":null,"maj":0,"e":114,"pr":0,"ppr":0}},{"type":"Feature","geometry":{"type":"Point","coordinates":[126.87972,-18.62194]},"properties":{"n":"MARGARET RIVER STN","i":"YMGR","a":"MGV","k":null,"maj":0,"e":278,"pr":0,"ppr":0}},{"type":"Feature","geometry":{"type":"Point","coordinates":[139.667,-23.367]},"properties":{"n":"MARION DOWNS","i":"YMWX","a":"MXD","k":null,"maj":0,"e":117,"pr":0,"ppr":0}},{"type":"Feature","geometry":{"type":"Point","coordinates":[148.22083,-38.23056]},"properties":{"n":"MARLIN","i":"YUPX","a":null,"k":"Heliport","maj":0,"e":1,"pr":0,"ppr":0}},{"type":"Feature","geometry":{"type":"Point","coordinates":[133.62778,-27.33472]},"properties":{"n":"MARLA","i":"YALA","a":"MRP","k":null,"maj":0,"e":328,"pr":0,"ppr":0}},{"type":"Feature","geometry":{"type":"Point","coordinates":[137.251,-22.806]},"properties":{"n":"MARQUA","i":"YMQA","a":"MQE","k":null,"maj":0,"e":271,"pr":0,"ppr":0}},{"type":"Feature","geometry":{"type":"Point","coordinates":[138.06583,-29.66333]},"properties":{"n":"MARREE","i":"YMRE","a":"RRE","k":null,"maj":0,"e":50,"pr":0,"ppr":0}},{"type":"Feature","geometry":{"type":"Point","coordinates":[139.111,-31.474]},"properties":{"n":"MARTINS WELL","i":"YMTW","a":null,"k":null,"maj":0,"e":171,"pr":0,"ppr":0}},{"type":"Feature","geometry":{"type":"Point","coordinates":[152.71361,-25.51361]},"properties":{"n":"MARYBOROUGH","i":"YMYB","a":"MBH","k":null,"maj":0,"e":12,"pr":0,"ppr":0}},{"type":"Feature","geometry":{"type":"Point","coordinates":[119.533,-31.467]},"properties":{"n":"MARVEL LOCH","i":"YMVH","a":null,"k":null,"maj":0,"e":434,"pr":0,"ppr":0}},{"type":"Feature","geometry":{"type":"Point","coordinates":[143.7075,-37.035]},"properties":{"n":"MARYBOROUGH","i":"YMBU","a":null,"k":null,"maj":0,"e":233,"pr":0,"ppr":0}},{"type":"Feature","geometry":{"type":"Point","coordinates":[143.75,-15.05]},"properties":{"n":"MARY VALLEY","i":"YMYY","a":null,"k":null,"maj":0,"e":72,"pr":0,"ppr":0}},{"type":"Feature","geometry":{"type":"Point","coordinates":[119.755,-25.093]},"properties":{"n":"MARYMIA","i":"YMYI","a":null,"k":null,"maj":0,"e":634,"pr":0,"ppr":0}},{"type":"Feature","geometry":{"type":"Point","coordinates":[136.08306,-16.44194]},"properties":{"n":"MCARTHUR RIVER MINE","i":"YMHU","a":"MCV","k":null,"maj":0,"e":41,"pr":0,"ppr":0}},{"type":"Feature","geometry":{"type":"Point","coordinates":[151.51389,-27.34917]},"properties":{"n":"MCCAFFREY FIELD DARLING DOWNS","i":"YMCF","a":null,"k":"Glider site","maj":0,"e":369,"pr":0,"ppr":0}},{"type":"Feature","geometry":{"type":"Point","coordinates":[141.288,-21.283]},"properties":{"n":"MCKINLEY","i":"YMCK","a":null,"k":null,"maj":0,"e":175,"pr":0,"ppr":0}},{"type":"Feature","geometry":{"type":"Point","coordinates":[144.83806,-37.66972]},"properties":{"n":"MELBOURNE","i":"YMML","a":"MEL","k":null,"maj":1,"e":118,"pr":0,"ppr":0}},{"type":"Feature","geometry":{"type":"Point","coordinates":[118.54611,-26.60833]},"properties":{"n":"MEEKATHARRA","i":"YMEK","a":"MKR","k":null,"maj":0,"e":522,"pr":0,"ppr":0}},{"type":"Feature","geometry":{"type":"Point","coordinates":[144.90389,-37.73111]},"properties":{"n":"MELBOURNE ESSENDON","i":"YMEN","a":"MEB","k":null,"maj":1,"e":86,"pr":0,"ppr":0}},{"type":"Feature","geometry":{"type":"Point","coordinates":[145.09972,-37.97778]},"properties":{"n":"MELBOURNE MOORABBIN","i":"YMMB","a":"MBW","k":null,"maj":1,"e":15,"pr":0,"ppr":0}},{"type":"Feature","geometry":{"type":"Point","coordinates":[144.56333,-37.62306]},"properties":{"n":"MELTON","i":"YMEL","a":null,"k":null,"maj":0,"e":204,"pr":0,"ppr":0}},{"type":"Feature","geometry":{"type":"Point","coordinates":[121.3,-27.933]},"properties":{"n":"MELROSE","i":"YMRS","a":null,"k":null,"maj":0,"e":466,"pr":0,"ppr":0}},{"type":"Feature","geometry":{"type":"Point","coordinates":[115.84139,-31.9775]},"properties":{"n":"MELVILLE","i":"YMET","a":null,"k":"Water","maj":0,"e":3,"pr":0,"ppr":0}},{"type":"Feature","geometry":{"type":"Point","coordinates":[142.405,-32.367]},"properties":{"n":"MENINDEE","i":"YMED","a":null,"k":null,"maj":0,"e":73,"pr":0,"ppr":0}},{"type":"Feature","geometry":{"type":"Point","coordinates":[139.34417,-35.7025]},"properties":{"n":"MENINGIE","i":"YMEG","a":null,"k":null,"maj":0,"e":4,"pr":0,"ppr":0}},{"type":"Feature","geometry":{"type":"Point","coordinates":[121.017,-29.667]},"properties":{"n":"MENZIES","i":"YMZI","a":null,"k":null,"maj":0,"e":426,"pr":0,"ppr":0}},{"type":"Feature","geometry":{"type":"Point","coordinates":[142.417,-13.717]},"properties":{"n":"MERAPAH","i":"YMEP","a":null,"k":null,"maj":0,"e":77,"pr":0,"ppr":0}},{"type":"Feature","geometry":{"type":"Point","coordinates":[144.083,-37.883]},"properties":{"n":"MEREDITH","i":"YEDH","a":null,"k":null,"maj":0,"e":295,"pr":0,"ppr":0}},{"type":"Feature","geometry":{"type":"Point","coordinates":[131.565,-23.97917]},"properties":{"n":"MEREENIE","i":"YMEI","a":null,"k":null,"maj":0,"e":735,"pr":0,"ppr":0}},{"type":"Feature","geometry":{"type":"Point","coordinates":[149.90167,-36.90694]},"properties":{"n":"MERIMBULA","i":"YMER","a":"MIM","k":null,"maj":0,"e":2,"pr":0,"ppr":0}},{"type":"Feature","geometry":{"type":"Point","coordinates":[142.483,-13.05]},"properties":{"n":"MERLUNA","i":"YMEU","a":"MLV","k":null,"maj":0,"e":92,"pr":0,"ppr":0}},{"type":"Feature","geometry":{"type":"Point","coordinates":[118.32611,-31.5225]},"properties":{"n":"MERREDIN","i":"YMDN","a":null,"k":null,"maj":0,"e":384,"pr":0,"ppr":0}},{"type":"Feature","geometry":{"type":"Point","coordinates":[145.717,-36.983]},"properties":{"n":"MERTON","i":"YMEO","a":null,"k":null,"maj":0,"e":339,"pr":0,"ppr":0}},{"type":"Feature","geometry":{"type":"Point","coordinates":[140.317,-28.583]},"properties":{"n":"MERTY MERTY","i":"YMYT","a":"RTY","k":null,"maj":0,"e":37,"pr":0,"ppr":0}},{"type":"Feature","geometry":{"type":"Point","coordinates":[150.81111,-31.97472]},"properties":{"n":"MIDDLEBROOK STATION SCONE","i":null,"a":null,"k":null,"maj":0,"e":274,"pr":0,"ppr":0}},{"type":"Feature","geometry":{"type":"Point","coordinates":[114.767,-23.9]},"properties":{"n":"MIDDALYA HOMESTEAD","i":"YMIX","a":null,"k":null,"maj":0,"e":129,"pr":0,"ppr":0}},{"type":"Feature","geometry":{"type":"Point","coordinates":[115.789,-32.6727]},"properties":{"n":"MIDWAY FARM STALL","i":null,"a":null,"k":null,"maj":0,"e":8,"pr":0,"ppr":0}},{"type":"Feature","geometry":{"type":"Point","coordinates":[148.70583,-22.80083]},"properties":{"n":"MIDDLEMOUNT","i":"YMMU","a":"MMM","k":null,"maj":0,"e":167,"pr":0,"ppr":0}},{"type":"Feature","geometry":{"type":"Point","coordinates":[146.43306,-36.45639]},"properties":{"n":"MILAWA","i":"YILA","a":null,"k":null,"maj":0,"e":161,"pr":0,"ppr":0}},{"type":"Feature","geometry":{"type":"Point","coordinates":[142.08361,-34.22806]},"properties":{"n":"MILDURA","i":"YMIA","a":"MQL","k":null,"maj":0,"e":51,"pr":0,"ppr":0}},{"type":"Feature","geometry":{"type":"Point","coordinates":[150.16889,-26.80667]},"properties":{"n":"MILES","i":"YMLS","a":"WLE","k":null,"maj":0,"e":304,"pr":0,"ppr":0}},{"type":"Feature","geometry":{"type":"Point","coordinates":[117.333,-26.367]},"properties":{"n":"MILEURA","i":"YMUX","a":null,"k":null,"maj":0,"e":405,"pr":0,"ppr":0}},{"type":"Feature","geometry":{"type":"Point","coordinates":[118.333,-25.083]},"properties":{"n":"MILGUN","i":"YMIL","a":null,"k":null,"maj":0,"e":460,"pr":0,"ppr":0}},{"type":"Feature","geometry":{"type":"Point","coordinates":[140.36639,-37.58306]},"properties":{"n":"MILLICENT","i":"YMCT","a":"MLR","k":null,"maj":0,"e":17,"pr":0,"ppr":0}},{"type":"Feature","geometry":{"type":"Point","coordinates":[134.89333,-12.095]},"properties":{"n":"MILINGIMBI","i":"YMGB","a":"MGT","k":null,"maj":0,"e":16,"pr":0,"ppr":0}},{"type":"Feature","geometry":{"type":"Point","coordinates":[150.69722,-23.32583]},"properties":{"n":"MILL IRON","i":"YMIO","a":null,"k":null,"maj":0,"e":56,"pr":0,"ppr":0}},{"type":"Feature","geometry":{"type":"Point","coordinates":[120.95,-26.4]},"properties":{"n":"MILLROSE HOMESTEAD","i":"YMIS","a":null,"k":null,"maj":0,"e":552,"pr":0,"ppr":0}},{"type":"Feature","geometry":{"type":"Point","coordinates":[151.27222,-27.86]},"properties":{"n":"MILLMERRAN","i":"YMMN","a":null,"k":null,"maj":0,"e":396,"pr":0,"ppr":0}},{"type":"Feature","geometry":{"type":"Point","coordinates":[141.562,-19.858]},"properties":{"n":"MILLUNGERA","i":"YMLL","a":null,"k":null,"maj":0,"e":103,"pr":0,"ppr":0}},{"type":"Feature","geometry":{"type":"Point","coordinates":[150.439,-35.321]},"properties":{"n":"MILTON","i":"YILT","a":null,"k":null,"maj":0,"e":52,"pr":0,"ppr":0}},{"type":"Feature","geometry":{"type":"Point","coordinates":[133.002,-23.35746]},"properties":{"n":"MILTON PARK","i":"YMPK","a":null,"k":null,"maj":0,"e":632,"pr":0,"ppr":0}},{"type":"Feature","geometry":{"type":"Point","coordinates":[115.05306,-21.99306]},"properties":{"n":"MINDEROO","i":"YMDR","a":null,"k":null,"maj":0,"e":23,"pr":0,"ppr":0}},{"type":"Feature","geometry":{"type":"Point","coordinates":[121.783,-27.583]},"properties":{"n":"MILURIE HOMESTEAD","i":"YMLX","a":null,"k":null,"maj":0,"e":478,"pr":0,"ppr":0}},{"type":"Feature","geometry":{"type":"Point","coordinates":[115.45,-29.267]},"properties":{"n":"MINGENEW","i":"YMEW","a":null,"k":null,"maj":0,"e":306,"pr":0,"ppr":0}},{"type":"Feature","geometry":{"type":"Point","coordinates":[137.533,-34.75]},"properties":{"n":"MINLATON","i":"YMIN","a":"XML","k":null,"maj":0,"e":40,"pr":0,"ppr":0}},{"type":"Feature","geometry":{"type":"Point","coordinates":[132.547,-11.158]},"properties":{"n":"MINJILANG","i":"YMIJ","a":null,"k":null,"maj":0,"e":8,"pr":0,"ppr":0}},{"type":"Feature","geometry":{"type":"Point","coordinates":[145.167,-18.183]},"properties":{"n":"MINNAMOOLKA","i":"YMLK","a":null,"k":null,"maj":0,"e":702,"pr":0,"ppr":0}},{"type":"Feature","geometry":{"type":"Point","coordinates":[133.3025,-27.32972]},"properties":{"n":"MINTABIE","i":"YMIB","a":null,"k":null,"maj":0,"e":390,"pr":0,"ppr":0}},{"type":"Feature","geometry":{"type":"Point","coordinates":[135.14472,-32.83889]},"properties":{"n":"MINNIPA","i":"YMPA","a":"MIN","k":null,"maj":0,"e":155,"pr":0,"ppr":0}},{"type":"Feature","geometry":{"type":"Point","coordinates":[121.8,-28.883]},"properties":{"n":"MINURA","i":"YMNX","a":null,"k":null,"maj":0,"e":435,"pr":0,"ppr":0}},{"type":"Feature","geometry":{"type":"Point","coordinates":[147.32659,-30.14857]},"properties":{"n":"MIRALWYN","i":null,"a":null,"k":null,"maj":0,"e":114,"pr":0,"ppr":0}},{"type":"Feature","geometry":{"type":"Point","coordinates":[141.886,-17.329]},"properties":{"n":"MIRANDA DOWNS","i":null,"a":null,"k":null,"maj":0,"e":55,"pr":0,"ppr":0}},{"type":"Feature","geometry":{"type":"Point","coordinates":[147.94389,-26.48639]},"properties":{"n":"MITCHELL","i":"YMIT","a":"MTQ","k":null,"maj":0,"e":349,"pr":0,"ppr":0}},{"type":"Feature","geometry":{"type":"Point","coordinates":[125.824,-14.791]},"properties":{"n":"MITCHELL PLATEAU","i":"YMIP","a":"MIH","k":null,"maj":0,"e":325,"pr":0,"ppr":0}},{"type":"Feature","geometry":{"type":"Point","coordinates":[150.49722,-34.45028]},"properties":{"n":"MITTAGONG","i":"YMIG","a":null,"k":null,"maj":0,"e":561,"pr":0,"ppr":0}},{"type":"Feature","geometry":{"type":"Point","coordinates":[147.35917,-36.51389]},"properties":{"n":"MITTA MITTA","i":"YITT","a":null,"k":null,"maj":0,"e":262,"pr":0,"ppr":0}},{"type":"Feature","geometry":{"type":"Point","coordinates":[137,-18.8]},"properties":{"n":"MITTEBAH","i":"YMTA","a":"MIY","k":null,"maj":0,"e":277,"pr":0,"ppr":0}},{"type":"Feature","geometry":{"type":"Point","coordinates":[133.345,-29.798]},"properties":{"n":"MOBELLA","i":"YLLA","a":null,"k":null,"maj":0,"e":183,"pr":0,"ppr":0}},{"type":"Feature","geometry":{"type":"Point","coordinates":[144.76472,-36.07583]},"properties":{"n":"MOAMA","i":"YMMO","a":null,"k":null,"maj":0,"e":97,"pr":0,"ppr":0}},{"type":"Feature","geometry":{"type":"Point","coordinates":[144.09222,-38.26056]},"properties":{"n":"MODEWARRE","i":"YMOD","a":null,"k":null,"maj":0,"e":123,"pr":0,"ppr":0}},{"type":"Feature","geometry":{"type":"Point","coordinates":[115.1936,-34.2712]},"properties":{"n":"MOLLOY ISLAND","i":null,"a":null,"k":null,"maj":0,"e":5,"pr":0,"ppr":0}},{"type":"Feature","geometry":{"type":"Point","coordinates":[146.333,-41.533]},"properties":{"n":"MOLE CREEK","i":"YMLC","a":null,"k":null,"maj":0,"e":230,"pr":0,"ppr":0}},{"type":"Feature","geometry":{"type":"Point","coordinates":[140.55333,-24.81861]},"properties":{"n":"MONKIRA","i":"YMNK","a":"ONR","k":null,"maj":0,"e":81,"pr":0,"ppr":0}},{"type":"Feature","geometry":{"type":"Point","coordinates":[151.917,-24.875]},"properties":{"n":"MONDURAN","i":"YMUA","a":null,"k":null,"maj":0,"e":39,"pr":0,"ppr":0}},{"type":"Feature","geometry":{"type":"Point","coordinates":[143.233,-30.2]},"properties":{"n":"MONOLON","i":"YMLN","a":null,"k":null,"maj":0,"e":141,"pr":0,"ppr":0}},{"type":"Feature","geometry":{"type":"Point","coordinates":[151.10167,-24.89222]},"properties":{"n":"MONTO","i":"YMTO","a":"MNQ","k":null,"maj":0,"e":231,"pr":0,"ppr":0}},{"type":"Feature","geometry":{"type":"Point","coordinates":[139.75,-29.917]},"properties":{"n":"MOOLAWATANA","i":"YMWT","a":"MWT","k":null,"maj":0,"e":81,"pr":0,"ppr":0}},{"type":"Feature","geometry":{"type":"Point","coordinates":[140.533,-31.633]},"properties":{"n":"MOOLEULOOLOO","i":"YLUL","a":null,"k":null,"maj":0,"e":116,"pr":0,"ppr":0}},{"type":"Feature","geometry":{"type":"Point","coordinates":[131.5,-16.333]},"properties":{"n":"MOOLOOLA HOMESTEAD","i":"YOOO","a":null,"k":null,"maj":0,"e":147,"pr":0,"ppr":0}},{"type":"Feature","geometry":{"type":"Point","coordinates":[140.1975,-28.09889]},"properties":{"n":"MOOMBA","i":"YOOM","a":"MOO","k":null,"maj":0,"e":56,"pr":0,"ppr":0}},{"type":"Feature","geometry":{"type":"Point","coordinates":[143.28528,-36.97111]},"properties":{"n":"MOONAMBEL","i":null,"a":null,"k":null,"maj":0,"e":313,"pr":0,"ppr":0}},{"type":"Feature","geometry":{"type":"Point","coordinates":[135.875,-31.966]},"properties":{"n":"MOONAREE","i":"YMOE","a":null,"k":null,"maj":0,"e":168,"pr":0,"ppr":0}},{"type":"Feature","geometry":{"type":"Point","coordinates":[126.586,-31.689]},"properties":{"n":"MOONERAH","i":"YORA","a":null,"k":null,"maj":0,"e":107,"pr":0,"ppr":0}},{"type":"Feature","geometry":{"type":"Point","coordinates":[115.9824,-30.685]},"properties":{"n":"MOORA","i":null,"a":null,"k":null,"maj":0,"e":203,"pr":0,"ppr":0}},{"type":"Feature","geometry":{"type":"Point","coordinates":[140.983,-25.25]},"properties":{"n":"MOORABERREE","i":"YMOO","a":"OOR","k":null,"maj":0,"e":26,"pr":0,"ppr":0}},{"type":"Feature","geometry":{"type":"Point","coordinates":[148.07639,-22.05806]},"properties":{"n":"MORANBAH","i":"YMRB","a":"MOV","k":null,"maj":0,"e":235,"pr":0,"ppr":0}},{"type":"Feature","geometry":{"type":"Point","coordinates":[149.84556,-29.49917]},"properties":{"n":"MOREE","i":"YMOR","a":"MRZ","k":null,"maj":0,"e":214,"pr":0,"ppr":0}},{"type":"Feature","geometry":{"type":"Point","coordinates":[116.02194,-29.2025]},"properties":{"n":"MORAWA","i":"YMRW","a":"MWB","k":null,"maj":0,"e":270,"pr":0,"ppr":0}},{"type":"Feature","geometry":{"type":"Point","coordinates":[142.638,-12.444]},"properties":{"n":"MORETON","i":"YMOT","a":"MET","k":null,"maj":0,"e":48,"pr":0,"ppr":0}},{"type":"Feature","geometry":{"type":"Point","coordinates":[141.43361,-25.35889]},"properties":{"n":"MORNEY","i":"YMNY","a":"OXY","k":null,"maj":0,"e":104,"pr":0,"ppr":0}},{"type":"Feature","geometry":{"type":"Point","coordinates":[139.17,-16.66139]},"properties":{"n":"MORNINGTON ISLAND","i":"YMTI","a":"ONG","k":null,"maj":0,"e":10,"pr":0,"ppr":0}},{"type":"Feature","geometry":{"type":"Point","coordinates":[150.14667,-35.89556]},"properties":{"n":"MORUYA","i":"YMRY","a":"MYA","k":null,"maj":0,"e":4,"pr":0,"ppr":0}},{"type":"Feature","geometry":{"type":"Point","coordinates":[126.229,-17.394]},"properties":{"n":"MORNINGTON STATION","i":"YMNT","a":null,"k":null,"maj":0,"e":290,"pr":0,"ppr":0}},{"type":"Feature","geometry":{"type":"Point","coordinates":[147.1,-26.4]},"properties":{"n":"MORVEN","i":"YMVN","a":null,"k":null,"maj":0,"e":430,"pr":0,"ppr":0}},{"type":"Feature","geometry":{"type":"Point","coordinates":[116.917,-24.3]},"properties":{"n":"MOUNT AUGUSTA","i":"YMAU","a":null,"k":null,"maj":0,"e":387,"pr":0,"ppr":0}},{"type":"Feature","geometry":{"type":"Point","coordinates":[144.017,-35.067]},"properties":{"n":"MOULAMEIN","i":"YMOM","a":null,"k":null,"maj":0,"e":69,"pr":0,"ppr":0}},{"type":"Feature","geometry":{"type":"Point","coordinates":[132.217,-22.275]},"properties":{"n":"MOUNT ALLAN","i":"YMNA","a":null,"k":null,"maj":0,"e":689,"pr":0,"ppr":0}},{"type":"Feature","geometry":{"type":"Point","coordinates":[125.909,-16.737]},"properties":{"n":"MOUNT BARNET","i":"YBAN","a":"MBN","k":null,"maj":0,"e":402,"pr":0,"ppr":0}},{"type":"Feature","geometry":{"type":"Point","coordinates":[135,-28.233]},"properties":{"n":"MOUNT BARRY","i":"YMNB","a":null,"k":null,"maj":0,"e":0,"pr":0,"ppr":0}},{"type":"Feature","geometry":{"type":"Point","coordinates":[147.16833,-36.73083]},"properties":{"n":"MOUNT BEAUTY","i":"YMBT","a":null,"k":null,"maj":0,"e":335,"pr":0,"ppr":0}},{"type":"Feature","geometry":{"type":"Point","coordinates":[132.907,-12.098]},"properties":{"n":"MOUNT BORRADALE","i":"YMUE","a":null,"k":null,"maj":0,"e":32,"pr":0,"ppr":0}},{"type":"Feature","geometry":{"type":"Point","coordinates":[131.90694,-12.89]},"properties":{"n":"MOUNT BUNDEY","i":"YMDY","a":null,"k":null,"maj":0,"e":59,"pr":0,"ppr":0}},{"type":"Feature","geometry":{"type":"Point","coordinates":[133.2,-25.967]},"properties":{"n":"MOUNT CAVENAGH","i":"YMVG","a":null,"k":null,"maj":0,"e":539,"pr":0,"ppr":0}},{"type":"Feature","geometry":{"type":"Point","coordinates":[134.358,-28.833]},"properties":{"n":"MOUNT CLARENCE","i":"YMTC","a":null,"k":null,"maj":0,"e":217,"pr":0,"ppr":0}},{"type":"Feature","geometry":{"type":"Point","coordinates":[147.33111,-21.3875]},"properties":{"n":"MOUNT COOLON","i":"YMCL","a":null,"k":null,"maj":0,"e":229,"pr":0,"ppr":0}},{"type":"Feature","geometry":{"type":"Point","coordinates":[117.583,-25.1]},"properties":{"n":"MOUNT CLERE HOMESTEAD","i":"YMCE","a":null,"k":null,"maj":0,"e":421,"pr":0,"ppr":0}},{"type":"Feature","geometry":{"type":"Point","coordinates":[146.767,-20.517]},"properties":{"n":"MOUNT COOPER","i":"YMPE","a":null,"k":null,"maj":0,"e":270,"pr":0,"ppr":0}},{"type":"Feature","geometry":{"type":"Point","coordinates":[135.247,-26.062]},"properties":{"n":"MOUNT DARE","i":"YMTX","a":null,"k":null,"maj":0,"e":159,"pr":0,"ppr":0}},{"type":"Feature","geometry":{"type":"Point","coordinates":[129.133,-26.167]},"properties":{"n":"MOUNT DAVIES","i":"YMDV","a":null,"k":null,"maj":0,"e":629,"pr":0,"ppr":0}},{"type":"Feature","geometry":{"type":"Point","coordinates":[132.07,-22.142]},"properties":{"n":"MOUNT DENISON","i":"YMNN","a":null,"k":null,"maj":0,"e":657,"pr":0,"ppr":0}},{"type":"Feature","geometry":{"type":"Point","coordinates":[135.671,-30.176]},"properties":{"n":"MOUNT EBA","i":"YMEB","a":null,"k":null,"maj":0,"e":160,"pr":0,"ppr":0}},{"type":"Feature","geometry":{"type":"Point","coordinates":[119.83,-30.402]},"properties":{"n":"MOUNT DIMER","i":"YDME","a":null,"k":null,"maj":0,"e":504,"pr":0,"ppr":0}},{"type":"Feature","geometry":{"type":"Point","coordinates":[143.17783,-37.9025]},"properties":{"n":"MOUNT ELEPHANT","i":"YMPH","a":null,"k":null,"maj":0,"e":182,"pr":0,"ppr":0}},{"type":"Feature","geometry":{"type":"Point","coordinates":[132.633,-25.167]},"properties":{"n":"MOUNT EBENEZER","i":"YMBZ","a":null,"k":null,"maj":0,"e":485,"pr":0,"ppr":0}},{"type":"Feature","geometry":{"type":"Point","coordinates":[126.1,-16.433]},"properties":{"n":"MOUNT ELIZABETH","i":"YMTZ","a":null,"k":null,"maj":0,"e":545,"pr":0,"ppr":0}},{"type":"Feature","geometry":{"type":"Point","coordinates":[140.78861,-37.74778]},"properties":{"n":"MOUNT GAMBIER","i":"YMTG","a":"MGB","k":null,"maj":0,"e":65,"pr":0,"ppr":0}},{"type":"Feature","geometry":{"type":"Point","coordinates":[139.474,-29.909]},"properties":{"n":"MOUNT FITTON TALC","i":"YFTN","a":null,"k":null,"maj":0,"e":254,"pr":0,"ppr":0}},{"type":"Feature","geometry":{"type":"Point","coordinates":[145.15,-17.7]},"properties":{"n":"MOUNT GARNET","i":"YMRT","a":null,"k":null,"maj":0,"e":200,"pr":0,"ppr":0}},{"type":"Feature","geometry":{"type":"Point","coordinates":[137.174,-31.46]},"properties":{"n":"MOUNT GUNSON","i":"YMGN","a":"GSN","k":null,"maj":0,"e":87,"pr":0,"ppr":0}},{"type":"Feature","geometry":{"type":"Point","coordinates":[139.40417,-19.7725]},"properties":{"n":"MOUNT GORDON","i":"YGON","a":"GPD","k":null,"maj":0,"e":274,"pr":0,"ppr":0}},{"type":"Feature","geometry":{"type":"Point","coordinates":[124.908,-16.82]},"properties":{"n":"MOUNT HART STATION","i":"YMHT","a":null,"k":null,"maj":0,"e":197,"pr":0,"ppr":0}},{"type":"Feature","geometry":{"type":"Point","coordinates":[119.76556,-32.1125]},"properties":{"n":"MOUNT HOLLAND","i":"YMHL","a":null,"k":null,"maj":0,"e":457,"pr":0,"ppr":0}},{"type":"Feature","geometry":{"type":"Point","coordinates":[135.338,-34.137]},"properties":{"n":"MOUNT HOPE","i":"YMTP","a":null,"k":null,"maj":0,"e":155,"pr":0,"ppr":0}},{"type":"Feature","geometry":{"type":"Point","coordinates":[147.33528,-37.04833]},"properties":{"n":"MOUNT HOTHAM","i":"YHOT","a":"MHU","k":null,"maj":0,"e":1298,"pr":0,"ppr":0}},{"type":"Feature","geometry":{"type":"Point","coordinates":[125.71417,-17.05111]},"properties":{"n":"MOUNT HOUSE","i":"YMHO","a":"MHO","k":null,"maj":0,"e":276,"pr":0,"ppr":0}},{"type":"Feature","geometry":{"type":"Point","coordinates":[142.2825,-26.51028]},"properties":{"n":"MOUNT HOWITT","i":"YMHW","a":null,"k":null,"maj":0,"e":105,"pr":0,"ppr":0}},{"type":"Feature","geometry":{"type":"Point","coordinates":[136.069,-32.444]},"properties":{"n":"MOUNT IVE","i":"YMIV","a":null,"k":null,"maj":0,"e":177,"pr":0,"ppr":0}},{"type":"Feature","geometry":{"type":"Point","coordinates":[139.48833,-20.66611]},"properties":{"n":"MOUNT ISA","i":"YBMA","a":"ISA","k":null,"maj":0,"e":342,"pr":0,"ppr":0}},{"type":"Feature","geometry":{"type":"Point","coordinates":[116.933,-24.617]},"properties":{"n":"MOUNT JAMES","i":"YMJE","a":null,"k":null,"maj":0,"e":449,"pr":0,"ppr":0}},{"type":"Feature","geometry":{"type":"Point","coordinates":[131.26,-23.243]},"properties":{"n":"MOUNT LIEBIG","i":"YLBG","a":null,"k":null,"maj":0,"e":621,"pr":0,"ppr":0}},{"type":"Feature","geometry":{"type":"Point","coordinates":[120.55389,-27.28694]},"properties":{"n":"MOUNT KEITH","i":"YMNE","a":"WME","k":null,"maj":0,"e":546,"pr":0,"ppr":0}},{"type":"Feature","geometry":{"type":"Point","coordinates":[129.885,-27.018]},"properties":{"n":"MOUNT LINDSAY","i":"YLSY","a":null,"k":null,"maj":0,"e":596,"pr":0,"ppr":0}},{"type":"Feature","geometry":{"type":"Point","coordinates":[117.84083,-28.11556]},"properties":{"n":"MOUNT MAGNET","i":"YMOG","a":"MMG","k":null,"maj":0,"e":413,"pr":0,"ppr":0}},{"type":"Feature","geometry":{"type":"Point","coordinates":[143.317,-26.933]},"properties":{"n":"MOUNT MARGARET","i":"YMMT","a":null,"k":null,"maj":0,"e":180,"pr":0,"ppr":0}},{"type":"Feature","geometry":{"type":"Point","coordinates":[120.917,-27.47]},"properties":{"n":"MOUNT MCCLURE","i":"YMCU","a":null,"k":null,"maj":0,"e":536,"pr":0,"ppr":0}},{"type":"Feature","geometry":{"type":"Point","coordinates":[122.034,-28.787]},"properties":{"n":"MOUNT MORGANS","i":"YMGS","a":null,"k":null,"maj":0,"e":428,"pr":0,"ppr":0}},{"type":"Feature","geometry":{"type":"Point","coordinates":[134.683,-23.033]},"properties":{"n":"MOUNT RIDDOCK","i":"YMDK","a":null,"k":null,"maj":0,"e":605,"pr":0,"ppr":0}},{"type":"Feature","geometry":{"type":"Point","coordinates":[151.41,-31.39]},"properties":{"n":"MOUNT SANDON","i":"YMSO","a":null,"k":null,"maj":0,"e":415,"pr":0,"ppr":0}},{"type":"Feature","geometry":{"type":"Point","coordinates":[130.55583,-16.97639]},"properties":{"n":"MOUNT SANFORD STATION","i":"YMSF","a":"MTD","k":null,"maj":0,"e":231,"pr":0,"ppr":0}},{"type":"Feature","geometry":{"type":"Point","coordinates":[135.242,-27.043]},"properties":{"n":"MOUNT SARAH","i":"YSAR","a":null,"k":null,"maj":0,"e":147,"pr":0,"ppr":0}},{"type":"Feature","geometry":{"type":"Point","coordinates":[134.117,-22.183]},"properties":{"n":"MOUNT SKINNER","i":"YMSK","a":null,"k":null,"maj":0,"e":520,"pr":0,"ppr":0}},{"type":"Feature","geometry":{"type":"Point","coordinates":[135.017,-22.6]},"properties":{"n":"MOUNT SWAN","i":"YMNS","a":"MSF","k":null,"maj":0,"e":500,"pr":0,"ppr":0}},{"type":"Feature","geometry":{"type":"Point","coordinates":[144.285,-18.126]},"properties":{"n":"MOUNT SURPRISE","i":"YMSP","a":null,"k":null,"maj":0,"e":437,"pr":0,"ppr":0}},{"type":"Feature","geometry":{"type":"Point","coordinates":[133.817,-14.083]},"properties":{"n":"MOUNT VALLEY","i":"YMVY","a":"MNV","k":null,"maj":0,"e":146,"pr":0,"ppr":0}},{"type":"Feature","geometry":{"type":"Point","coordinates":[118.233,-24.233]},"properties":{"n":"MOUNT VERNON STATION","i":"YMVR","a":null,"k":null,"maj":0,"e":406,"pr":0,"ppr":0}},{"type":"Feature","geometry":{"type":"Point","coordinates":[135.717,-30.583]},"properties":{"n":"MOUNT VIVIAN","i":"YVIV","a":null,"k":null,"maj":0,"e":151,"pr":0,"ppr":0}},{"type":"Feature","geometry":{"type":"Point","coordinates":[132.151,-22.737]},"properties":{"n":"MOUNT WEDGE","i":"YMWE","a":null,"k":null,"maj":0,"e":170,"pr":0,"ppr":0}},{"type":"Feature","geometry":{"type":"Point","coordinates":[134.15,-27.983]},"properties":{"n":"MOUNT WILLOUGHBY","i":"YWIB","a":null,"k":null,"maj":0,"e":280,"pr":0,"ppr":0}},{"type":"Feature","geometry":{"type":"Point","coordinates":[149.99472,-24.61]},"properties":{"n":"MOURA","i":"YMOU","a":null,"k":null,"maj":0,"e":147,"pr":0,"ppr":0}},{"type":"Feature","geometry":{"type":"Point","coordinates":[149.60944,-32.56472]},"properties":{"n":"MUDGEE","i":"YMDG","a":"DGE","k":null,"maj":0,"e":471,"pr":0,"ppr":0}},{"type":"Feature","geometry":{"type":"Point","coordinates":[118.25528,-30.91861]},"properties":{"n":"MUKINBUDIN","i":"YMKB","a":null,"k":null,"maj":0,"e":295,"pr":0,"ppr":0}},{"type":"Feature","geometry":{"type":"Point","coordinates":[120.067,-20.659]},"properties":{"n":"MUCCAN STATION","i":"YMUC","a":"MUQ","k":null,"maj":0,"e":91,"pr":0,"ppr":0}},{"type":"Feature","geometry":{"type":"Point","coordinates":[118.471,-22.107]},"properties":{"n":"MULGA DOWNS","i":"YLGA","a":null,"k":null,"maj":0,"e":414,"pr":0,"ppr":0}},{"type":"Feature","geometry":{"type":"Point","coordinates":[131.65,-25.86]},"properties":{"n":"MULGA PARK","i":"YMUP","a":"MUP","k":null,"maj":0,"e":610,"pr":0,"ppr":0}},{"type":"Feature","geometry":{"type":"Point","coordinates":[133.986,-30.229]},"properties":{"n":"MULGATHING","i":"YMGG","a":null,"k":null,"maj":0,"e":210,"pr":0,"ppr":0}},{"type":"Feature","geometry":{"type":"Point","coordinates":[149.917,-31.1]},"properties":{"n":"MULLALEY","i":"YMEY","a":null,"k":null,"maj":0,"e":328,"pr":0,"ppr":0}},{"type":"Feature","geometry":{"type":"Point","coordinates":[138.65,-28.348]},"properties":{"n":"MULKA","i":"YMUK","a":"MVK","k":null,"maj":0,"e":54,"pr":0,"ppr":0}},{"type":"Feature","geometry":{"type":"Point","coordinates":[115.51722,-28.47417]},"properties":{"n":"MULLEWA","i":"YMWA","a":"MXU","k":null,"maj":0,"e":256,"pr":0,"ppr":0}},{"type":"Feature","geometry":{"type":"Point","coordinates":[137.91,-29.247]},"properties":{"n":"MULOORINA","i":"YMLR","a":null,"k":null,"maj":0,"e":14,"pr":0,"ppr":0}},{"type":"Feature","geometry":{"type":"Point","coordinates":[118.067,-20.517]},"properties":{"n":"MUNDABULLANGANA","i":"YMDB","a":null,"k":null,"maj":0,"e":12,"pr":0,"ppr":0}},{"type":"Feature","geometry":{"type":"Point","coordinates":[127.854,-31.867]},"properties":{"n":"MUNDRABILLA","i":"YMBX","a":null,"k":null,"maj":0,"e":37,"pr":0,"ppr":0}},{"type":"Feature","geometry":{"type":"Point","coordinates":[128.23,-31.827]},"properties":{"n":"MUNDRABILLA MOTEL","i":"YMDT","a":null,"k":null,"maj":0,"e":14,"pr":0,"ppr":0}},{"type":"Feature","geometry":{"type":"Point","coordinates":[138.657,-28.009]},"properties":{"n":"MUNGERANIE","i":"YMUG","a":"MNE","k":null,"maj":0,"e":59,"pr":0,"ppr":0}},{"type":"Feature","geometry":{"type":"Point","coordinates":[151.31889,-25.5975]},"properties":{"n":"MUNDUBBERA","i":"YMDA","a":null,"k":null,"maj":0,"e":122,"pr":0,"ppr":0}},{"type":"Feature","geometry":{"type":"Point","coordinates":[149.05333,-28.96694]},"properties":{"n":"MUNGINDI","i":"YMGI","a":null,"k":null,"maj":0,"e":167,"pr":0,"ppr":0}},{"type":"Feature","geometry":{"type":"Point","coordinates":[143.00139,-33.74583]},"properties":{"n":"MUNGO LODGE","i":"YLMU","a":null,"k":null,"maj":0,"e":75,"pr":0,"ppr":0}},{"type":"Feature","geometry":{"type":"Point","coordinates":[118.681,-22.366]},"properties":{"n":"MUNJINA","i":"YMUJ","a":null,"k":null,"maj":0,"e":462,"pr":0,"ppr":0}},{"type":"Feature","geometry":{"type":"Point","coordinates":[115.983,-26.917]},"properties":{"n":"MURCHISON SHIRE","i":"YMSS","a":null,"k":null,"maj":0,"e":282,"pr":0,"ppr":0}},{"type":"Feature","geometry":{"type":"Point","coordinates":[151.93028,-26.25306]},"properties":{"n":"MURGON","i":"YMRG","a":null,"k":null,"maj":0,"e":311,"pr":0,"ppr":0}},{"type":"Feature","geometry":{"type":"Point","coordinates":[116.417,-27.367]},"properties":{"n":"MURGOO","i":"YMGO","a":null,"k":null,"maj":0,"e":308,"pr":0,"ppr":0}},{"type":"Feature","geometry":{"type":"Point","coordinates":[139.052,-29.592]},"properties":{"n":"MURNPEOWIE","i":"YMNP","a":null,"k":null,"maj":0,"e":95,"pr":0,"ppr":0}},{"type":"Feature","geometry":{"type":"Point","coordinates":[144.0545,-9.9149]},"properties":{"n":"MURRAY/MER ISLAND","i":"YMAE","a":"MYI","k":null,"maj":0,"e":91,"pr":0,"ppr":0}},{"type":"Feature","geometry":{"type":"Point","coordinates":[134.683,-21.048]},"properties":{"n":"MURRAY DOWNS","i":"YMYW","a":null,"k":null,"maj":0,"e":409,"pr":0,"ppr":0}},{"type":"Feature","geometry":{"type":"Point","coordinates":[139.22667,-35.06417]},"properties":{"n":"MURRAY BRIDGE","i":"YMBD","a":null,"k":null,"maj":0,"e":55,"pr":0,"ppr":0}},{"type":"Feature","geometry":{"type":"Point","coordinates":[115.83611,-32.50556]},"properties":{"n":"MURRAY FIELD","i":"YMUL","a":null,"k":null,"maj":0,"e":17,"pr":0,"ppr":0}},{"type":"Feature","geometry":{"type":"Point","coordinates":[153.4125,-28.3325]},"properties":{"n":"MURWILLUMBAH","i":"YMUR","a":null,"k":null,"maj":0,"e":5,"pr":0,"ppr":0}},{"type":"Feature","geometry":{"type":"Point","coordinates":[121.89028,-28.705]},"properties":{"n":"MURRIN MURRIN","i":"YMMI","a":"WUI","k":null,"maj":0,"e":468,"pr":0,"ppr":0}},{"type":"Feature","geometry":{"type":"Point","coordinates":[143.5,-14.783]},"properties":{"n":"MUSGRAVE","i":"YMGV","a":"MVU","k":null,"maj":0,"e":87,"pr":0,"ppr":0}},{"type":"Feature","geometry":{"type":"Point","coordinates":[144.52417,-22.58667]},"properties":{"n":"MUTTABURRA","i":"YMTB","a":"UTB","k":null,"maj":0,"e":230,"pr":0,"ppr":0}},{"type":"Feature","geometry":{"type":"Point","coordinates":[124.2747,-18.124]},"properties":{"n":"MYROODAN STATION","i":"YMYR","a":"MYO","k":null,"maj":0,"e":47,"pr":0,"ppr":0}},{"type":"Feature","geometry":{"type":"Point","coordinates":[121.95444,-33.79167]},"properties":{"n":"MYRUP","i":"YMYU","a":null,"k":null,"maj":0,"e":10,"pr":0,"ppr":0}},{"type":"Feature","geometry":{"type":"Point","coordinates":[133.313,-12.308]},"properties":{"n":"NABARLEK","i":"YNAB","a":null,"k":null,"maj":0,"e":85,"pr":0,"ppr":0}},{"type":"Feature","geometry":{"type":"Point","coordinates":[130.47417,-15.57583]},"properties":{"n":"NACKEROO","i":"YNKR","a":null,"k":"Military","maj":0,"e":123,"pr":0,"ppr":0}},{"type":"Feature","geometry":{"type":"Point","coordinates":[117.317,-22.417]},"properties":{"n":"NAMULDI","i":"YNUD","a":null,"k":null,"maj":0,"e":622,"pr":0,"ppr":0}},{"type":"Feature","geometry":{"type":"Point","coordinates":[145.03944,-36.78417]},"properties":{"n":"NAGAMBIE-WIRRATE","i":"YNGW","a":null,"k":null,"maj":0,"e":137,"pr":0,"ppr":0}},{"type":"Feature","geometry":{"type":"Point","coordinates":[153,-30.65]},"properties":{"n":"NAMBUCCA HEADS","i":"YNHS","a":"NBH","k":null,"maj":0,"e":0,"pr":0,"ppr":0}},{"type":"Feature","geometry":{"type":"Point","coordinates":[115.73697,-34.03221]},"properties":{"n":"NANNUP","i":"YNAU","a":null,"k":null,"maj":0,"e":120,"pr":0,"ppr":0}},{"type":"Feature","geometry":{"type":"Point","coordinates":[151.98944,-26.68861]},"properties":{"n":"NANANGO","i":"YNAN","a":null,"k":null,"maj":0,"e":363,"pr":0,"ppr":0}},{"type":"Feature","geometry":{"type":"Point","coordinates":[124.85,-17.317]},"properties":{"n":"NAPIER DOWNS","i":"YNPD","a":null,"k":null,"maj":0,"e":87,"pr":0,"ppr":0}},{"type":"Feature","geometry":{"type":"Point","coordinates":[115.5,-22.533]},"properties":{"n":"NANTARRA","i":"YNNT","a":null,"k":null,"maj":0,"e":81,"pr":0,"ppr":0}},{"type":"Feature","geometry":{"type":"Point","coordinates":[141.15917,-27.55028]},"properties":{"n":"NAPPA MERRIE","i":"YNAP","a":"NMR","k":null,"maj":0,"e":71,"pr":0,"ppr":0}},{"type":"Feature","geometry":{"type":"Point","coordinates":[140.72333,-36.98028]},"properties":{"n":"NARACOORTE","i":"YNRC","a":"NAC","k":null,"maj":0,"e":52,"pr":0,"ppr":0}},{"type":"Feature","geometry":{"type":"Point","coordinates":[133.763,-22.533]},"properties":{"n":"NAPPERBY","i":"YNPB","a":"NPP","k":null,"maj":0,"e":578,"pr":0,"ppr":0}},{"type":"Feature","geometry":{"type":"Point","coordinates":[118.40361,-32.10833]},"properties":{"n":"NAREMBEEN","i":"YNRB","a":null,"k":null,"maj":0,"e":305,"pr":0,"ppr":0}},{"type":"Feature","geometry":{"type":"Point","coordinates":[149.82556,-30.32194]},"properties":{"n":"NARRABRI","i":"YNBR","a":"NAA","k":null,"maj":0,"e":218,"pr":0,"ppr":0}},{"type":"Feature","geometry":{"type":"Point","coordinates":[146.51083,-34.69917]},"properties":{"n":"NARRANDERA","i":"YNAR","a":"NRA","k":null,"maj":0,"e":144,"pr":0,"ppr":0}},{"type":"Feature","geometry":{"type":"Point","coordinates":[117.07472,-32.92667]},"properties":{"n":"NARROGIN","i":"YNRG","a":"NRG","k":null,"maj":0,"e":334,"pr":0,"ppr":0}},{"type":"Feature","geometry":{"type":"Point","coordinates":[148.22444,-32.21583]},"properties":{"n":"NARROMINE","i":"YNRM","a":"QRM","k":null,"maj":0,"e":238,"pr":0,"ppr":0}},{"type":"Feature","geometry":{"type":"Point","coordinates":[132.62863,-23.22889]},"properties":{"n":"NARWIETOOMA","i":"YNWT","a":null,"k":null,"maj":0,"e":583,"pr":0,"ppr":0}},{"type":"Feature","geometry":{"type":"Point","coordinates":[146.15,-21.083]},"properties":{"n":"NATAL DOWNS","i":"YNDS","a":null,"k":null,"maj":0,"e":221,"pr":0,"ppr":0}},{"type":"Feature","geometry":{"type":"Point","coordinates":[141.917,-28.55]},"properties":{"n":"NARYILCO","i":"YNRL","a":null,"k":null,"maj":0,"e":105,"pr":0,"ppr":0}},{"type":"Feature","geometry":{"type":"Point","coordinates":[143.7,-24.85]},"properties":{"n":"NAVARRA","i":"YNVR","a":null,"k":null,"maj":0,"e":194,"pr":0,"ppr":0}},{"type":"Feature","geometry":{"type":"Point","coordinates":[143.1,-36.917]},"properties":{"n":"NAVARRE","i":"YNVE","a":null,"k":null,"maj":0,"e":227,"pr":0,"ppr":0}},{"type":"Feature","geometry":{"type":"Point","coordinates":[146.85389,-19.16194]},"properties":{"n":"NELLY BAY","i":"YNEY","a":null,"k":"Heliport","maj":0,"e":3,"pr":0,"ppr":0}},{"type":"Feature","geometry":{"type":"Point","coordinates":[129.283,-17.3]},"properties":{"n":"NELSON SPRINGS","i":"YNES","a":null,"k":null,"maj":0,"e":256,"pr":0,"ppr":0}},{"type":"Feature","geometry":{"type":"Point","coordinates":[151.72806,-32.87917]},"properties":{"n":"NEWCASTLE REGIONAL","i":"YNRH","a":null,"k":"Heliport","maj":0,"e":7,"pr":0,"ppr":0}},{"type":"Feature","geometry":{"type":"Point","coordinates":[138.948,-30.603]},"properties":{"n":"NEPABUNNA","i":"YNPU","a":null,"k":null,"maj":0,"e":602,"pr":0,"ppr":0}},{"type":"Feature","geometry":{"type":"Point","coordinates":[151.73,-32.9203]},"properties":{"n":"NEWCASTLE WESTPAC BASE","i":"YXFV","a":null,"k":"Heliport","maj":0,"e":9,"pr":0,"ppr":0}},{"type":"Feature","geometry":{"type":"Point","coordinates":[119.01829,-33.10425]},"properties":{"n":"NEWDEGATE","i":"YNDG","a":null,"k":null,"maj":0,"e":317,"pr":0,"ppr":0}},{"type":"Feature","geometry":{"type":"Point","coordinates":[134.833,-25.667]},"properties":{"n":"NEW CROWN","i":"YNCS","a":null,"k":null,"maj":0,"e":228,"pr":0,"ppr":0}},{"type":"Feature","geometry":{"type":"Point","coordinates":[131.145,-22.728]},"properties":{"n":"NEW HAVEN","i":"YNHV","a":null,"k":null,"maj":0,"e":557,"pr":0,"ppr":0}},{"type":"Feature","geometry":{"type":"Point","coordinates":[144.367,-15.183]},"properties":{"n":"NEW LAURA","i":"YLRS","a":"LUT","k":null,"maj":0,"e":43,"pr":0,"ppr":0}},{"type":"Feature","geometry":{"type":"Point","coordinates":[145.767,-19.2]},"properties":{"n":"NEW MOON","i":"YNMN","a":"NMP","k":null,"maj":0,"e":333,"pr":0,"ppr":0}},{"type":"Feature","geometry":{"type":"Point","coordinates":[119.80306,-23.41861]},"properties":{"n":"NEWMAN","i":"YNWN","a":"ZNE","k":null,"maj":0,"e":525,"pr":0,"ppr":0}},{"type":"Feature","geometry":{"type":"Point","coordinates":[134.7475,-14.72333]},"properties":{"n":"NGUKURR","i":"YNGU","a":"RPM","k":null,"maj":0,"e":14,"pr":0,"ppr":0}},{"type":"Feature","geometry":{"type":"Point","coordinates":[141.64694,-36.31083]},"properties":{"n":"NHILL","i":"YNHL","a":null,"k":null,"maj":0,"e":138,"pr":0,"ppr":0}},{"type":"Feature","geometry":{"type":"Point","coordinates":[128.9,-18.05]},"properties":{"n":"NICHOLSON","i":"YNIC","a":"NLS","k":null,"maj":0,"e":392,"pr":0,"ppr":0}},{"type":"Feature","geometry":{"type":"Point","coordinates":[121.59639,-21.67389]},"properties":{"n":"NIFTY","i":"YCNF","a":"NIF","k":null,"maj":0,"e":295,"pr":0,"ppr":0}},{"type":"Feature","geometry":{"type":"Point","coordinates":[135.9,-28.483]},"properties":{"n":"NILPINNA","i":"YNPA","a":null,"k":null,"maj":0,"e":164,"pr":0,"ppr":0}},{"type":"Feature","geometry":{"type":"Point","coordinates":[142.583,-27.8]},"properties":{"n":"NOCCUNDRA","i":"YNCD","a":null,"k":null,"maj":0,"e":100,"pr":0,"ppr":0}},{"type":"Feature","geometry":{"type":"Point","coordinates":[142.712,-27.717]},"properties":{"n":"NOCKATUNGA","i":"YNOC","a":null,"k":null,"maj":0,"e":108,"pr":0,"ppr":0}},{"type":"Feature","geometry":{"type":"Point","coordinates":[136.494,-32.522]},"properties":{"n":"NONNING","i":"YNIG","a":null,"k":null,"maj":0,"e":202,"pr":0,"ppr":0}},{"type":"Feature","geometry":{"type":"Point","coordinates":[123.667,-32.283]},"properties":{"n":"NOONDOONIA HOMESTEAD","i":"YNON","a":null,"k":null,"maj":0,"e":187,"pr":0,"ppr":0}},{"type":"Feature","geometry":{"type":"Point","coordinates":[153.06472,-26.42306]},"properties":{"n":"NOOSA","i":"YNSH","a":"NSV","k":null,"maj":0,"e":1,"pr":0,"ppr":0}},{"type":"Feature","geometry":{"type":"Point","coordinates":[124.833,-18.5]},"properties":{"n":"NOONKANBAH","i":"YNKA","a":"NKB","k":null,"maj":0,"e":80,"pr":0,"ppr":0}},{"type":"Feature","geometry":{"type":"Point","coordinates":[124.852,-18.495]},"properties":{"n":"NOONKANBAH","i":null,"a":null,"k":null,"maj":0,"e":83,"pr":0,"ppr":0}},{"type":"Feature","geometry":{"type":"Point","coordinates":[143.583,-28.05]},"properties":{"n":"NOOYEAH DOWNS","i":"YNOO","a":null,"k":null,"maj":0,"e":124,"pr":0,"ppr":0}},{"type":"Feature","geometry":{"type":"Point","coordinates":[138.333,-19.333]},"properties":{"n":"NORFOLK","i":"YNOF","a":null,"k":null,"maj":0,"e":242,"pr":0,"ppr":0}},{"type":"Feature","geometry":{"type":"Point","coordinates":[121.75806,-32.20361]},"properties":{"n":"NORSEMAN","i":"YNSM","a":"NSM","k":null,"maj":0,"e":263,"pr":0,"ppr":0}},{"type":"Feature","geometry":{"type":"Point","coordinates":[116.68611,-31.62694]},"properties":{"n":"NORTHAM","i":"YNTM","a":null,"k":null,"maj":0,"e":152,"pr":0,"ppr":0}},{"type":"Feature","geometry":{"type":"Point","coordinates":[141.07194,-17.68722]},"properties":{"n":"NORMANTON","i":"YNTN","a":"NTN","k":null,"maj":0,"e":22,"pr":0,"ppr":0}},{"type":"Feature","geometry":{"type":"Point","coordinates":[143.7,-35.783]},"properties":{"n":"NORMANVILLE","i":"YNVL","a":null,"k":null,"maj":0,"e":88,"pr":0,"ppr":0}},{"type":"Feature","geometry":{"type":"Point","coordinates":[116.15194,-34.65972]},"properties":{"n":"NORTHCLIFFE","i":null,"a":null,"k":null,"maj":0,"e":103,"pr":0,"ppr":0}},{"type":"Feature","geometry":{"type":"Point","coordinates":[114.683,-28.35]},"properties":{"n":"NORTHAMPTON","i":"YNHP","a":null,"k":null,"maj":0,"e":184,"pr":0,"ppr":0}},{"type":"Feature","geometry":{"type":"Point","coordinates":[142.45361,-10.94444]},"properties":{"n":"NORTHERN PENINSULA","i":"YNPE","a":"ABM","k":null,"maj":0,"e":10,"pr":0,"ppr":0}},{"type":"Feature","geometry":{"type":"Point","coordinates":[115.885,-32.58028]},"properties":{"n":"NORTH PINJARRA","i":"YNPJ","a":null,"k":null,"maj":0,"e":7,"pr":0,"ppr":0}},{"type":"Feature","geometry":{"type":"Point","coordinates":[135.309,-30.846]},"properties":{"n":"NORTH WELL","i":"YNWL","a":null,"k":null,"maj":0,"e":147,"pr":0,"ppr":0}},{"type":"Feature","geometry":{"type":"Point","coordinates":[150.53694,-34.94861]},"properties":{"n":"NOWRA","i":"YSNW","a":"NOA","k":"Military","maj":0,"e":107,"pr":0,"ppr":0}},{"type":"Feature","geometry":{"type":"Point","coordinates":[144.333,-34.25]},"properties":{"n":"NORWOOD","i":"YNOR","a":null,"k":null,"maj":0,"e":79,"pr":0,"ppr":0}},{"type":"Feature","geometry":{"type":"Point","coordinates":[130.90472,-31.44194]},"properties":{"n":"NULLABOR MOTEL","i":"YNUB","a":"NUR","k":null,"maj":0,"e":67,"pr":0,"ppr":0}},{"type":"Feature","geometry":{"type":"Point","coordinates":[123.19194,-31.84528]},"properties":{"n":"NOVA","i":"YNOV","a":null,"k":null,"maj":0,"e":290,"pr":0,"ppr":0}},{"type":"Feature","geometry":{"type":"Point","coordinates":[137.933,-17.967]},"properties":{"n":"NUDJABURRA","i":"YNUJ","a":null,"k":null,"maj":0,"e":148,"pr":0,"ppr":0}},{"type":"Feature","geometry":{"type":"Point","coordinates":[120.19861,-21.91222]},"properties":{"n":"NULLAGINE","i":"YNUL","a":"NLL","k":null,"maj":0,"e":381,"pr":0,"ppr":0}},{"type":"Feature","geometry":{"type":"Point","coordinates":[135.71472,-14.26972]},"properties":{"n":"NUMBULWAR","i":"YNUM","a":"NUB","k":null,"maj":0,"e":9,"pr":0,"ppr":0}},{"type":"Feature","geometry":{"type":"Point","coordinates":[135.4,-23.983]},"properties":{"n":"NUMERY","i":"YNUE","a":null,"k":null,"maj":0,"e":315,"pr":0,"ppr":0}},{"type":"Feature","geometry":{"type":"Point","coordinates":[132.223,-31.78]},"properties":{"n":"NUNDROO","i":"YNDR","a":null,"k":null,"maj":0,"e":24,"pr":0,"ppr":0}},{"type":"Feature","geometry":{"type":"Point","coordinates":[134.15,-15.817]},"properties":{"n":"NUTWOOD DOWNS","i":"YNUT","a":"UTD","k":null,"maj":0,"e":162,"pr":0,"ppr":0}},{"type":"Feature","geometry":{"type":"Point","coordinates":[146.317,-32.05]},"properties":{"n":"NYMAGEE","i":"YNYM","a":null,"k":null,"maj":0,"e":317,"pr":0,"ppr":0}},{"type":"Feature","geometry":{"type":"Point","coordinates":[115.033,-23.033]},"properties":{"n":"NYANG","i":"YNYG","a":null,"k":null,"maj":0,"e":113,"pr":0,"ppr":0}},{"type":"Feature","geometry":{"type":"Point","coordinates":[147.20306,-31.55083]},"properties":{"n":"NYNGAN","i":"YNYN","a":"NYN","k":null,"maj":0,"e":173,"pr":0,"ppr":0}},{"type":"Feature","geometry":{"type":"Point","coordinates":[130.233,-26.2]},"properties":{"n":"NYPARI","i":"YNYP","a":null,"k":null,"maj":0,"e":654,"pr":0,"ppr":0}},{"type":"Feature","geometry":{"type":"Point","coordinates":[151.74194,-27.40889]},"properties":{"n":"OAKEY","i":"YBOK","a":"OKY","k":"Military","maj":0,"e":407,"pr":0,"ppr":0}},{"type":"Feature","geometry":{"type":"Point","coordinates":[130.565,-22.645]},"properties":{"n":"NYRRIPI","i":"YNRR","a":null,"k":null,"maj":0,"e":523,"pr":0,"ppr":0}},{"type":"Feature","geometry":{"type":"Point","coordinates":[145.983,-22.267]},"properties":{"n":"OAKVALE","i":"YOKE","a":null,"k":null,"maj":0,"e":284,"pr":0,"ppr":0}},{"type":"Feature","geometry":{"type":"Point","coordinates":[148.49556,-23.05694]},"properties":{"n":"OAKY CREEK","i":"YOAY","a":null,"k":null,"maj":0,"e":177,"pr":0,"ppr":0}},{"type":"Feature","geometry":{"type":"Point","coordinates":[148.01056,-33.755]},"properties":{"n":"OCHRE ARCH","i":"YOCA","a":null,"k":null,"maj":0,"e":317,"pr":0,"ppr":0}},{"type":"Feature","geometry":{"type":"Point","coordinates":[130.867,-29.517]},"properties":{"n":"OAK VALLEY","i":"YOKV","a":null,"k":null,"maj":0,"e":230,"pr":0,"ppr":0}},{"type":"Feature","geometry":{"type":"Point","coordinates":[135.417,-25.383]},"properties":{"n":"OLD ANDADO","i":"YOAD","a":null,"k":null,"maj":0,"e":173,"pr":0,"ppr":0}},{"type":"Feature","geometry":{"type":"Point","coordinates":[133.006,-12.325]},"properties":{"n":"OENPELLI","i":"YOEN","a":"OPI","k":null,"maj":0,"e":9,"pr":0,"ppr":0}},{"type":"Feature","geometry":{"type":"Point","coordinates":[152.591,-31.965]},"properties":{"n":"OLD BAR HERITAGE","i":"YOBR","a":null,"k":null,"maj":0,"e":3,"pr":0,"ppr":0}},{"type":"Feature","geometry":{"type":"Point","coordinates":[136.87611,-30.485]},"properties":{"n":"OLYMPIC DAM","i":"YOLD","a":"OLP","k":null,"maj":0,"e":105,"pr":0,"ppr":0}},{"type":"Feature","geometry":{"type":"Point","coordinates":[141.2,-28.767]},"properties":{"n":"OMICRON STATION","i":"YOMI","a":null,"k":null,"maj":0,"e":130,"pr":0,"ppr":0}},{"type":"Feature","geometry":{"type":"Point","coordinates":[147.593,-37.097]},"properties":{"n":"OMEO","i":"YOMO","a":null,"k":null,"maj":0,"e":641,"pr":0,"ppr":0}},{"type":"Feature","geometry":{"type":"Point","coordinates":[123.05,-16.433]},"properties":{"n":"ONE ARM POINT","i":"YOAP","a":null,"k":null,"maj":0,"e":0,"pr":0,"ppr":0}},{"type":"Feature","geometry":{"type":"Point","coordinates":[135.44333,-27.56278]},"properties":{"n":"OODNADATTA","i":"YOOD","a":"ODD","k":null,"maj":0,"e":118,"pr":0,"ppr":0}},{"type":"Feature","geometry":{"type":"Point","coordinates":[115.11417,-21.67139]},"properties":{"n":"ONSLOW","i":"YOLW","a":"ONS","k":null,"maj":0,"e":7,"pr":0,"ppr":0}},{"type":"Feature","geometry":{"type":"Point","coordinates":[131.823,-30.457]},"properties":{"n":"OOLDEA","i":"YODA","a":null,"k":null,"maj":0,"e":110,"pr":0,"ppr":0}},{"type":"Feature","geometry":{"type":"Point","coordinates":[136.069,-21.906]},"properties":{"n":"OORATIPPRA","i":"YORT","a":null,"k":null,"maj":0,"e":325,"pr":0,"ppr":0}},{"type":"Feature","geometry":{"type":"Point","coordinates":[144.633,-17.433]},"properties":{"n":"OOTANN","i":"YOTN","a":null,"k":null,"maj":0,"e":447,"pr":0,"ppr":0}},{"type":"Feature","geometry":{"type":"Point","coordinates":[149.12889,-33.38056]},"properties":{"n":"ORANGE","i":"YORG","a":"OAG","k":null,"maj":0,"e":949,"pr":0,"ppr":0}},{"type":"Feature","geometry":{"type":"Point","coordinates":[149.14806,-33.31722]},"properties":{"n":"ORANGE EAST","i":"YOEH","a":null,"k":"Heliport","maj":0,"e":860,"pr":0,"ppr":0}},{"type":"Feature","geometry":{"type":"Point","coordinates":[153.315,-24.959]},"properties":{"n":"ORCHID BEACH","i":null,"a":null,"k":null,"maj":0,"e":18,"pr":0,"ppr":0}},{"type":"Feature","geometry":{"type":"Point","coordinates":[148.61167,-37.78944]},"properties":{"n":"ORBOST","i":"YORB","a":"RBS","k":null,"maj":0,"e":29,"pr":0,"ppr":0}},{"type":"Feature","geometry":{"type":"Point","coordinates":[144.15,-22.067]},"properties":{"n":"ORIELTON","i":"YOIT","a":null,"k":null,"maj":0,"e":249,"pr":0,"ppr":0}},{"type":"Feature","geometry":{"type":"Point","coordinates":[128.912,-17.341]},"properties":{"n":"ORD RIVER","i":"YORV","a":"ODR","k":null,"maj":0,"e":119,"pr":0,"ppr":0}},{"type":"Feature","geometry":{"type":"Point","coordinates":[121.438,-29.199]},"properties":{"n":"ORIENT WELL","i":"YORW","a":null,"k":null,"maj":0,"e":410,"pr":0,"ppr":0}},{"type":"Feature","geometry":{"type":"Point","coordinates":[122.9469,-33.7928]},"properties":{"n":"ORLEANS FARM","i":"YORL","a":null,"k":null,"maj":0,"e":87,"pr":0,"ppr":0}},{"type":"Feature","geometry":{"type":"Point","coordinates":[142.645,-25.36111]},"properties":{"n":"OURDEL","i":"YODL","a":null,"k":null,"maj":0,"e":144,"pr":0,"ppr":0}},{"type":"Feature","geometry":{"type":"Point","coordinates":[138.67194,-32.79111]},"properties":{"n":"ORROROO","i":"YORR","a":null,"k":null,"maj":0,"e":413,"pr":0,"ppr":0}},{"type":"Feature","geometry":{"type":"Point","coordinates":[140.55722,-22.08167]},"properties":{"n":"OSBORNE MINE","i":"YOSB","a":"OSO","k":null,"maj":0,"e":285,"pr":0,"ppr":0}},{"type":"Feature","geometry":{"type":"Point","coordinates":[142.35,-35.117]},"properties":{"n":"OUYEN","i":"YOUY","a":"OYN","k":null,"maj":0,"e":52,"pr":0,"ppr":0}},{"type":"Feature","geometry":{"type":"Point","coordinates":[147.711,-31.013]},"properties":{"n":"OXLEY STATION","i":"YOLY","a":null,"k":null,"maj":0,"e":158,"pr":0,"ppr":0}},{"type":"Feature","geometry":{"type":"Point","coordinates":[152.54333,-25.24028]},"properties":{"n":"PACIFIC HAVEN","i":"YPAC","a":null,"k":null,"maj":0,"e":6,"pr":0,"ppr":0}},{"type":"Feature","geometry":{"type":"Point","coordinates":[140.483,-36.617]},"properties":{"n":"PADTHAWAY STATION","i":"YPDY","a":null,"k":null,"maj":0,"e":41,"pr":0,"ppr":0}},{"type":"Feature","geometry":{"type":"Point","coordinates":[130.933,-12.833]},"properties":{"n":"PALMER","i":"YPME","a":null,"k":null,"maj":0,"e":56,"pr":0,"ppr":0}},{"type":"Feature","geometry":{"type":"Point","coordinates":[153.267,-29.446]},"properties":{"n":"PALMERS ISLAND","i":"YPLI","a":null,"k":null,"maj":0,"e":3,"pr":0,"ppr":0}},{"type":"Feature","geometry":{"type":"Point","coordinates":[146.58139,-18.755]},"properties":{"n":"PALM ISLAND","i":"YPAM","a":"PMK","k":null,"maj":0,"e":9,"pr":0,"ppr":0}},{"type":"Feature","geometry":{"type":"Point","coordinates":[139.4,-26.117]},"properties":{"n":"PANDIE PANDIE","i":"YPDI","a":"PDE","k":null,"maj":0,"e":40,"pr":0,"ppr":0}},{"type":"Feature","geometry":{"type":"Point","coordinates":[129.867,-14.333]},"properties":{"n":"PALUMPA","i":"YPUA","a":null,"k":null,"maj":0,"e":15,"pr":0,"ppr":0}},{"type":"Feature","geometry":{"type":"Point","coordinates":[116.317,-21.617]},"properties":{"n":"PANNAWONICA","i":"YPNW","a":null,"k":null,"maj":0,"e":201,"pr":0,"ppr":0}},{"type":"Feature","geometry":{"type":"Point","coordinates":[131.90722,-23.24111]},"properties":{"n":"PAPUNYA","i":"YPAY","a":null,"k":null,"maj":0,"e":620,"pr":0,"ppr":0}},{"type":"Feature","geometry":{"type":"Point","coordinates":[136.392,-30.4]},"properties":{"n":"PARAKYLIA","i":"YPKI","a":null,"k":null,"maj":0,"e":88,"pr":0,"ppr":0}},{"type":"Feature","geometry":{"type":"Point","coordinates":[117.74694,-23.17139]},"properties":{"n":"PARABURDOO","i":"YPBO","a":"PBO","k":null,"maj":0,"e":429,"pr":0,"ppr":0}},{"type":"Feature","geometry":{"type":"Point","coordinates":[119.59,-20.118]},"properties":{"n":"PARDOO","i":"YPDO","a":"PRD","k":null,"maj":0,"e":13,"pr":0,"ppr":0}},{"type":"Feature","geometry":{"type":"Point","coordinates":[148.24111,-33.13111]},"properties":{"n":"PARKES","i":"YPKS","a":"PKE","k":null,"maj":0,"e":326,"pr":0,"ppr":0}},{"type":"Feature","geometry":{"type":"Point","coordinates":[126.327,-24.619]},"properties":{"n":"PATJARR","i":"YPTJ","a":null,"k":null,"maj":0,"e":455,"pr":0,"ppr":0}},{"type":"Feature","geometry":{"type":"Point","coordinates":[142.15,-35.367]},"properties":{"n":"PATCHEWOLLOCK","i":"YPCH","a":null,"k":null,"maj":0,"e":90,"pr":0,"ppr":0}},{"type":"Feature","geometry":{"type":"Point","coordinates":[117.667,-29.25]},"properties":{"n":"PAYNES FIND","i":"YPYF","a":null,"k":null,"maj":0,"e":353,"pr":0,"ppr":0}},{"type":"Feature","geometry":{"type":"Point","coordinates":[135.9,-28.25]},"properties":{"n":"PEAKE","i":"YPKE","a":null,"k":null,"maj":0,"e":107,"pr":0,"ppr":0}},{"type":"Feature","geometry":{"type":"Point","coordinates":[148.2,-32.75]},"properties":{"n":"PEAK HILL","i":"YPKH","a":null,"k":null,"maj":0,"e":276,"pr":0,"ppr":0}},{"type":"Feature","geometry":{"type":"Point","coordinates":[118.683,-25.6]},"properties":{"n":"PEAK HILL","i":"YPLL","a":null,"k":null,"maj":0,"e":590,"pr":0,"ppr":0}},{"type":"Feature","geometry":{"type":"Point","coordinates":[116.015,-31.67333]},"properties":{"n":"PEARCE","i":"YPEA","a":null,"k":"Military","maj":0,"e":46,"pr":0,"ppr":0}},{"type":"Feature","geometry":{"type":"Point","coordinates":[144.70111,-37.50944]},"properties":{"n":"PENFIELD","i":"YPEF","a":null,"k":null,"maj":0,"e":351,"pr":0,"ppr":0}},{"type":"Feature","geometry":{"type":"Point","coordinates":[130.091,-14.144]},"properties":{"n":"PEPPIMENARTI","i":null,"a":null,"k":null,"maj":0,"e":24,"pr":0,"ppr":0}},{"type":"Feature","geometry":{"type":"Point","coordinates":[133,-31.917]},"properties":{"n":"PENONG","i":"YPNG","a":"PEY","k":null,"maj":0,"e":24,"pr":0,"ppr":0}},{"type":"Feature","geometry":{"type":"Point","coordinates":[116.283,-29.433]},"properties":{"n":"PERENJORI","i":"YPJI","a":null,"k":null,"maj":0,"e":287,"pr":0,"ppr":0}},{"type":"Feature","geometry":{"type":"Point","coordinates":[147.3225,-38.56917]},"properties":{"n":"PERCH","i":"YUPE","a":null,"k":"Heliport","maj":0,"e":1,"pr":0,"ppr":0}},{"type":"Feature","geometry":{"type":"Point","coordinates":[115.96417,-31.94333]},"properties":{"n":"PERTH","i":"YPPH","a":"PER","k":null,"maj":1,"e":20,"pr":0,"ppr":0}},{"type":"Feature","geometry":{"type":"Point","coordinates":[115.87972,-32.10278]},"properties":{"n":"PERTH JANDAKOT","i":"YPJT","a":"JAD","k":null,"maj":0,"e":30,"pr":0,"ppr":0}},{"type":"Feature","geometry":{"type":"Point","coordinates":[142.905,-38.60722]},"properties":{"n":"PETERBOROUGH","i":"YPBH","a":null,"k":null,"maj":0,"e":22,"pr":0,"ppr":0}},{"type":"Feature","geometry":{"type":"Point","coordinates":[138.84889,-33.00417]},"properties":{"n":"PETERBOROUGH","i":"YPTB","a":null,"k":null,"maj":0,"e":560,"pr":0,"ppr":0}},{"type":"Feature","geometry":{"type":"Point","coordinates":[145.32611,-38.51972]},"properties":{"n":"PHILLIP ISLAND","i":"YPID","a":null,"k":"Heliport","maj":0,"e":13,"pr":0,"ppr":0}},{"type":"Feature","geometry":{"type":"Point","coordinates":[116.292,-27.192]},"properties":{"n":"PIA","i":"YPIX","a":null,"k":null,"maj":0,"e":311,"pr":0,"ppr":0}},{"type":"Feature","geometry":{"type":"Point","coordinates":[148.883,-30.367]},"properties":{"n":"PILLIGA","i":"YPLG","a":null,"k":null,"maj":0,"e":170,"pr":0,"ppr":0}},{"type":"Feature","geometry":{"type":"Point","coordinates":[131.217,-16.817]},"properties":{"n":"PIGEON HOLE","i":"YPGH","a":null,"k":null,"maj":0,"e":109,"pr":0,"ppr":0}},{"type":"Feature","geometry":{"type":"Point","coordinates":[115.88165,-32.66662]},"properties":{"n":"PINJARRA","i":null,"a":null,"k":null,"maj":0,"e":18,"pr":0,"ppr":0}},{"type":"Feature","geometry":{"type":"Point","coordinates":[131.833,-13.833]},"properties":{"n":"PINE CREEK","i":"YPNC","a":null,"k":null,"maj":0,"e":210,"pr":0,"ppr":0}},{"type":"Feature","geometry":{"type":"Point","coordinates":[143.55,-15.667]},"properties":{"n":"PINNACLE","i":"YPIN","a":null,"k":null,"maj":0,"e":225,"pr":0,"ppr":0}},{"type":"Feature","geometry":{"type":"Point","coordinates":[120.433,-28.2]},"properties":{"n":"PINNACLES HOMESTEAD","i":"YPCS","a":null,"k":null,"maj":0,"e":429,"pr":0,"ppr":0}},{"type":"Feature","geometry":{"type":"Point","coordinates":[144.88472,-18.03833]},"properties":{"n":"PINNARENDI","i":"YPNA","a":null,"k":null,"maj":0,"e":761,"pr":0,"ppr":0}},{"type":"Feature","geometry":{"type":"Point","coordinates":[140.94472,-35.25778]},"properties":{"n":"PINNAROO","i":"YPNN","a":null,"k":null,"maj":0,"e":101,"pr":0,"ppr":0}},{"type":"Feature","geometry":{"type":"Point","coordinates":[151.2756,-27.0492]},"properties":{"n":"PIRRINUAN","i":null,"a":null,"k":"Glider site","maj":0,"e":363,"pr":0,"ppr":0}},{"type":"Feature","geometry":{"type":"Point","coordinates":[151.63222,-27.73389]},"properties":{"n":"PITTSWORTH","i":"YPWH","a":null,"k":null,"maj":0,"e":510,"pr":0,"ppr":0}},{"type":"Feature","geometry":{"type":"Point","coordinates":[142.583,-26.667]},"properties":{"n":"PLEVNA DOWNS","i":"YPVD","a":null,"k":null,"maj":0,"e":136,"pr":0,"ppr":0}},{"type":"Feature","geometry":{"type":"Point","coordinates":[139.872,-32.053]},"properties":{"n":"PLUMBAGO","i":"YPMB","a":null,"k":null,"maj":0,"e":249,"pr":0,"ppr":0}},{"type":"Feature","geometry":{"type":"Point","coordinates":[119.42333,-25.31722]},"properties":{"n":"PLUTONIC","i":"YPLU","a":null,"k":null,"maj":0,"e":578,"pr":0,"ppr":0}},{"type":"Feature","geometry":{"type":"Point","coordinates":[142.677,-37.231]},"properties":{"n":"POMONAL","i":null,"a":null,"k":null,"maj":0,"e":225,"pr":0,"ppr":0}},{"type":"Feature","geometry":{"type":"Point","coordinates":[144.75417,-37.93056]},"properties":{"n":"POINT COOK","i":"YMPC","a":null,"k":"Military","maj":0,"e":4,"pr":0,"ppr":0}},{"type":"Feature","geometry":{"type":"Point","coordinates":[149.14972,-36.22917]},"properties":{"n":"POLO FLAT","i":"YPFT","a":null,"k":null,"maj":0,"e":823,"pr":0,"ppr":0}},{"type":"Feature","geometry":{"type":"Point","coordinates":[142.58639,-33.37333]},"properties":{"n":"POONCARIE","i":"YPCE","a":null,"k":null,"maj":0,"e":50,"pr":0,"ppr":0}},{"type":"Feature","geometry":{"type":"Point","coordinates":[146.89,-36.71861]},"properties":{"n":"POREPUNKAH","i":"YPOK","a":"MBF","k":null,"maj":0,"e":285,"pr":0,"ppr":0}},{"type":"Feature","geometry":{"type":"Point","coordinates":[141.60917,-14.89639]},"properties":{"n":"PORMPURAAW","i":"YPMP","a":"EDR","k":null,"maj":0,"e":3,"pr":0,"ppr":0}},{"type":"Feature","geometry":{"type":"Point","coordinates":[122.268,-29.778]},"properties":{"n":"PORPHYRY","i":"YPOP","a":null,"k":null,"maj":0,"e":364,"pr":0,"ppr":0}},{"type":"Feature","geometry":{"type":"Point","coordinates":[137.71444,-32.505]},"properties":{"n":"PORT AUGUSTA","i":"YPAG","a":"PUG","k":null,"maj":0,"e":17,"pr":0,"ppr":0}},{"type":"Feature","geometry":{"type":"Point","coordinates":[143.04056,-38.62889]},"properties":{"n":"PORT CAMPBELL","i":"YPHP","a":null,"k":"Heliport","maj":0,"e":73,"pr":0,"ppr":0}},{"type":"Feature","geometry":{"type":"Point","coordinates":[142.264,-38.362]},"properties":{"n":"PORT FAIRY","i":null,"a":null,"k":null,"maj":0,"e":3,"pr":0,"ppr":0}},{"type":"Feature","geometry":{"type":"Point","coordinates":[118.62944,-20.38222]},"properties":{"n":"PORT HEDLAND","i":"YPPD","a":"PHE","k":null,"maj":1,"e":10,"pr":0,"ppr":0}},{"type":"Feature","geometry":{"type":"Point","coordinates":[118.64361,-21.03583]},"properties":{"n":"PORT HEDLAND/WODGINA","i":"YWGA","a":"GYB","k":null,"maj":0,"e":126,"pr":0,"ppr":0}},{"type":"Feature","geometry":{"type":"Point","coordinates":[129.52944,-14.24972]},"properties":{"n":"PORT KEATS","i":"YPKT","a":"PKT","k":null,"maj":0,"e":34,"pr":0,"ppr":0}},{"type":"Feature","geometry":{"type":"Point","coordinates":[135.87889,-34.60611]},"properties":{"n":"PORT LINCOLN","i":"YPLC","a":"PLO","k":null,"maj":0,"e":11,"pr":0,"ppr":0}},{"type":"Feature","geometry":{"type":"Point","coordinates":[141.47194,-38.31917]},"properties":{"n":"PORTLAND","i":"YPOD","a":"PTJ","k":null,"maj":0,"e":81,"pr":0,"ppr":0}},{"type":"Feature","geometry":{"type":"Point","coordinates":[152.86167,-31.43583]},"properties":{"n":"PORT MACQUARIE","i":"YPMQ","a":"PQQ","k":null,"maj":0,"e":4,"pr":0,"ppr":0}},{"type":"Feature","geometry":{"type":"Point","coordinates":[137.99694,-33.23806]},"properties":{"n":"PORT PIRIE","i":"YPIR","a":"PPI","k":null,"maj":0,"e":12,"pr":0,"ppr":0}},{"type":"Feature","geometry":{"type":"Point","coordinates":[149.903,-31.477]},"properties":{"n":"PREMER BETOOTA","i":"YPRE","a":null,"k":null,"maj":0,"e":383,"pr":0,"ppr":0}},{"type":"Feature","geometry":{"type":"Point","coordinates":[144.139,-36.307]},"properties":{"n":"PRAIRIE","i":"YPRA","a":null,"k":null,"maj":0,"e":109,"pr":0,"ppr":0}},{"type":"Feature","geometry":{"type":"Point","coordinates":[122.8,-26.517]},"properties":{"n":"PRENTI DOWNS","i":"YPNI","a":null,"k":null,"maj":0,"e":474,"pr":0,"ppr":0}},{"type":"Feature","geometry":{"type":"Point","coordinates":[115.702,-33.0216]},"properties":{"n":"PRESTON FIELD","i":null,"a":null,"k":null,"maj":0,"e":6,"pr":0,"ppr":0}},{"type":"Feature","geometry":{"type":"Point","coordinates":[148.55361,-20.49444]},"properties":{"n":"PROSERPINE/WHITSUNDAY COAST","i":"YBPN","a":"PPP","k":null,"maj":0,"e":25,"pr":0,"ppr":0}},{"type":"Feature","geometry":{"type":"Point","coordinates":[135.52444,-29.71611]},"properties":{"n":"PROMINENT HILL","i":"YPMH","a":"PXH","k":null,"maj":0,"e":224,"pr":0,"ppr":0}},{"type":"Feature","geometry":{"type":"Point","coordinates":[145.06444,-36.99778]},"properties":{"n":"PUCKAPUNYAL","i":"YPKL","a":null,"k":"Military","maj":0,"e":168,"pr":0,"ppr":0}},{"type":"Feature","geometry":{"type":"Point","coordinates":[137.42389,-16.72194]},"properties":{"n":"PUNGALINA","i":"YPUG","a":null,"k":null,"maj":0,"e":55,"pr":0,"ppr":0}},{"type":"Feature","geometry":{"type":"Point","coordinates":[144.133,-36.067]},"properties":{"n":"PYRAMID HILL","i":"YPYD","a":null,"k":null,"maj":0,"e":98,"pr":0,"ppr":0}},{"type":"Feature","geometry":{"type":"Point","coordinates":[123.167,-22.067]},"properties":{"n":"PUNMU","i":"YPUN","a":null,"k":null,"maj":0,"e":259,"pr":0,"ppr":0}},{"type":"Feature","geometry":{"type":"Point","coordinates":[117.4,-32]},"properties":{"n":"QUAIRADING","i":"YQDG","a":null,"k":null,"maj":0,"e":280,"pr":0,"ppr":0}},{"type":"Feature","geometry":{"type":"Point","coordinates":[143.51,-35.862]},"properties":{"n":"QUAMBATOOK","i":"YQBK","a":null,"k":null,"maj":0,"e":93,"pr":0,"ppr":0}},{"type":"Feature","geometry":{"type":"Point","coordinates":[147.842,-30.879]},"properties":{"n":"QUAMBONE ROYONA","i":"YQBE","a":null,"k":null,"maj":0,"e":149,"pr":0,"ppr":0}},{"type":"Feature","geometry":{"type":"Point","coordinates":[145.53,-42.07583]},"properties":{"n":"QUEENSTOWN","i":"YQNS","a":"UEE","k":null,"maj":0,"e":264,"pr":0,"ppr":0}},{"type":"Feature","geometry":{"type":"Point","coordinates":[134.527,-30.292]},"properties":{"n":"QUARRY","i":"YQUA","a":null,"k":null,"maj":0,"e":184,"pr":0,"ppr":0}},{"type":"Feature","geometry":{"type":"Point","coordinates":[143.142,-30.392]},"properties":{"n":"QUESTA PARK","i":"YQUE","a":null,"k":null,"maj":0,"e":161,"pr":0,"ppr":0}},{"type":"Feature","geometry":{"type":"Point","coordinates":[144.2575,-26.60944]},"properties":{"n":"QUILPIE","i":"YQLP","a":"ULP","k":null,"maj":0,"e":200,"pr":0,"ppr":0}},{"type":"Feature","geometry":{"type":"Point","coordinates":[150.52056,-31.49722]},"properties":{"n":"QUIRINDI","i":"YQDI","a":"UIR","k":null,"maj":0,"e":321,"pr":0,"ppr":0}},{"type":"Feature","geometry":{"type":"Point","coordinates":[140.452,-33.163]},"properties":{"n":"QUONDONG","i":"YQON","a":null,"k":null,"maj":0,"e":90,"pr":0,"ppr":0}},{"type":"Feature","geometry":{"type":"Point","coordinates":[138.10556,-32.325]},"properties":{"n":"QUORN","i":"YQRN","a":null,"k":null,"maj":0,"e":253,"pr":0,"ppr":0}},{"type":"Feature","geometry":{"type":"Point","coordinates":[130.017,-20.183]},"properties":{"n":"RABBIT FLAT","i":"YRBT","a":null,"k":null,"maj":0,"e":340,"pr":0,"ppr":0}},{"type":"Feature","geometry":{"type":"Point","coordinates":[143.306,-37.377]},"properties":{"n":"RAGLAN","i":"YRAG","a":null,"k":null,"maj":0,"e":366,"pr":0,"ppr":0}},{"type":"Feature","geometry":{"type":"Point","coordinates":[153.067,-25.833]},"properties":{"n":"RAINBOW BEACH","i":"YRBB","a":null,"k":null,"maj":0,"e":17,"pr":0,"ppr":0}},{"type":"Feature","geometry":{"type":"Point","coordinates":[141.983,-35.917]},"properties":{"n":"RAINBOW","i":"YRBW","a":null,"k":null,"maj":0,"e":83,"pr":0,"ppr":0}},{"type":"Feature","geometry":{"type":"Point","coordinates":[134.89222,-12.35694]},"properties":{"n":"RAMINGINING","i":"YRNG","a":"RAM","k":null,"maj":0,"e":63,"pr":0,"ppr":0}},{"type":"Feature","geometry":{"type":"Point","coordinates":[120.20833,-33.79778]},"properties":{"n":"RAVENSTHORPE","i":"YNRV","a":"RVT","k":null,"maj":0,"e":64,"pr":0,"ppr":0}},{"type":"Feature","geometry":{"type":"Point","coordinates":[144.283,-34.633]},"properties":{"n":"RAVENSWORTH","i":"YRWH","a":null,"k":null,"maj":0,"e":79,"pr":0,"ppr":0}},{"type":"Feature","geometry":{"type":"Point","coordinates":[119.94972,-33.53944]},"properties":{"n":"RAVENSTHORPE NORTH","i":"YRAV","a":null,"k":null,"maj":0,"e":310,"pr":0,"ppr":0}},{"type":"Feature","geometry":{"type":"Point","coordinates":[125.191,-31.025]},"properties":{"n":"RAWLINNA STATION","i":"YRWA","a":null,"k":null,"maj":0,"e":187,"pr":0,"ppr":0}},{"type":"Feature","geometry":{"type":"Point","coordinates":[125.317,-31]},"properties":{"n":"RAWLINNA","i":"YRAW","a":null,"k":null,"maj":0,"e":185,"pr":0,"ppr":0}},{"type":"Feature","geometry":{"type":"Point","coordinates":[138.61,-31.654]},"properties":{"n":"RAWNSLEY PARK","i":"YRYK","a":null,"k":null,"maj":0,"e":426,"pr":0,"ppr":0}},{"type":"Feature","geometry":{"type":"Point","coordinates":[135.65,-12.333]},"properties":{"n":"RAYMANGIRR","i":"YRRR","a":null,"k":null,"maj":0,"e":4,"pr":0,"ppr":0}},{"type":"Feature","geometry":{"type":"Point","coordinates":[143.017,-26.15]},"properties":{"n":"RAYMORE HOMESTEAD","i":"YRAM","a":null,"k":null,"maj":0,"e":148,"pr":0,"ppr":0}},{"type":"Feature","geometry":{"type":"Point","coordinates":[148.93389,-34.86278]},"properties":{"n":"RAYNER PLACE","i":"YRYP","a":null,"k":"Heliport","maj":0,"e":515,"pr":0,"ppr":0}},{"type":"Feature","geometry":{"type":"Point","coordinates":[153.06889,-27.20556]},"properties":{"n":"REDCLIFFE","i":"YRED","a":null,"k":null,"maj":0,"e":2,"pr":0,"ppr":0}},{"type":"Feature","geometry":{"type":"Point","coordinates":[144.24111,-36.53889]},"properties":{"n":"RAYWOOD","i":"YRYW","a":null,"k":"Glider site","maj":0,"e":131,"pr":0,"ppr":0}},{"type":"Feature","geometry":{"type":"Point","coordinates":[137.767,-17.183]},"properties":{"n":"REDBANK MINE","i":"YRBM","a":null,"k":null,"maj":0,"e":204,"pr":0,"ppr":0}},{"type":"Feature","geometry":{"type":"Point","coordinates":[116.067,-21.967]},"properties":{"n":"RED HILL STATION","i":"YRHL","a":null,"k":null,"maj":0,"e":152,"pr":0,"ppr":0}},{"type":"Feature","geometry":{"type":"Point","coordinates":[119.017,-21.967]},"properties":{"n":"REDMONT","i":"YRDM","a":null,"k":null,"maj":0,"e":380,"pr":0,"ppr":0}},{"type":"Feature","geometry":{"type":"Point","coordinates":[140.66861,-34.19833]},"properties":{"n":"RENMARK","i":"YREN","a":"RMK","k":null,"maj":0,"e":35,"pr":0,"ppr":0}},{"type":"Feature","geometry":{"type":"Point","coordinates":[118.28,-27.132]},"properties":{"n":"REEDYS","i":"YRDY","a":null,"k":null,"maj":0,"e":489,"pr":0,"ppr":0}},{"type":"Feature","geometry":{"type":"Point","coordinates":[119.333,-23.108]},"properties":{"n":"RHODES RIDGE","i":"YRRG","a":null,"k":null,"maj":0,"e":660,"pr":0,"ppr":0}},{"type":"Feature","geometry":{"type":"Point","coordinates":[143.11389,-20.70139]},"properties":{"n":"RICHMOND","i":"YRMD","a":"RCM","k":null,"maj":0,"e":206,"pr":0,"ppr":0}},{"type":"Feature","geometry":{"type":"Point","coordinates":[144.72167,-37.47778]},"properties":{"n":"RIDDELL","i":"YRID","a":null,"k":null,"maj":0,"e":351,"pr":0,"ppr":0}},{"type":"Feature","geometry":{"type":"Point","coordinates":[150.78222,-33.60444]},"properties":{"n":"RICHMOND","i":"YSRI","a":"XRH","k":"Military","maj":0,"e":20,"pr":0,"ppr":0}},{"type":"Feature","geometry":{"type":"Point","coordinates":[134.962,-23.828]},"properties":{"n":"RINGWOOD","i":"YRNW","a":null,"k":null,"maj":0,"e":408,"pr":0,"ppr":0}},{"type":"Feature","geometry":{"type":"Point","coordinates":[128.624,-18.789]},"properties":{"n":"RINGER SOAK","i":"YRSK","a":null,"k":null,"maj":0,"e":372,"pr":0,"ppr":0}},{"type":"Feature","geometry":{"type":"Point","coordinates":[130.217,-17.9]},"properties":{"n":"RIVEREN","i":"YRVE","a":null,"k":null,"maj":0,"e":348,"pr":0,"ppr":0}},{"type":"Feature","geometry":{"type":"Point","coordinates":[139.80528,-37.17528]},"properties":{"n":"ROBE","i":"YRBE","a":null,"k":null,"maj":0,"e":1,"pr":0,"ppr":0}},{"type":"Feature","geometry":{"type":"Point","coordinates":[130.97306,-12.42556]},"properties":{"n":"ROBERTSON BARRACKS","i":"YRBK","a":null,"k":"Heliport","maj":0,"e":32,"pr":0,"ppr":0}},{"type":"Feature","geometry":{"type":"Point","coordinates":[136.945,-16.718]},"properties":{"n":"ROBINSON RIVER","i":"YRBR","a":"RRV","k":null,"maj":0,"e":69,"pr":0,"ppr":0}},{"type":"Feature","geometry":{"type":"Point","coordinates":[143.71139,-18.84944]},"properties":{"n":"ROBINHOOD","i":"YROB","a":"ROH","k":null,"maj":0,"e":460,"pr":0,"ppr":0}},{"type":"Feature","geometry":{"type":"Point","coordinates":[153.13083,-27.57889]},"properties":{"n":"ROCHEDALE","i":"YRCD","a":null,"k":"Heliport","maj":0,"e":80,"pr":0,"ppr":0}},{"type":"Feature","geometry":{"type":"Point","coordinates":[142.77361,-34.64222]},"properties":{"n":"ROBINVALE","i":"YROI","a":"RBC","k":null,"maj":0,"e":76,"pr":0,"ppr":0}},{"type":"Feature","geometry":{"type":"Point","coordinates":[150.475,-23.37917]},"properties":{"n":"ROCKHAMPTON","i":"YBRK","a":"ROK","k":null,"maj":0,"e":11,"pr":0,"ppr":0}},{"type":"Feature","geometry":{"type":"Point","coordinates":[135.19917,-18.95222]},"properties":{"n":"ROCKHAMPTON DOWNS","i":"YRKD","a":null,"k":null,"maj":0,"e":226,"pr":0,"ppr":0}},{"type":"Feature","geometry":{"type":"Point","coordinates":[138.1,-19.867]},"properties":{"n":"ROCKLANDS","i":"YRKS","a":null,"k":null,"maj":0,"e":236,"pr":0,"ppr":0}},{"type":"Feature","geometry":{"type":"Point","coordinates":[117.45,-22.883]},"properties":{"n":"ROCKLEA","i":"YRLE","a":null,"k":null,"maj":0,"e":435,"pr":0,"ppr":0}},{"type":"Feature","geometry":{"type":"Point","coordinates":[148.62694,-24.46]},"properties":{"n":"ROLLESTON","i":"YRLL","a":null,"k":null,"maj":0,"e":223,"pr":0,"ppr":0}},{"type":"Feature","geometry":{"type":"Point","coordinates":[136.72,-35.93]},"properties":{"n":"ROCKY RIVER","i":"YROK","a":null,"k":null,"maj":0,"e":101,"pr":0,"ppr":0}},{"type":"Feature","geometry":{"type":"Point","coordinates":[117.157,-20.762]},"properties":{"n":"ROEBOURNE","i":"YROE","a":"RBU","k":null,"maj":0,"e":11,"pr":0,"ppr":0}},{"type":"Feature","geometry":{"type":"Point","coordinates":[148.77556,-26.54444]},"properties":{"n":"ROMA","i":"YROM","a":"RMA","k":null,"maj":0,"e":315,"pr":0,"ppr":0}},{"type":"Feature","geometry":{"type":"Point","coordinates":[134.518,-14.738]},"properties":{"n":"ROPER BAR","i":"YRRB","a":"RPB","k":null,"maj":0,"e":19,"pr":0,"ppr":0}},{"type":"Feature","geometry":{"type":"Point","coordinates":[144.73778,-37.3925]},"properties":{"n":"ROMSEY","i":"YRSY","a":null,"k":null,"maj":0,"e":458,"pr":0,"ppr":0}},{"type":"Feature","geometry":{"type":"Point","coordinates":[151.26306,-33.87]},"properties":{"n":"ROSE BAY","i":"YRAY","a":null,"k":"Water","maj":0,"e":1,"pr":0,"ppr":0}},{"type":"Feature","geometry":{"type":"Point","coordinates":[139.62722,-25.82583]},"properties":{"n":"ROSEBERTH","i":"YRSB","a":"RSB","k":null,"maj":0,"e":55,"pr":0,"ppr":0}},{"type":"Feature","geometry":{"type":"Point","coordinates":[151.02417,-33.83]},"properties":{"n":"ROSEHILL","i":"YRSH","a":null,"k":"Heliport","maj":0,"e":4,"pr":0,"ppr":0}},{"type":"Feature","geometry":{"type":"Point","coordinates":[147.78028,-34.84944]},"properties":{"n":"ROSE VALE","i":"YRVL","a":null,"k":null,"maj":0,"e":251,"pr":0,"ppr":0}},{"type":"Feature","geometry":{"type":"Point","coordinates":[145.9,-27.133]},"properties":{"n":"ROSEVALE RESORT","i":"YRSV","a":null,"k":null,"maj":0,"e":246,"pr":0,"ppr":0}},{"type":"Feature","geometry":{"type":"Point","coordinates":[134.517,-23.599]},"properties":{"n":"ROSS RIVER","i":"YROV","a":null,"k":null,"maj":0,"e":505,"pr":0,"ppr":0}},{"type":"Feature","geometry":{"type":"Point","coordinates":[116.867,-29.292]},"properties":{"n":"ROTHSAY MINE","i":"YROT","a":null,"k":null,"maj":0,"e":361,"pr":0,"ppr":0}},{"type":"Feature","geometry":{"type":"Point","coordinates":[115.53972,-32.00639]},"properties":{"n":"ROTTNEST ISLAND","i":"YRTI","a":"RTS","k":null,"maj":0,"e":4,"pr":0,"ppr":0}},{"type":"Feature","geometry":{"type":"Point","coordinates":[144.34667,-37.70778]},"properties":{"n":"ROWSLEY/BROOKS LANDING","i":"YBSL","a":null,"k":null,"maj":0,"e":183,"pr":0,"ppr":0}},{"type":"Feature","geometry":{"type":"Point","coordinates":[151.19194,-33.82111]},"properties":{"n":"ROYAL NORTH SHORE HOSPITAL","i":"YXNS","a":null,"k":"Heliport","maj":0,"e":90,"pr":0,"ppr":0}},{"type":"Feature","geometry":{"type":"Point","coordinates":[136.737,-30.717]},"properties":{"n":"ROXBY DOWNS STATION","i":"YRXB","a":null,"k":null,"maj":0,"e":100,"pr":0,"ppr":0}},{"type":"Feature","geometry":{"type":"Point","coordinates":[151.18389,-33.88944]},"properties":{"n":"ROYAL PRINCE ALFRED HOSPITAL","i":"YRPA","a":null,"k":"Heliport","maj":0,"e":29,"pr":0,"ppr":0}},{"type":"Feature","geometry":{"type":"Point","coordinates":[119.95917,-22.62556]},"properties":{"n":"ROY HILL STATION","i":"YRYH","a":"RHL","k":null,"maj":0,"e":418,"pr":0,"ppr":0}},{"type":"Feature","geometry":{"type":"Point","coordinates":[122.15,-22.55]},"properties":{"n":"RUDAL RIVER","i":"YRUD","a":null,"k":null,"maj":0,"e":388,"pr":0,"ppr":0}},{"type":"Feature","geometry":{"type":"Point","coordinates":[148.975,-34.392]},"properties":{"n":"RUGBY","i":"YRUG","a":null,"k":null,"maj":0,"e":684,"pr":0,"ppr":0}},{"type":"Feature","geometry":{"type":"Point","coordinates":[141.84472,-15.645]},"properties":{"n":"RUTLAND PLAINS","i":"YRTP","a":"RTP","k":null,"maj":0,"e":15,"pr":0,"ppr":0}},{"type":"Feature","geometry":{"type":"Point","coordinates":[149.99333,-32.77083]},"properties":{"n":"RYLSTONE AIRPARK","i":"YRYL","a":null,"k":null,"maj":0,"e":609,"pr":0,"ppr":0}},{"type":"Feature","geometry":{"type":"Point","coordinates":[142.625,-9.37833]},"properties":{"n":"SAIBAI ISLAND","i":"YSII","a":"SBR","k":null,"maj":0,"e":5,"pr":0,"ppr":0}},{"type":"Feature","geometry":{"type":"Point","coordinates":[143.18444,-36.64083]},"properties":{"n":"SAINT ARNAUD","i":"YSTA","a":null,"k":null,"maj":0,"e":195,"pr":0,"ppr":0}},{"type":"Feature","geometry":{"type":"Point","coordinates":[148.59556,-28.05028]},"properties":{"n":"SAINT GEORGE","i":"YSGE","a":"SGO","k":null,"maj":0,"e":200,"pr":0,"ppr":0}},{"type":"Feature","geometry":{"type":"Point","coordinates":[131.867,-23.7]},"properties":{"n":"SAIPEM","i":"YSAI","a":null,"k":null,"maj":0,"e":750,"pr":0,"ppr":0}},{"type":"Feature","geometry":{"type":"Point","coordinates":[147.075,-38.117]},"properties":{"n":"SALE XX","i":"YSLT","a":null,"k":null,"maj":0,"e":6,"pr":0,"ppr":0}},{"type":"Feature","geometry":{"type":"Point","coordinates":[121.167,-19.767]},"properties":{"n":"SANDFIRE","i":"YSFI","a":null,"k":null,"maj":0,"e":13,"pr":0,"ppr":0}},{"type":"Feature","geometry":{"type":"Point","coordinates":[147.208,-42.992]},"properties":{"n":"SANDFLY","i":"YSFY","a":null,"k":null,"maj":0,"e":166,"pr":0,"ppr":0}},{"type":"Feature","geometry":{"type":"Point","coordinates":[119.617,-22.8]},"properties":{"n":"SANDHILL","i":"YSAH","a":null,"k":null,"maj":0,"e":422,"pr":0,"ppr":0}},{"type":"Feature","geometry":{"type":"Point","coordinates":[119.297,-27.98]},"properties":{"n":"SANDSTONE","i":"YSAN","a":"NDS","k":null,"maj":0,"e":527,"pr":0,"ppr":0}},{"type":"Feature","geometry":{"type":"Point","coordinates":[134.39,-24.118]},"properties":{"n":"SANTA TERESA","i":"YSTT","a":null,"k":null,"maj":0,"e":433,"pr":0,"ppr":0}},{"type":"Feature","geometry":{"type":"Point","coordinates":[142.08778,-12.62278]},"properties":{"n":"SCHERGER","i":"YBSG","a":null,"k":"Military","maj":0,"e":44,"pr":0,"ppr":0}},{"type":"Feature","geometry":{"type":"Point","coordinates":[150.8325,-32.03833]},"properties":{"n":"SCONE","i":"YSCO","a":"NSO","k":null,"maj":0,"e":227,"pr":0,"ppr":0}},{"type":"Feature","geometry":{"type":"Point","coordinates":[141.17556,-33.20722]},"properties":{"n":"SCOTIA SANCTUARY","i":"YSCA","a":null,"k":null,"maj":0,"e":55,"pr":0,"ppr":0}},{"type":"Feature","geometry":{"type":"Point","coordinates":[142.89028,-35.53056]},"properties":{"n":"SEA LAKE","i":"YSLK","a":null,"k":null,"maj":0,"e":56,"pr":0,"ppr":0}},{"type":"Feature","geometry":{"type":"Point","coordinates":[115.871,-32.395]},"properties":{"n":"SERPENTINE","i":"YSEN","a":null,"k":null,"maj":0,"e":9,"pr":0,"ppr":0}},{"type":"Feature","geometry":{"type":"Point","coordinates":[116.4931,-34.7433]},"properties":{"n":"SHANNON RIVER","i":"YSHN","a":null,"k":null,"maj":0,"e":90,"pr":0,"ppr":0}},{"type":"Feature","geometry":{"type":"Point","coordinates":[119.36444,-21.51139]},"properties":{"n":"SHAW RIVER","i":null,"a":null,"k":null,"maj":0,"e":237,"pr":0,"ppr":0}},{"type":"Feature","geometry":{"type":"Point","coordinates":[113.57583,-25.89667]},"properties":{"n":"SHARK BAY","i":"YSHK","a":"MJK","k":null,"maj":0,"e":34,"pr":0,"ppr":0}},{"type":"Feature","geometry":{"type":"Point","coordinates":[120.13972,-20.42472]},"properties":{"n":"SHAY GAP","i":"YSHG","a":"SGP","k":null,"maj":0,"e":172,"pr":0,"ppr":0}},{"type":"Feature","geometry":{"type":"Point","coordinates":[150.78778,-34.5625]},"properties":{"n":"SHELLHARBOUR","i":"YSHL","a":"WOL","k":null,"maj":0,"e":3,"pr":0,"ppr":0}},{"type":"Feature","geometry":{"type":"Point","coordinates":[145.39194,-36.42667]},"properties":{"n":"SHEPPARTON","i":"YSHT","a":"SHT","k":null,"maj":0,"e":114,"pr":0,"ppr":0}},{"type":"Feature","geometry":{"type":"Point","coordinates":[148.75528,-20.27667]},"properties":{"n":"SHUTE HARBOUR/WHITSUNDAY","i":"YSHR","a":"WSY","k":null,"maj":0,"e":23,"pr":0,"ppr":0}},{"type":"Feature","geometry":{"type":"Point","coordinates":[136.709,-32.558]},"properties":{"n":"SIAM","i":"YSIA","a":null,"k":null,"maj":0,"e":183,"pr":0,"ppr":0}},{"type":"Feature","geometry":{"type":"Point","coordinates":[125.25,-17.067]},"properties":{"n":"SILENT GROVE","i":"YSLG","a":null,"k":null,"maj":0,"e":311,"pr":0,"ppr":0}},{"type":"Feature","geometry":{"type":"Point","coordinates":[143.083,-20.617]},"properties":{"n":"SILVER HILLS","i":"YSVH","a":null,"k":null,"maj":0,"e":212,"pr":0,"ppr":0}},{"type":"Feature","geometry":{"type":"Point","coordinates":[151.19278,-32.60083]},"properties":{"n":"SINGLETON","i":"YSGT","a":"SIX","k":null,"maj":0,"e":46,"pr":0,"ppr":0}},{"type":"Feature","geometry":{"type":"Point","coordinates":[132.15,-11.15]},"properties":{"n":"SMITH POINT","i":"YSMP","a":"SHU","k":null,"maj":0,"e":18,"pr":0,"ppr":0}},{"type":"Feature","geometry":{"type":"Point","coordinates":[145.08361,-40.83611]},"properties":{"n":"SMITHTON","i":"YSMI","a":"SIO","k":null,"maj":0,"e":9,"pr":0,"ppr":0}},{"type":"Feature","geometry":{"type":"Point","coordinates":[130.64889,-11.41806]},"properties":{"n":"SNAKE BAY","i":"YSNK","a":null,"k":null,"maj":0,"e":53,"pr":0,"ppr":0}},{"type":"Feature","geometry":{"type":"Point","coordinates":[148.02556,-38.19417]},"properties":{"n":"SNAPPER","i":"YUSN","a":null,"k":"Heliport","maj":0,"e":1,"pr":0,"ppr":0}},{"type":"Feature","geometry":{"type":"Point","coordinates":[138.367,-33.8]},"properties":{"n":"SNOWTOWN","i":"YSNT","a":null,"k":null,"maj":0,"e":108,"pr":0,"ppr":0}},{"type":"Feature","geometry":{"type":"Point","coordinates":[151.29972,-33.36778]},"properties":{"n":"SOMERSBY","i":"YSMB","a":"GOS","k":null,"maj":0,"e":253,"pr":0,"ppr":0}},{"type":"Feature","geometry":{"type":"Point","coordinates":[117.85056,-22.25667]},"properties":{"n":"SOLOMON","i":"YSOL","a":null,"k":null,"maj":0,"e":613,"pr":0,"ppr":0}},{"type":"Feature","geometry":{"type":"Point","coordinates":[137.017,-20.05]},"properties":{"n":"SOUDAN STATION","i":"YSDN","a":null,"k":null,"maj":0,"e":220,"pr":0,"ppr":0}},{"type":"Feature","geometry":{"type":"Point","coordinates":[119.35583,-31.23722]},"properties":{"n":"SOUTHERN CROSS","i":"YSCR","a":"SQC","k":null,"maj":0,"e":354,"pr":0,"ppr":0}},{"type":"Feature","geometry":{"type":"Point","coordinates":[133.37472,-11.65028]},"properties":{"n":"SOUTH GOULBURN ISLAND","i":"YGBI","a":"GBL","k":null,"maj":0,"e":19,"pr":0,"ppr":0}},{"type":"Feature","geometry":{"type":"Point","coordinates":[142.08944,-25.67472]},"properties":{"n":"SOUTH GALWAY","i":"YSGW","a":"ZGL","k":null,"maj":0,"e":116,"pr":0,"ppr":0}},{"type":"Feature","geometry":{"type":"Point","coordinates":[152.92333,-29.70917]},"properties":{"n":"SOUTH GRAFTON","i":"YSGR","a":null,"k":null,"maj":0,"e":6,"pr":0,"ppr":0}},{"type":"Feature","geometry":{"type":"Point","coordinates":[153.37139,-27.92194]},"properties":{"n":"SOUTHPORT","i":"YSPT","a":"SHQ","k":null,"maj":0,"e":2,"pr":0,"ppr":0}},{"type":"Feature","geometry":{"type":"Point","coordinates":[153.0275,-30.92444]},"properties":{"n":"SOUTH WEST ROCKS","i":null,"a":null,"k":null,"maj":0,"e":1,"pr":0,"ppr":0}},{"type":"Feature","geometry":{"type":"Point","coordinates":[142.033,-14.517]},"properties":{"n":"SOUTHWELL","i":"YSOW","a":null,"k":null,"maj":0,"e":45,"pr":0,"ppr":0}},{"type":"Feature","geometry":{"type":"Point","coordinates":[144.57167,-18.62]},"properties":{"n":"SPRING CREEK","i":"YSPK","a":"SCG","k":null,"maj":0,"e":547,"pr":0,"ppr":0}},{"type":"Feature","geometry":{"type":"Point","coordinates":[144.883,-24.3]},"properties":{"n":"SPRINGFIELD","i":"YSPF","a":null,"k":null,"maj":0,"e":233,"pr":0,"ppr":0}},{"type":"Feature","geometry":{"type":"Point","coordinates":[148.08611,-24.13028]},"properties":{"n":"SPRINGSURE","i":"YSPI","a":null,"k":null,"maj":0,"e":366,"pr":0,"ppr":0}},{"type":"Feature","geometry":{"type":"Point","coordinates":[127.67,-17.787]},"properties":{"n":"SPRINGVALE STATION","i":null,"a":null,"k":null,"maj":0,"e":435,"pr":0,"ppr":0}},{"type":"Feature","geometry":{"type":"Point","coordinates":[140.7,-23.55]},"properties":{"n":"SPRINGVALE","i":"YSPV","a":"KSV","k":null,"maj":0,"e":130,"pr":0,"ppr":0}},{"type":"Feature","geometry":{"type":"Point","coordinates":[139.717,-21.567]},"properties":{"n":"STANBROKE","i":"YSBO","a":null,"k":null,"maj":0,"e":330,"pr":0,"ppr":0}},{"type":"Feature","geometry":{"type":"Point","coordinates":[151.98111,-28.62]},"properties":{"n":"STANTHORPE","i":"YSPE","a":"SNH","k":null,"maj":0,"e":883,"pr":0,"ppr":0}},{"type":"Feature","geometry":{"type":"Point","coordinates":[142.73417,-37.06833]},"properties":{"n":"STAWELL","i":"YSWL","a":"SWC","k":null,"maj":0,"e":227,"pr":0,"ppr":0}},{"type":"Feature","geometry":{"type":"Point","coordinates":[148.28556,-41.33778]},"properties":{"n":"ST HELENS","i":"YSTH","a":"HLS","k":null,"maj":0,"e":48,"pr":0,"ppr":0}},{"type":"Feature","geometry":{"type":"Point","coordinates":[118.186,-34.312]},"properties":{"n":"STIRLING RANGE RETREAT","i":null,"a":null,"k":null,"maj":0,"e":221,"pr":0,"ppr":0}},{"type":"Feature","geometry":{"type":"Point","coordinates":[141.71389,-17.19222]},"properties":{"n":"STIRLING STATION","i":"YSTL","a":null,"k":null,"maj":0,"e":42,"pr":0,"ppr":0}},{"type":"Feature","geometry":{"type":"Point","coordinates":[144.689,-38.17]},"properties":{"n":"ST LEONARDS","i":"YSLE","a":null,"k":null,"maj":0,"e":14,"pr":0,"ppr":0}},{"type":"Feature","geometry":{"type":"Point","coordinates":[143.29028,-24.35667]},"properties":{"n":"STONEHENGE","i":"YSTO","a":null,"k":null,"maj":0,"e":166,"pr":0,"ppr":0}},{"type":"Feature","geometry":{"type":"Point","coordinates":[139.30972,-34.34361]},"properties":{"n":"STONEFIELD","i":"YSFG","a":null,"k":"Glider site","maj":0,"e":107,"pr":0,"ppr":0}},{"type":"Feature","geometry":{"type":"Point","coordinates":[145.28972,-42.15583]},"properties":{"n":"STRAHAN","i":"YSRN","a":"SRN","k":null,"maj":0,"e":20,"pr":0,"ppr":0}},{"type":"Feature","geometry":{"type":"Point","coordinates":[138.99,-35.312]},"properties":{"n":"STRATHALBYN","i":"YSYN","a":null,"k":null,"maj":0,"e":24,"pr":0,"ppr":0}},{"type":"Feature","geometry":{"type":"Point","coordinates":[142.967,-14.9]},"properties":{"n":"STRATHAVEN","i":"YSVN","a":null,"k":null,"maj":0,"e":126,"pr":0,"ppr":0}},{"type":"Feature","geometry":{"type":"Point","coordinates":[145.738,-36.855]},"properties":{"n":"STRATHBOGIE","i":"YSBG","a":null,"k":null,"maj":0,"e":491,"pr":0,"ppr":0}},{"type":"Feature","geometry":{"type":"Point","coordinates":[142.817,-14.482]},"properties":{"n":"STRATHBURN","i":"YSTB","a":null,"k":null,"maj":0,"e":117,"pr":0,"ppr":0}},{"type":"Feature","geometry":{"type":"Point","coordinates":[141.125,-37.732]},"properties":{"n":"STRATHDOWNIE","i":"YSDW","a":null,"k":null,"maj":0,"e":72,"pr":0,"ppr":0}},{"type":"Feature","geometry":{"type":"Point","coordinates":[140.333,-31.767]},"properties":{"n":"STRATHEARN","i":"YSTR","a":null,"k":null,"maj":0,"e":147,"pr":0,"ppr":0}},{"type":"Feature","geometry":{"type":"Point","coordinates":[142.433,-14.795]},"properties":{"n":"STRATHGORDON","i":"YSGD","a":null,"k":null,"maj":0,"e":75,"pr":0,"ppr":0}},{"type":"Feature","geometry":{"type":"Point","coordinates":[143.383,-15.898]},"properties":{"n":"STRATHLEVEN","i":"YSLN","a":null,"k":null,"maj":0,"e":130,"pr":0,"ppr":0}},{"type":"Feature","geometry":{"type":"Point","coordinates":[142.802,-14.883]},"properties":{"n":"STRATHMAY","i":"YSMY","a":null,"k":null,"maj":0,"e":109,"pr":0,"ppr":0}},{"type":"Feature","geometry":{"type":"Point","coordinates":[142.567,-17.85]},"properties":{"n":"STRATHMORE","i":"YSMR","a":"STH","k":null,"maj":0,"e":126,"pr":0,"ppr":0}},{"type":"Feature","geometry":{"type":"Point","coordinates":[134.29278,-32.83639]},"properties":{"n":"STREAKY BAY","i":"YKBY","a":"KBY","k":null,"maj":0,"e":21,"pr":0,"ppr":0}},{"type":"Feature","geometry":{"type":"Point","coordinates":[142.367,-12.75]},"properties":{"n":"SUDLEY","i":"YSDL","a":null,"k":null,"maj":0,"e":64,"pr":0,"ppr":0}},{"type":"Feature","geometry":{"type":"Point","coordinates":[137.063,-29.717]},"properties":{"n":"STUART CREEK","i":"YSTC","a":null,"k":null,"maj":0,"e":37,"pr":0,"ppr":0}},{"type":"Feature","geometry":{"type":"Point","coordinates":[128.174,-19.166]},"properties":{"n":"STURT CREEK","i":null,"a":null,"k":null,"maj":0,"e":322,"pr":0,"ppr":0}},{"type":"Feature","geometry":{"type":"Point","coordinates":[146.90889,-35.76472]},"properties":{"n":"SUNNYSIDE","i":"YSNY","a":null,"k":null,"maj":0,"e":223,"pr":0,"ppr":0}},{"type":"Feature","geometry":{"type":"Point","coordinates":[142.0585,-34.2593]},"properties":{"n":"SUNRAYSIA","i":"YMGF","a":null,"k":"Glider site","maj":0,"e":53,"pr":0,"ppr":0}},{"type":"Feature","geometry":{"type":"Point","coordinates":[122.45611,-29.09917]},"properties":{"n":"SUNRISE DAM","i":"YSRD","a":null,"k":null,"maj":0,"e":411,"pr":0,"ppr":0}},{"type":"Feature","geometry":{"type":"Point","coordinates":[153.08194,-26.5975]},"properties":{"n":"SUNSHINE COAST","i":"YBSU","a":"MCY","k":null,"maj":0,"e":15,"pr":0,"ppr":0}},{"type":"Feature","geometry":{"type":"Point","coordinates":[149.07667,-27.15944]},"properties":{"n":"SURAT","i":"YSRT","a":null,"k":null,"maj":0,"e":244,"pr":0,"ppr":0}},{"type":"Feature","geometry":{"type":"Point","coordinates":[129.95,-19.267]},"properties":{"n":"SUPPLEJACK DOWNS","i":"YSUJ","a":null,"k":null,"maj":0,"e":440,"pr":0,"ppr":0}},{"type":"Feature","geometry":{"type":"Point","coordinates":[153.30028,-29.04917]},"properties":{"n":"SWAN BAY","i":"YSWB","a":null,"k":null,"maj":0,"e":5,"pr":0,"ppr":0}},{"type":"Feature","geometry":{"type":"Point","coordinates":[148.068,-42.102]},"properties":{"n":"SWANSEA","i":"YSWA","a":null,"k":null,"maj":0,"e":0,"pr":0,"ppr":0}},{"type":"Feature","geometry":{"type":"Point","coordinates":[143.53306,-35.375]},"properties":{"n":"SWAN HILL","i":"YSWH","a":"SWH","k":null,"maj":0,"e":71,"pr":0,"ppr":0}},{"type":"Feature","geometry":{"type":"Point","coordinates":[139.598,-17.122]},"properties":{"n":"SWEERS ISLAND RESORT","i":"YSWE","a":null,"k":null,"maj":0,"e":3,"pr":0,"ppr":0}},{"type":"Feature","geometry":{"type":"Point","coordinates":[151.17611,-33.94667]},"properties":{"n":"SYDNEY KINGSFORD SMITH","i":"YSSY","a":"SYD","k":null,"maj":1,"e":6,"pr":0,"ppr":0}},{"type":"Feature","geometry":{"type":"Point","coordinates":[150.99028,-33.92333]},"properties":{"n":"SYDNEY BANKSTOWN","i":"YSBK","a":"BWU","k":null,"maj":0,"e":10,"pr":0,"ppr":0}},{"type":"Feature","geometry":{"type":"Point","coordinates":[120.047,-23.558]},"properties":{"n":"SYLVANIA HOMESTEAD","i":"YSLV","a":null,"k":null,"maj":0,"e":595,"pr":0,"ppr":0}},{"type":"Feature","geometry":{"type":"Point","coordinates":[126.9,-17.283]},"properties":{"n":"TABLELAND HOMESTEAD","i":"YTAB","a":"TBL","k":null,"maj":0,"e":437,"pr":0,"ppr":0}},{"type":"Feature","geometry":{"type":"Point","coordinates":[145.7,-37.35]},"properties":{"n":"TAGGERTY","i":"YTGG","a":null,"k":null,"maj":0,"e":217,"pr":0,"ppr":0}},{"type":"Feature","geometry":{"type":"Point","coordinates":[148.283,-35.583]},"properties":{"n":"TALBINGO","i":"YTBG","a":null,"k":null,"maj":0,"e":395,"pr":0,"ppr":0}},{"type":"Feature","geometry":{"type":"Point","coordinates":[143.667,-19.217]},"properties":{"n":"TALAVERA","i":"YTVA","a":null,"k":null,"maj":0,"e":553,"pr":0,"ppr":0}},{"type":"Feature","geometry":{"type":"Point","coordinates":[113.733,-26.667]},"properties":{"n":"TAMALA","i":"YTML","a":null,"k":null,"maj":0,"e":12,"pr":0,"ppr":0}},{"type":"Feature","geometry":{"type":"Point","coordinates":[149.847,-31.315]},"properties":{"n":"TAMBAR SPRINGS","i":"YTMS","a":null,"k":null,"maj":0,"e":364,"pr":0,"ppr":0}},{"type":"Feature","geometry":{"type":"Point","coordinates":[150.84528,-31.07778]},"properties":{"n":"TAMWORTH","i":"YSTW","a":"TMW","k":null,"maj":0,"e":407,"pr":0,"ppr":0}},{"type":"Feature","geometry":{"type":"Point","coordinates":[146.29333,-24.83889]},"properties":{"n":"TAMBO","i":"YTMB","a":null,"k":null,"maj":0,"e":441,"pr":0,"ppr":0}},{"type":"Feature","geometry":{"type":"Point","coordinates":[129.72694,-19.96611]},"properties":{"n":"TANAMI","i":"YTMN","a":null,"k":null,"maj":0,"e":427,"pr":0,"ppr":0}},{"type":"Feature","geometry":{"type":"Point","coordinates":[129.74,-20.574]},"properties":{"n":"TANAMI DOWNS","i":"YTAN","a":null,"k":null,"maj":0,"e":347,"pr":0,"ppr":0}},{"type":"Feature","geometry":{"type":"Point","coordinates":[141.928,-25.848]},"properties":{"n":"TANBAR","i":"YTNB","a":"TXR","k":null,"maj":0,"e":105,"pr":0,"ppr":0}},{"type":"Feature","geometry":{"type":"Point","coordinates":[142.083,-32.633]},"properties":{"n":"TANDOU LAKE","i":"YTAD","a":null,"k":null,"maj":0,"e":52,"pr":0,"ppr":0}},{"type":"Feature","geometry":{"type":"Point","coordinates":[153.363,-27.13]},"properties":{"n":"TANGALOOMA","i":"YTGA","a":"TAN","k":null,"maj":0,"e":0,"pr":0,"ppr":0}},{"type":"Feature","geometry":{"type":"Point","coordinates":[153.383,-27.2]},"properties":{"n":"TANGALOOMA RESORT","i":"YXTA","a":null,"k":null,"maj":0,"e":78,"pr":0,"ppr":0}},{"type":"Feature","geometry":{"type":"Point","coordinates":[134.65,-16.45]},"properties":{"n":"TANUMBIRINI","i":"YTNR","a":null,"k":null,"maj":0,"e":257,"pr":0,"ppr":0}},{"type":"Feature","geometry":{"type":"Point","coordinates":[150.47639,-27.16389]},"properties":{"n":"TARA","i":"YTAA","a":"XTR","k":null,"maj":0,"e":360,"pr":0,"ppr":0}},{"type":"Feature","geometry":{"type":"Point","coordinates":[149.782,-34.289]},"properties":{"n":"TARALGA GRATHAWA","i":"YTLG","a":null,"k":null,"maj":0,"e":924,"pr":0,"ppr":0}},{"type":"Feature","geometry":{"type":"Point","coordinates":[143.4,-24.083]},"properties":{"n":"TARCOMBE","i":"YTRC","a":null,"k":null,"maj":0,"e":160,"pr":0,"ppr":0}},{"type":"Feature","geometry":{"type":"Point","coordinates":[134.584,-30.703]},"properties":{"n":"TARCOOLA","i":"YTAR","a":"TAQ","k":null,"maj":0,"e":122,"pr":0,"ppr":0}},{"type":"Feature","geometry":{"type":"Point","coordinates":[133.35,-26.75]},"properties":{"n":"TARCOONYINNA","i":"YTCY","a":null,"k":null,"maj":0,"e":388,"pr":0,"ppr":0}},{"type":"Feature","geometry":{"type":"Point","coordinates":[152.51556,-31.88806]},"properties":{"n":"TAREE","i":"YTRE","a":"TRO","k":null,"maj":0,"e":12,"pr":0,"ppr":0}},{"type":"Feature","geometry":{"type":"Point","coordinates":[115.818,-28.709]},"properties":{"n":"TARDUN CHRISTIAN BROTHERS","i":null,"a":null,"k":null,"maj":0,"e":321,"pr":0,"ppr":0}},{"type":"Feature","geometry":{"type":"Point","coordinates":[136.8,-22.633]},"properties":{"n":"TARLTON DOWNS","i":"YTLT","a":null,"k":null,"maj":0,"e":296,"pr":0,"ppr":0}},{"type":"Feature","geometry":{"type":"Point","coordinates":[149.89833,-25.80194]},"properties":{"n":"TAROOM","i":"YTAM","a":"XTO","k":null,"maj":0,"e":240,"pr":0,"ppr":0}},{"type":"Feature","geometry":{"type":"Point","coordinates":[122.23,-21.715]},"properties":{"n":"TELFER","i":"YTEF","a":"TEF","k":null,"maj":0,"e":296,"pr":0,"ppr":0}},{"type":"Feature","geometry":{"type":"Point","coordinates":[147.50472,-34.42167]},"properties":{"n":"TEMORA","i":"YTEM","a":"TEM","k":null,"maj":0,"e":281,"pr":0,"ppr":0}},{"type":"Feature","geometry":{"type":"Point","coordinates":[132.423,-24.382]},"properties":{"n":"TEMPE DOWNS","i":"YTPE","a":null,"k":null,"maj":0,"e":517,"pr":0,"ppr":0}},{"type":"Feature","geometry":{"type":"Point","coordinates":[134.17861,-19.63361]},"properties":{"n":"TENNANT CREEK","i":"YTNK","a":"TCA","k":null,"maj":0,"e":363,"pr":0,"ppr":0}},{"type":"Feature","geometry":{"type":"Point","coordinates":[139.207,-31.975]},"properties":{"n":"TENNECO STATION FIVE","i":"YTEN","a":null,"k":null,"maj":0,"e":208,"pr":0,"ppr":0}},{"type":"Feature","geometry":{"type":"Point","coordinates":[139.383,-31.183]},"properties":{"n":"TENNECO STATION FOUR","i":"YTNN","a":null,"k":null,"maj":0,"e":52,"pr":0,"ppr":0}},{"type":"Feature","geometry":{"type":"Point","coordinates":[140.05,-28.733]},"properties":{"n":"TENNECO STATION ONE","i":"YTNE","a":null,"k":null,"maj":0,"e":37,"pr":0,"ppr":0}},{"type":"Feature","geometry":{"type":"Point","coordinates":[139.95,-29.55]},"properties":{"n":"TENNECO STATION TWO","i":"YTOS","a":null,"k":null,"maj":0,"e":8,"pr":0,"ppr":0}},{"type":"Feature","geometry":{"type":"Point","coordinates":[150.57889,-24.49528]},"properties":{"n":"THANGOOL","i":"YTNG","a":"THG","k":null,"maj":0,"e":196,"pr":0,"ppr":0}},{"type":"Feature","geometry":{"type":"Point","coordinates":[139.665,-30.337]},"properties":{"n":"TENNECO STATION THREE","i":"YTEC","a":null,"k":null,"maj":0,"e":45,"pr":0,"ppr":0}},{"type":"Feature","geometry":{"type":"Point","coordinates":[143.81222,-27.98639]},"properties":{"n":"THARGOMINDAH","i":"YTGM","a":"XTG","k":null,"maj":0,"e":132,"pr":0,"ppr":0}},{"type":"Feature","geometry":{"type":"Point","coordinates":[151.93,-28.99152]},"properties":{"n":"TENTERFIELD","i":"YTFD","a":null,"k":null,"maj":0,"e":799,"pr":0,"ppr":0}},{"type":"Feature","geometry":{"type":"Point","coordinates":[126.496,-14.788]},"properties":{"n":"THEDA STATION","i":"YTHD","a":"TDN","k":null,"maj":0,"e":216,"pr":0,"ppr":0}},{"type":"Feature","geometry":{"type":"Point","coordinates":[130.35056,-20.54889]},"properties":{"n":"THE GRANITES","i":"YTGT","a":"GTS","k":null,"maj":0,"e":395,"pr":0,"ppr":0}},{"type":"Feature","geometry":{"type":"Point","coordinates":[134.44,-23.287]},"properties":{"n":"THE GARDEN","i":"YGDR","a":null,"k":null,"maj":0,"e":665,"pr":0,"ppr":0}},{"type":"Feature","geometry":{"type":"Point","coordinates":[139.92167,-21.80917]},"properties":{"n":"THE MONUMENT","i":"YTMO","a":"PHQ","k":null,"maj":0,"e":289,"pr":0,"ppr":0}},{"type":"Feature","geometry":{"type":"Point","coordinates":[152.72472,-31.71556]},"properties":{"n":"THE LAKES","i":"YLKS","a":null,"k":null,"maj":0,"e":2,"pr":0,"ppr":0}},{"type":"Feature","geometry":{"type":"Point","coordinates":[150.09306,-24.98694]},"properties":{"n":"THEODORE","i":"YTDR","a":"TDR","k":null,"maj":0,"e":171,"pr":0,"ppr":0}},{"type":"Feature","geometry":{"type":"Point","coordinates":[150.55972,-34.08389]},"properties":{"n":"THE OAKS","i":"YOAS","a":null,"k":null,"maj":0,"e":277,"pr":0,"ppr":0}},{"type":"Feature","geometry":{"type":"Point","coordinates":[146.26444,-41.42972]},"properties":{"n":"THE VALE","i":"YVAL","a":null,"k":null,"maj":0,"e":211,"pr":1,"ppr":1}},{"type":"Feature","geometry":{"type":"Point","coordinates":[115,-21.467]},"properties":{"n":"THEVENARD ISLAND","i":"YTHV","a":null,"k":null,"maj":0,"e":0,"pr":0,"ppr":0}},{"type":"Feature","geometry":{"type":"Point","coordinates":[115.858,-29.528]},"properties":{"n":"THREE SPRINGS","i":"YTHS","a":null,"k":null,"maj":0,"e":274,"pr":0,"ppr":0}},{"type":"Feature","geometry":{"type":"Point","coordinates":[136.18,-35.025]},"properties":{"n":"THISTLE ISLAND","i":"YTHI","a":null,"k":null,"maj":0,"e":37,"pr":0,"ppr":0}},{"type":"Feature","geometry":{"type":"Point","coordinates":[119.117,-25.133]},"properties":{"n":"THREE RIVERS HOMESTEAD","i":"YTHR","a":null,"k":null,"maj":0,"e":522,"pr":0,"ppr":0}},{"type":"Feature","geometry":{"type":"Point","coordinates":[120.93917,-28.15361]},"properties":{"n":"THUNDERBOX","i":"YTHN","a":null,"k":null,"maj":0,"e":521,"pr":0,"ppr":0}},{"type":"Feature","geometry":{"type":"Point","coordinates":[143.45139,-26.09306]},"properties":{"n":"THYLUNGRA","i":"YTHY","a":"TYG","k":null,"maj":0,"e":165,"pr":0,"ppr":0}},{"type":"Feature","geometry":{"type":"Point","coordinates":[142.05722,-29.45278]},"properties":{"n":"TIBOOBURRA","i":"YTIB","a":"TYB","k":null,"maj":0,"e":178,"pr":0,"ppr":0}},{"type":"Feature","geometry":{"type":"Point","coordinates":[146.327,-39.034]},"properties":{"n":"TIDAL RIVER","i":"YTDL","a":null,"k":null,"maj":0,"e":19,"pr":0,"ppr":0}},{"type":"Feature","geometry":{"type":"Point","coordinates":[133.917,-26.217]},"properties":{"n":"TIEYON","i":"YTYN","a":null,"k":null,"maj":0,"e":373,"pr":0,"ppr":0}},{"type":"Feature","geometry":{"type":"Point","coordinates":[144.42028,-30.92556]},"properties":{"n":"TILPA","i":"YTLP","a":null,"k":null,"maj":0,"e":85,"pr":0,"ppr":0}},{"type":"Feature","geometry":{"type":"Point","coordinates":[130.44778,-15.62056]},"properties":{"n":"TIMBER CREEK","i":"YTBR","a":"TBK","k":null,"maj":0,"e":16,"pr":0,"ppr":0}},{"type":"Feature","geometry":{"type":"Point","coordinates":[132.37722,-14.52167]},"properties":{"n":"TINDAL","i":"YPTN","a":"KTR","k":"Military","maj":0,"e":135,"pr":0,"ppr":0}},{"type":"Feature","geometry":{"type":"Point","coordinates":[133.42,-22.132]},"properties":{"n":"TI TREE","i":"YTIT","a":null,"k":null,"maj":0,"e":552,"pr":0,"ppr":0}},{"type":"Feature","geometry":{"type":"Point","coordinates":[140.067,-35.867]},"properties":{"n":"TINTINARA","i":"YTIN","a":null,"k":null,"maj":0,"e":21,"pr":0,"ppr":0}},{"type":"Feature","geometry":{"type":"Point","coordinates":[141.657,-13.985]},"properties":{"n":"TI TREE","i":"YTTE","a":null,"k":null,"maj":0,"e":11,"pr":0,"ppr":0}},{"type":"Feature","geometry":{"type":"Point","coordinates":[125.472,-26.035]},"properties":{"n":"TJIRRKARLI","i":"YTJI","a":null,"k":null,"maj":0,"e":451,"pr":0,"ppr":0}},{"type":"Feature","geometry":{"type":"Point","coordinates":[128.739,-24.371]},"properties":{"n":"TJUKURLA","i":"YJUK","a":null,"k":null,"maj":0,"e":462,"pr":0,"ppr":0}},{"type":"Feature","geometry":{"type":"Point","coordinates":[124.585,-27.155]},"properties":{"n":"TJUKAYIRLA ROADHOUSE","i":null,"a":null,"k":null,"maj":0,"e":433,"pr":0,"ppr":0}},{"type":"Feature","geometry":{"type":"Point","coordinates":[137.953,-22.256]},"properties":{"n":"TOBERMOREY","i":"YTMY","a":"TYP","k":null,"maj":0,"e":173,"pr":0,"ppr":0}},{"type":"Feature","geometry":{"type":"Point","coordinates":[127.128,-29.358]},"properties":{"n":"TJUNTJUNTJARRA","i":"YTJU","a":null,"k":null,"maj":0,"e":209,"pr":0,"ppr":0}},{"type":"Feature","geometry":{"type":"Point","coordinates":[145.60472,-35.81139]},"properties":{"n":"TOCUMWAL","i":"YTOC","a":"TCW","k":null,"maj":0,"e":113,"pr":0,"ppr":0}},{"type":"Feature","geometry":{"type":"Point","coordinates":[134.77,-27.124]},"properties":{"n":"TODMORDEN","i":"YTDM","a":null,"k":null,"maj":0,"e":187,"pr":0,"ppr":0}},{"type":"Feature","geometry":{"type":"Point","coordinates":[146.069,-25.322]},"properties":{"n":"TOLINESS","i":"YTNS","a":null,"k":null,"maj":0,"e":359,"pr":0,"ppr":0}},{"type":"Feature","geometry":{"type":"Point","coordinates":[149.532,-30.082]},"properties":{"n":"TOGO STATION","i":"YTOG","a":null,"k":null,"maj":0,"e":194,"pr":0,"ppr":0}},{"type":"Feature","geometry":{"type":"Point","coordinates":[140.81,-28.408]},"properties":{"n":"TOOLACHIE","i":"YTOA","a":null,"k":null,"maj":0,"e":61,"pr":0,"ppr":0}},{"type":"Feature","geometry":{"type":"Point","coordinates":[145.583,-19.933]},"properties":{"n":"TOOMBA","i":"YTOB","a":null,"k":null,"maj":0,"e":392,"pr":0,"ppr":0}},{"type":"Feature","geometry":{"type":"Point","coordinates":[145.42333,-38.21583]},"properties":{"n":"TOORADIN","i":"YTDN","a":null,"k":null,"maj":0,"e":3,"pr":0,"ppr":0}},{"type":"Feature","geometry":{"type":"Point","coordinates":[141.79278,-21.03278]},"properties":{"n":"TOORAK RESEARCH STATION","i":"YTKS","a":null,"k":null,"maj":0,"e":150,"pr":0,"ppr":0}},{"type":"Feature","geometry":{"type":"Point","coordinates":[148.89833,-31.44278]},"properties":{"n":"TOORAWEENAH","i":"YTWN","a":null,"k":null,"maj":0,"e":410,"pr":0,"ppr":0}},{"type":"Feature","geometry":{"type":"Point","coordinates":[151.91778,-27.54278]},"properties":{"n":"TOOWOOMBA","i":"YTWB","a":"TWB","k":null,"maj":0,"e":636,"pr":0,"ppr":0}},{"type":"Feature","geometry":{"type":"Point","coordinates":[144.36444,-38.29778]},"properties":{"n":"TORQUAY","i":"YTQY","a":null,"k":null,"maj":0,"e":9,"pr":0,"ppr":0}},{"type":"Feature","geometry":{"type":"Point","coordinates":[145,-20.783]},"properties":{"n":"TORRENS CREEK","i":"YTCK","a":null,"k":null,"maj":0,"e":0,"pr":0,"ppr":0}},{"type":"Feature","geometry":{"type":"Point","coordinates":[147.167,-25.117]},"properties":{"n":"TORRES PARK HOMESTEAD","i":"YTOK","a":null,"k":null,"maj":0,"e":522,"pr":0,"ppr":0}},{"type":"Feature","geometry":{"type":"Point","coordinates":[144.533,-36.067]},"properties":{"n":"TORRUMBARRY","i":"YTRB","a":null,"k":null,"maj":0,"e":93,"pr":0,"ppr":0}},{"type":"Feature","geometry":{"type":"Point","coordinates":[143.75,-17.363]},"properties":{"n":"TORWOOD","i":null,"a":null,"k":null,"maj":0,"e":209,"pr":0,"ppr":0}},{"type":"Feature","geometry":{"type":"Point","coordinates":[146.76944,-19.24833]},"properties":{"n":"TOWNSVILLE","i":"YBTL","a":"TSV","k":null,"maj":0,"e":5,"pr":0,"ppr":0}},{"type":"Feature","geometry":{"type":"Point","coordinates":[147.36722,-32.25833]},"properties":{"n":"TOTTENHAM","i":"YTOT","a":null,"k":null,"maj":0,"e":238,"pr":0,"ppr":0}},{"type":"Feature","geometry":{"type":"Point","coordinates":[122.067,-22.317]},"properties":{"n":"TRACIES FIELD","i":"YTCF","a":null,"k":null,"maj":0,"e":373,"pr":0,"ppr":0}},{"type":"Feature","geometry":{"type":"Point","coordinates":[149.89139,-34.68917]},"properties":{"n":"TOWRANG","i":"YTWG","a":null,"k":"Glider site","maj":0,"e":620,"pr":1,"ppr":1}},{"type":"Feature","geometry":{"type":"Point","coordinates":[143.459,-37.439]},"properties":{"n":"TRAWALLA","i":null,"a":null,"k":null,"maj":0,"e":274,"pr":0,"ppr":0}},{"type":"Feature","geometry":{"type":"Point","coordinates":[148,-31.967]},"properties":{"n":"TRANGIE","i":"YTGI","a":null,"k":null,"maj":0,"e":216,"pr":0,"ppr":0}},{"type":"Feature","geometry":{"type":"Point","coordinates":[146.717,-22.85]},"properties":{"n":"TRELAWNEY","i":"YTWE","a":null,"k":null,"maj":0,"e":298,"pr":0,"ppr":0}},{"type":"Feature","geometry":{"type":"Point","coordinates":[140.8875,-21.835]},"properties":{"n":"TREPELL","i":"YTEE","a":"TQP","k":null,"maj":0,"e":272,"pr":0,"ppr":0}},{"type":"Feature","geometry":{"type":"Point","coordinates":[147.89861,-42.51333]},"properties":{"n":"TRIABUNNA","i":"YTUA","a":null,"k":null,"maj":0,"e":10,"pr":0,"ppr":0}},{"type":"Feature","geometry":{"type":"Point","coordinates":[143.917,-25.6]},"properties":{"n":"TRINIDAD","i":"YTII","a":null,"k":null,"maj":0,"e":276,"pr":0,"ppr":0}},{"type":"Feature","geometry":{"type":"Point","coordinates":[124.55056,-29.18611]},"properties":{"n":"TROPICANA","i":"YTRA","a":null,"k":null,"maj":0,"e":335,"pr":0,"ppr":0}},{"type":"Feature","geometry":{"type":"Point","coordinates":[149.267,-24.467]},"properties":{"n":"TRUGANANNI","i":"YTUG","a":null,"k":null,"maj":0,"e":202,"pr":0,"ppr":0}},{"type":"Feature","geometry":{"type":"Point","coordinates":[126.14861,-13.75194]},"properties":{"n":"TROUGHTON ISLAND","i":"YTTI","a":null,"k":null,"maj":0,"e":8,"pr":0,"ppr":0}},{"type":"Feature","geometry":{"type":"Point","coordinates":[118.125,-27.475]},"properties":{"n":"TUCKABIANA","i":"YTUC","a":null,"k":null,"maj":0,"e":467,"pr":0,"ppr":0}},{"type":"Feature","geometry":{"type":"Point","coordinates":[139.37972,-34.39639]},"properties":{"n":"TRURO FLAT AIRPARK","i":"YTFA","a":null,"k":null,"maj":0,"e":67,"pr":0,"ppr":0}},{"type":"Feature","geometry":{"type":"Point","coordinates":[126.38,-14.0875]},"properties":{"n":"TRUSCOTT-MUNGALALU","i":"YTST","a":"TTX","k":null,"maj":0,"e":55,"pr":0,"ppr":0}},{"type":"Feature","geometry":{"type":"Point","coordinates":[147.6,-32.617]},"properties":{"n":"TULLAMORE","i":"YTLL","a":null,"k":null,"maj":0,"e":235,"pr":0,"ppr":0}},{"type":"Feature","geometry":{"type":"Point","coordinates":[145.93806,-17.935]},"properties":{"n":"TULLY","i":"YTUY","a":null,"k":null,"maj":0,"e":18,"pr":0,"ppr":0}},{"type":"Feature","geometry":{"type":"Point","coordinates":[136.09583,-34.36167]},"properties":{"n":"TUMBY BAY","i":"YTBB","a":null,"k":null,"maj":0,"e":9,"pr":0,"ppr":0}},{"type":"Feature","geometry":{"type":"Point","coordinates":[148.24056,-35.26833]},"properties":{"n":"TUMUT","i":"YTMU","a":"TUM","k":null,"maj":0,"e":263,"pr":0,"ppr":0}},{"type":"Feature","geometry":{"type":"Point","coordinates":[147.367,-42.1]},"properties":{"n":"TUNBRIDGE","i":"YTUN","a":null,"k":null,"maj":0,"e":230,"pr":0,"ppr":0}},{"type":"Feature","geometry":{"type":"Point","coordinates":[148.41944,-38.17]},"properties":{"n":"TUNA","i":"YUNA","a":null,"k":"Heliport","maj":0,"e":1,"pr":0,"ppr":0}},{"type":"Feature","geometry":{"type":"Point","coordinates":[152.483,-32.15]},"properties":{"n":"TUNCURRY","i":"YTNC","a":null,"k":null,"maj":0,"e":2,"pr":0,"ppr":0}},{"type":"Feature","geometry":{"type":"Point","coordinates":[118.617,-23.617]},"properties":{"n":"TUREE CREEK","i":"YTRK","a":null,"k":null,"maj":0,"e":522,"pr":0,"ppr":0}},{"type":"Feature","geometry":{"type":"Point","coordinates":[128.206,-17.041]},"properties":{"n":"TURKEY CREEK","i":"YTKY","a":"TKY","k":null,"maj":0,"e":207,"pr":0,"ppr":0}},{"type":"Feature","geometry":{"type":"Point","coordinates":[145.17972,-38.26722]},"properties":{"n":"TYABB","i":"YTYA","a":null,"k":null,"maj":0,"e":27,"pr":0,"ppr":0}},{"type":"Feature","geometry":{"type":"Point","coordinates":[148.97778,-21.20833]},"properties":{"n":"TURTLE PARK","i":"YTPK","a":null,"k":null,"maj":0,"e":36,"pr":0,"ppr":0}},{"type":"Feature","geometry":{"type":"Point","coordinates":[153.55056,-28.595]},"properties":{"n":"TYAGARAH","i":"YTYH","a":null,"k":null,"maj":0,"e":3,"pr":0,"ppr":0}},{"type":"Feature","geometry":{"type":"Point","coordinates":[134.241,-17.672]},"properties":{"n":"UCHARONIDGE","i":"YUCH","a":null,"k":null,"maj":0,"e":234,"pr":0,"ppr":0}},{"type":"Feature","geometry":{"type":"Point","coordinates":[133.702,-25.747]},"properties":{"n":"UMBEARA","i":"YUMB","a":null,"k":null,"maj":0,"e":456,"pr":0,"ppr":0}},{"type":"Feature","geometry":{"type":"Point","coordinates":[132.04,-26.487]},"properties":{"n":"UMUWA","i":"YUMU","a":null,"k":null,"maj":0,"e":582,"pr":0,"ppr":0}},{"type":"Feature","geometry":{"type":"Point","coordinates":[144.61333,-18.19167]},"properties":{"n":"UNDARA","i":"YUDA","a":"UDA","k":null,"maj":0,"e":747,"pr":0,"ppr":0}},{"type":"Feature","geometry":{"type":"Point","coordinates":[150.404,-30.105]},"properties":{"n":"UPPER HORTON WYL","i":"YUPH","a":null,"k":null,"maj":0,"e":382,"pr":0,"ppr":0}},{"type":"Feature","geometry":{"type":"Point","coordinates":[138.633,-19.625]},"properties":{"n":"UNDILLA","i":"YUDL","a":null,"k":null,"maj":0,"e":259,"pr":0,"ppr":0}},{"type":"Feature","geometry":{"type":"Point","coordinates":[138.36556,-21.595]},"properties":{"n":"URANDANGI","i":"YUDG","a":null,"k":null,"maj":0,"e":178,"pr":0,"ppr":0}},{"type":"Feature","geometry":{"type":"Point","coordinates":[113.4,-26.167]},"properties":{"n":"USELESS LOOP","i":"YUSL","a":"USL","k":null,"maj":0,"e":2,"pr":0,"ppr":0}},{"type":"Feature","geometry":{"type":"Point","coordinates":[134.567,-14.717]},"properties":{"n":"URAPUNGA","i":"YUPG","a":null,"k":null,"maj":0,"e":14,"pr":0,"ppr":0}},{"type":"Feature","geometry":{"type":"Point","coordinates":[134.79,-22.055]},"properties":{"n":"UTOPIA","i":"YUTP","a":null,"k":null,"maj":0,"e":461,"pr":0,"ppr":0}},{"type":"Feature","geometry":{"type":"Point","coordinates":[134.58,-22.233]},"properties":{"n":"UTOPIA STATION","i":"YUTS","a":null,"k":null,"maj":0,"e":495,"pr":0,"ppr":0}},{"type":"Feature","geometry":{"type":"Point","coordinates":[147.292,-41.81]},"properties":{"n":"VALLEY FIELD","i":"YVAF","a":null,"k":null,"maj":0,"e":158,"pr":0,"ppr":0}},{"type":"Feature","geometry":{"type":"Point","coordinates":[145.1,-18.667]},"properties":{"n":"VALLEY OF LAGOONS","i":"YVLG","a":null,"k":null,"maj":0,"e":501,"pr":0,"ppr":0}},{"type":"Feature","geometry":{"type":"Point","coordinates":[131.983,-11.15]},"properties":{"n":"VASHON HEAD","i":"YVSH","a":null,"k":null,"maj":0,"e":10,"pr":0,"ppr":0}},{"type":"Feature","geometry":{"type":"Point","coordinates":[141.95222,-16.96167]},"properties":{"n":"VANROOK STATION","i":"YVRS","a":"VNR","k":null,"maj":0,"e":43,"pr":0,"ppr":0}},{"type":"Feature","geometry":{"type":"Point","coordinates":[142.27,-37.5]},"properties":{"n":"VICTORIA VALLEY","i":"YVVA","a":null,"k":null,"maj":0,"e":224,"pr":0,"ppr":0}},{"type":"Feature","geometry":{"type":"Point","coordinates":[130.867,-22.333]},"properties":{"n":"VAUGHAN SPRINGS","i":"YVNS","a":null,"k":null,"maj":0,"e":617,"pr":0,"ppr":0}},{"type":"Feature","geometry":{"type":"Point","coordinates":[131.00528,-16.40222]},"properties":{"n":"VICTORIA RIVER DOWNS","i":"YVRD","a":"VCD","k":null,"maj":0,"e":89,"pr":0,"ppr":0}},{"type":"Feature","geometry":{"type":"Point","coordinates":[143.583,-14.733]},"properties":{"n":"VIOLET VALE","i":"YVVL","a":null,"k":null,"maj":0,"e":61,"pr":0,"ppr":0}},{"type":"Feature","geometry":{"type":"Point","coordinates":[147.46889,-35.16333]},"properties":{"n":"WAGGA WAGGA","i":"YSWG","a":"WGA","k":null,"maj":0,"e":221,"pr":0,"ppr":0}},{"type":"Feature","geometry":{"type":"Point","coordinates":[145.24417,-36.67944]},"properties":{"n":"WAHRING FIELD","i":"YWHG","a":null,"k":null,"maj":0,"e":125,"pr":0,"ppr":0}},{"type":"Feature","geometry":{"type":"Point","coordinates":[117.36028,-33.31639]},"properties":{"n":"WAGIN","i":"YWGN","a":null,"k":null,"maj":0,"e":254,"pr":0,"ppr":0}},{"type":"Feature","geometry":{"type":"Point","coordinates":[151.5475,-31.01028]},"properties":{"n":"WALCHA","i":"YWCH","a":"WLC","k":null,"maj":0,"e":1149,"pr":0,"ppr":0}},{"type":"Feature","geometry":{"type":"Point","coordinates":[140.02889,-34.18667]},"properties":{"n":"WAIKERIE","i":"YWKI","a":null,"k":null,"maj":0,"e":42,"pr":0,"ppr":0}},{"type":"Feature","geometry":{"type":"Point","coordinates":[117.367,-24.75]},"properties":{"n":"WALDBURG HOMESTEAD","i":"YWAB","a":null,"k":null,"maj":0,"e":484,"pr":0,"ppr":0}},{"type":"Feature","geometry":{"type":"Point","coordinates":[135.65,-17.767]},"properties":{"n":"WALHALLOW","i":"YWHL","a":null,"k":null,"maj":0,"e":224,"pr":0,"ppr":0}},{"type":"Feature","geometry":{"type":"Point","coordinates":[148.12528,-30.03361]},"properties":{"n":"WALGETT","i":"YWLG","a":"WGE","k":null,"maj":0,"e":134,"pr":0,"ppr":0}},{"type":"Feature","geometry":{"type":"Point","coordinates":[135.755,-13.593]},"properties":{"n":"WALKER RIVER","i":"YWRV","a":null,"k":null,"maj":0,"e":30,"pr":0,"ppr":0}},{"type":"Feature","geometry":{"type":"Point","coordinates":[150.867,-31.533]},"properties":{"n":"WALLABADAH","i":"YWBH","a":null,"k":null,"maj":0,"e":543,"pr":0,"ppr":0}},{"type":"Feature","geometry":{"type":"Point","coordinates":[120.649,-19.774]},"properties":{"n":"WALLAL","i":"YWAL","a":"WLA","k":null,"maj":0,"e":11,"pr":0,"ppr":0}},{"type":"Feature","geometry":{"type":"Point","coordinates":[132.317,-24.65]},"properties":{"n":"WALLARA RANCH","i":"YWLH","a":null,"k":null,"maj":0,"e":543,"pr":0,"ppr":0}},{"type":"Feature","geometry":{"type":"Point","coordinates":[116.6966,-34.9548]},"properties":{"n":"WALPOLE","i":"YWPE","a":null,"k":null,"maj":0,"e":22,"pr":0,"ppr":0}},{"type":"Feature","geometry":{"type":"Point","coordinates":[127.55639,-25.29583]},"properties":{"n":"WANANN","i":"YWAX","a":null,"k":null,"maj":0,"e":577,"pr":0,"ppr":0}},{"type":"Feature","geometry":{"type":"Point","coordinates":[144.17111,-29.7125]},"properties":{"n":"WANAARING","i":"YWAG","a":null,"k":null,"maj":0,"e":110,"pr":0,"ppr":0}},{"type":"Feature","geometry":{"type":"Point","coordinates":[143.667,-25.05]},"properties":{"n":"WANDSWORTH","i":"YWNS","a":null,"k":null,"maj":0,"e":164,"pr":0,"ppr":0}},{"type":"Feature","geometry":{"type":"Point","coordinates":[144.9,-19.667]},"properties":{"n":"WANDOVALE","i":"YWDV","a":"MFL","k":null,"maj":0,"e":564,"pr":0,"ppr":0}},{"type":"Feature","geometry":{"type":"Point","coordinates":[145.55,-41.45]},"properties":{"n":"WARATAH","i":"YWRT","a":null,"k":null,"maj":0,"e":628,"pr":0,"ppr":0}},{"type":"Feature","geometry":{"type":"Point","coordinates":[146.30833,-36.41583]},"properties":{"n":"WANGARATTA","i":"YWGT","a":"WGT","k":null,"maj":0,"e":154,"pr":0,"ppr":0}},{"type":"Feature","geometry":{"type":"Point","coordinates":[126.58306,-26.12556]},"properties":{"n":"WARBURTON","i":"YWBR","a":null,"k":null,"maj":0,"e":460,"pr":0,"ppr":0}},{"type":"Feature","geometry":{"type":"Point","coordinates":[151.02389,-32.54806]},"properties":{"n":"WARKWORTH","i":"YWKW","a":null,"k":null,"maj":0,"e":75,"pr":0,"ppr":0}},{"type":"Feature","geometry":{"type":"Point","coordinates":[150.53694,-29.53639]},"properties":{"n":"WARIALDA","i":"YWRL","a":null,"k":null,"maj":0,"e":377,"pr":0,"ppr":0}},{"type":"Feature","geometry":{"type":"Point","coordinates":[151.42972,-33.24056]},"properties":{"n":"WARNERVALE","i":"YWVA","a":null,"k":null,"maj":0,"e":8,"pr":0,"ppr":0}},{"type":"Feature","geometry":{"type":"Point","coordinates":[142.82361,-10.20722]},"properties":{"n":"WARRABER ISLAND","i":"YWBS","a":"SYU","k":null,"maj":0,"e":3,"pr":0,"ppr":0}},{"type":"Feature","geometry":{"type":"Point","coordinates":[134.39583,-20.99944]},"properties":{"n":"WARRABRI","i":"YWBI","a":null,"k":null,"maj":0,"e":383,"pr":0,"ppr":0}},{"type":"Feature","geometry":{"type":"Point","coordinates":[142.42056,-36.32167]},"properties":{"n":"WARRACKNABEAL","i":"YWKB","a":"WKB","k":null,"maj":0,"e":121,"pr":0,"ppr":0}},{"type":"Feature","geometry":{"type":"Point","coordinates":[120.702,-20.844]},"properties":{"n":"WARRAWAGINE","i":null,"a":null,"k":null,"maj":0,"e":157,"pr":0,"ppr":0}},{"type":"Feature","geometry":{"type":"Point","coordinates":[120.7,-20.833]},"properties":{"n":"WARRAWAGINE","i":"YWWG","a":"WRW","k":null,"maj":0,"e":154,"pr":0,"ppr":0}},{"type":"Feature","geometry":{"type":"Point","coordinates":[147.80944,-31.73417]},"properties":{"n":"WARREN","i":"YWRN","a":null,"k":null,"maj":0,"e":204,"pr":0,"ppr":0}},{"type":"Feature","geometry":{"type":"Point","coordinates":[142.44667,-38.29444]},"properties":{"n":"WARRNAMBOOL","i":"YWBL","a":"WMB","k":null,"maj":0,"e":74,"pr":0,"ppr":0}},{"type":"Feature","geometry":{"type":"Point","coordinates":[113.8,-23.483]},"properties":{"n":"WARROORA HOMESTEAD","i":"YWRR","a":null,"k":null,"maj":0,"e":8,"pr":0,"ppr":0}},{"type":"Feature","geometry":{"type":"Point","coordinates":[151.94306,-28.14944]},"properties":{"n":"WARWICK","i":"YWCK","a":"WAZ","k":null,"maj":0,"e":465,"pr":0,"ppr":0}},{"type":"Feature","geometry":{"type":"Point","coordinates":[129.32222,-16.63028]},"properties":{"n":"WATERLOO","i":"YWTL","a":"WLO","k":null,"maj":0,"e":132,"pr":0,"ppr":0}},{"type":"Feature","geometry":{"type":"Point","coordinates":[141.55,-13.7]},"properties":{"n":"WATHANIN","i":"YWNI","a":null,"k":null,"maj":0,"e":5,"pr":0,"ppr":0}},{"type":"Feature","geometry":{"type":"Point","coordinates":[151.28056,-33.835]},"properties":{"n":"WATSONBAY","i":"YWTB","a":null,"k":"Heliport","maj":0,"e":24,"pr":0,"ppr":0}},{"type":"Feature","geometry":{"type":"Point","coordinates":[142.233,-13.217]},"properties":{"n":"WATSON RIVER","i":"YWTV","a":null,"k":null,"maj":0,"e":62,"pr":0,"ppr":0}},{"type":"Feature","geometry":{"type":"Point","coordinates":[143.05,-12.633]},"properties":{"n":"WATTLE HILLS","i":"YWAT","a":null,"k":null,"maj":0,"e":60,"pr":0,"ppr":0}},{"type":"Feature","geometry":{"type":"Point","coordinates":[152.46333,-27.09722]},"properties":{"n":"WATTS BRIDGE","i":"YWSG","a":null,"k":null,"maj":0,"e":91,"pr":0,"ppr":0}},{"type":"Feature","geometry":{"type":"Point","coordinates":[134.217,-20.65]},"properties":{"n":"WAUCHOPE","i":"YWAC","a":"WAU","k":null,"maj":0,"e":361,"pr":0,"ppr":0}},{"type":"Feature","geometry":{"type":"Point","coordinates":[131.11889,-17.39417]},"properties":{"n":"WAVE HILL","i":"YWAV","a":"WAV","k":null,"maj":0,"e":201,"pr":0,"ppr":0}},{"type":"Feature","geometry":{"type":"Point","coordinates":[118.908,-32.427]},"properties":{"n":"WAVE ROCK","i":"YWRC","a":null,"k":null,"maj":0,"e":301,"pr":0,"ppr":0}},{"type":"Feature","geometry":{"type":"Point","coordinates":[150.80889,-34.18139]},"properties":{"n":"WEDDERBURN","i":"YWBN","a":null,"k":null,"maj":0,"e":259,"pr":0,"ppr":0}},{"type":"Feature","geometry":{"type":"Point","coordinates":[143.48928,-36.42958]},"properties":{"n":"WEDDERBURN","i":"YWED","a":null,"k":null,"maj":0,"e":201,"pr":0,"ppr":0}},{"type":"Feature","geometry":{"type":"Point","coordinates":[148.667,-35.262]},"properties":{"n":"WEE JASPER XX","i":"YWJS","a":null,"k":null,"maj":0,"e":1107,"pr":0,"ppr":0}},{"type":"Feature","geometry":{"type":"Point","coordinates":[149.408,-30.258]},"properties":{"n":"WEE WAA","i":"YWWA","a":"WEW","k":null,"maj":0,"e":58,"pr":0,"ppr":0}},{"type":"Feature","geometry":{"type":"Point","coordinates":[146.933,-29.233]},"properties":{"n":"WEILMORINGLE","i":"YWMG","a":null,"k":null,"maj":0,"e":129,"pr":0,"ppr":0}},{"type":"Feature","geometry":{"type":"Point","coordinates":[141.9225,-12.6775]},"properties":{"n":"WEIPA","i":"YBWP","a":"WEI","k":null,"maj":0,"e":19,"pr":0,"ppr":0}},{"type":"Feature","geometry":{"type":"Point","coordinates":[134.093,-27.358]},"properties":{"n":"WELBOURN HILL","i":"YWLB","a":null,"k":null,"maj":0,"e":309,"pr":0,"ppr":0}},{"type":"Feature","geometry":{"type":"Point","coordinates":[124.767,-22.367]},"properties":{"n":"WELL 33","i":"YWEX","a":null,"k":null,"maj":0,"e":324,"pr":0,"ppr":0}},{"type":"Feature","geometry":{"type":"Point","coordinates":[145.1,-25.85]},"properties":{"n":"WELLCLOSE","i":"YWEC","a":null,"k":null,"maj":0,"e":333,"pr":0,"ppr":0}},{"type":"Feature","geometry":{"type":"Point","coordinates":[147.7,-22.1]},"properties":{"n":"WENTWORTH","i":"YWWH","a":null,"k":null,"maj":0,"e":263,"pr":0,"ppr":0}},{"type":"Feature","geometry":{"type":"Point","coordinates":[148.98917,-32.46111]},"properties":{"n":"WELLINGTON","i":"YWEL","a":null,"k":null,"maj":0,"e":396,"pr":0,"ppr":0}},{"type":"Feature","geometry":{"type":"Point","coordinates":[141.89111,-34.08694]},"properties":{"n":"WENTWORTH","i":"YWTO","a":null,"k":null,"maj":0,"e":37,"pr":0,"ppr":0}},{"type":"Feature","geometry":{"type":"Point","coordinates":[139.967,-18.133]},"properties":{"n":"WERNADINGA","i":"YWER","a":null,"k":null,"maj":0,"e":15,"pr":0,"ppr":0}},{"type":"Feature","geometry":{"type":"Point","coordinates":[139.35,-30.65]},"properties":{"n":"WERTALOONA","i":"YWEO","a":null,"k":null,"maj":0,"e":105,"pr":0,"ppr":0}},{"type":"Feature","geometry":{"type":"Point","coordinates":[118.70722,-23.13611]},"properties":{"n":"WEST ANGELAS","i":"YANG","a":"WLP","k":null,"maj":0,"e":715,"pr":0,"ppr":0}},{"type":"Feature","geometry":{"type":"Point","coordinates":[146.83833,-41.46778]},"properties":{"n":"WESTBURY/CROFTON FARM","i":"YCRF","a":null,"k":null,"maj":0,"e":176,"pr":0,"ppr":0}},{"type":"Feature","geometry":{"type":"Point","coordinates":[125.417,-19.283]},"properties":{"n":"WESTERN FIELD","i":"YWFD","a":null,"k":null,"maj":0,"e":228,"pr":0,"ppr":0}},{"type":"Feature","geometry":{"type":"Point","coordinates":[148.10556,-38.59333]},"properties":{"n":"WEST KINGFISH","i":"YUFW","a":null,"k":"Heliport","maj":0,"e":1,"pr":0,"ppr":0}},{"type":"Feature","geometry":{"type":"Point","coordinates":[150.98833,-33.80472]},"properties":{"n":"WESTMEAD HOSPITAL","i":"YWST","a":null,"k":"Heliport","maj":0,"e":30,"pr":0,"ppr":0}},{"type":"Feature","geometry":{"type":"Point","coordinates":[150.99361,-33.80222]},"properties":{"n":"WESTMEAD NETS BASE","i":"YWNT","a":null,"k":"Heliport","maj":0,"e":21,"pr":0,"ppr":0}},{"type":"Feature","geometry":{"type":"Point","coordinates":[138.233,-17.333]},"properties":{"n":"WESTMORELAND","i":"YWML","a":null,"k":null,"maj":0,"e":66,"pr":0,"ppr":0}},{"type":"Feature","geometry":{"type":"Point","coordinates":[118.667,-31.333]},"properties":{"n":"WESTONIA","i":"YWSX","a":null,"k":null,"maj":0,"e":344,"pr":0,"ppr":0}},{"type":"Feature","geometry":{"type":"Point","coordinates":[148.38861,-38.1925]},"properties":{"n":"WEST TUNA","i":"YUNW","a":null,"k":"Heliport","maj":0,"e":1,"pr":0,"ppr":0}},{"type":"Feature","geometry":{"type":"Point","coordinates":[146.96694,-38.09111]},"properties":{"n":"WEST SALE","i":"YWSL","a":"SXE","k":null,"maj":0,"e":28,"pr":0,"ppr":0}},{"type":"Feature","geometry":{"type":"Point","coordinates":[141.4,-30.725]},"properties":{"n":"WESTWARD DOWNS","i":"YWSD","a":null,"k":null,"maj":0,"e":108,"pr":0,"ppr":0}},{"type":"Feature","geometry":{"type":"Point","coordinates":[115.7895,-32.78827]},"properties":{"n":"WHEELER FIELD","i":null,"a":null,"k":null,"maj":0,"e":11,"pr":0,"ppr":0}},{"type":"Feature","geometry":{"type":"Point","coordinates":[147.18972,-33.93917]},"properties":{"n":"WEST WYALONG","i":"YWWL","a":"WWY","k":null,"maj":0,"e":262,"pr":0,"ppr":0}},{"type":"Feature","geometry":{"type":"Point","coordinates":[143.07194,-30.85194]},"properties":{"n":"WHITE CLIFFS","i":"YWHC","a":null,"k":null,"maj":0,"e":162,"pr":0,"ppr":0}},{"type":"Feature","geometry":{"type":"Point","coordinates":[147.87389,-38.24]},"properties":{"n":"WHITING","i":"YUWH","a":null,"k":"Heliport","maj":0,"e":1,"pr":0,"ppr":0}},{"type":"Feature","geometry":{"type":"Point","coordinates":[116.935,-31.86389]},"properties":{"n":"WHITE GUM","i":"YWGM","a":null,"k":null,"maj":0,"e":294,"pr":0,"ppr":0}},{"type":"Feature","geometry":{"type":"Point","coordinates":[137.51944,-33.05861]},"properties":{"n":"WHYALLA","i":"YWHA","a":"WYA","k":null,"maj":0,"e":12,"pr":0,"ppr":0}},{"type":"Feature","geometry":{"type":"Point","coordinates":[117.1,-20.7]},"properties":{"n":"WICKHAM","i":"YWKH","a":null,"k":null,"maj":0,"e":33,"pr":0,"ppr":0}},{"type":"Feature","geometry":{"type":"Point","coordinates":[142.667,-31.283]},"properties":{"n":"WILANDRA","i":"YWIL","a":null,"k":null,"maj":0,"e":204,"pr":0,"ppr":0}},{"type":"Feature","geometry":{"type":"Point","coordinates":[143.37833,-31.52222]},"properties":{"n":"WILCANNIA","i":"YWCA","a":"WIO","k":null,"maj":0,"e":95,"pr":0,"ppr":0}},{"type":"Feature","geometry":{"type":"Point","coordinates":[115.15,-23.867]},"properties":{"n":"WILLIAMBURY","i":"YWMY","a":null,"k":null,"maj":0,"e":200,"pr":0,"ppr":0}},{"type":"Feature","geometry":{"type":"Point","coordinates":[134.73,-30.767]},"properties":{"n":"WILGENA","i":"YWNA","a":null,"k":null,"maj":0,"e":149,"pr":0,"ppr":0}},{"type":"Feature","geometry":{"type":"Point","coordinates":[116.99,-33.99]},"properties":{"n":"WILLFLYHIRE","i":null,"a":null,"k":null,"maj":0,"e":309,"pr":0,"ppr":0}},{"type":"Feature","geometry":{"type":"Point","coordinates":[149.177,-35.565]},"properties":{"n":"WILLIAMSDALE","i":"YWLE","a":null,"k":null,"maj":0,"e":1115,"pr":0,"ppr":0}},{"type":"Feature","geometry":{"type":"Point","coordinates":[136.34333,-28.90583]},"properties":{"n":"WILLIAM CREEK","i":"YWMC","a":null,"k":null,"maj":0,"e":73,"pr":0,"ppr":0}},{"type":"Feature","geometry":{"type":"Point","coordinates":[150.17889,-22.47389]},"properties":{"n":"WILLIAMSON","i":"YWIS","a":null,"k":null,"maj":0,"e":32,"pr":0,"ppr":0}},{"type":"Feature","geometry":{"type":"Point","coordinates":[151.83472,-32.79583]},"properties":{"n":"WILLIAMTOWN","i":"YWLM","a":"NTL","k":"Military","maj":0,"e":9,"pr":0,"ppr":0}},{"type":"Feature","geometry":{"type":"Point","coordinates":[132.623,-21.277]},"properties":{"n":"WILLOWRA","i":"YWLA","a":null,"k":null,"maj":0,"e":463,"pr":0,"ppr":0}},{"type":"Feature","geometry":{"type":"Point","coordinates":[129.126,-20.101]},"properties":{"n":"WILSON S CAMP","i":"YWCM","a":null,"k":null,"maj":0,"e":465,"pr":0,"ppr":0}},{"type":"Feature","geometry":{"type":"Point","coordinates":[146.425,-39.131]},"properties":{"n":"WILSONS PROMONTORY","i":"YWLP","a":null,"k":"Heliport","maj":0,"e":0,"pr":0,"ppr":0}},{"type":"Feature","geometry":{"type":"Point","coordinates":[150.667,-34.233]},"properties":{"n":"WILTON","i":"YWIO","a":null,"k":null,"maj":0,"e":205,"pr":0,"ppr":0}},{"type":"Feature","geometry":{"type":"Point","coordinates":[119.38667,-30.03222]},"properties":{"n":"WINDARLING","i":"YWDG","a":"WRN","k":null,"maj":0,"e":458,"pr":0,"ppr":0}},{"type":"Feature","geometry":{"type":"Point","coordinates":[120.22194,-26.63278]},"properties":{"n":"WILUNA","i":"YWLU","a":"WUN","k":null,"maj":0,"e":503,"pr":0,"ppr":0}},{"type":"Feature","geometry":{"type":"Point","coordinates":[122.242,-28.475]},"properties":{"n":"WINDARRA","i":"YWDA","a":"WND","k":null,"maj":0,"e":439,"pr":0,"ppr":0}},{"type":"Feature","geometry":{"type":"Point","coordinates":[124.934,-17.408]},"properties":{"n":"WINDJANA GROVE","i":"YWDJ","a":null,"k":null,"maj":0,"e":95,"pr":0,"ppr":0}},{"type":"Feature","geometry":{"type":"Point","coordinates":[142.66861,-25.41056]},"properties":{"n":"WINDORAH","i":"YWDH","a":"WNR","k":null,"maj":0,"e":138,"pr":0,"ppr":0}},{"type":"Feature","geometry":{"type":"Point","coordinates":[128.95,-26.067]},"properties":{"n":"WINGELLINA","i":"YWNL","a":null,"k":null,"maj":0,"e":675,"pr":0,"ppr":0}},{"type":"Feature","geometry":{"type":"Point","coordinates":[114.533,-23.1]},"properties":{"n":"WINNING POOL NORTH","i":"YWPL","a":null,"k":null,"maj":0,"e":85,"pr":0,"ppr":0}},{"type":"Feature","geometry":{"type":"Point","coordinates":[143.08611,-22.3625]},"properties":{"n":"WINTON","i":"YWTN","a":"WIN","k":null,"maj":0,"e":194,"pr":0,"ppr":0}},{"type":"Feature","geometry":{"type":"Point","coordinates":[146.05,-22.27]},"properties":{"n":"WIRRALIE","i":"YWRE","a":null,"k":null,"maj":0,"e":296,"pr":0,"ppr":0}},{"type":"Feature","geometry":{"type":"Point","coordinates":[147.267,-21.117]},"properties":{"n":"WIRRALIE GOLD MINE","i":"YWIE","a":null,"k":null,"maj":0,"e":280,"pr":0,"ppr":0}},{"type":"Feature","geometry":{"type":"Point","coordinates":[138.967,-31.133]},"properties":{"n":"WIRREALPA","i":"YWPA","a":null,"k":null,"maj":0,"e":253,"pr":0,"ppr":0}},{"type":"Feature","geometry":{"type":"Point","coordinates":[134.517,-29.567]},"properties":{"n":"WIRRIDA SIDING","i":"YWSI","a":null,"k":null,"maj":0,"e":148,"pr":0,"ppr":0}},{"type":"Feature","geometry":{"type":"Point","coordinates":[118.348,-22.218]},"properties":{"n":"WITTENOOM","i":"YWIT","a":"WIT","k":null,"maj":0,"e":135,"pr":0,"ppr":0}},{"type":"Feature","geometry":{"type":"Point","coordinates":[150.18778,-33.25361]},"properties":{"n":"WOLGAN VALLEY","i":"YWVR","a":null,"k":"Heliport","maj":0,"e":561,"pr":0,"ppr":0}},{"type":"Feature","geometry":{"type":"Point","coordinates":[137.923,-17.22]},"properties":{"n":"WOLLOGORANG","i":"YWOR","a":"WLL","k":null,"maj":0,"e":58,"pr":0,"ppr":0}},{"type":"Feature","geometry":{"type":"Point","coordinates":[152.083,-30.533]},"properties":{"n":"WOLLOMOMBI","i":"YWMM","a":null,"k":null,"maj":0,"e":1013,"pr":0,"ppr":0}},{"type":"Feature","geometry":{"type":"Point","coordinates":[150.89583,-34.43944]},"properties":{"n":"WOLLONGONG","i":"YWHP","a":null,"k":"Heliport","maj":0,"e":3,"pr":0,"ppr":0}},{"type":"Feature","geometry":{"type":"Point","coordinates":[151.86139,-26.27861]},"properties":{"n":"WONDAI","i":"YWND","a":"WDI","k":null,"maj":0,"e":320,"pr":0,"ppr":0}},{"type":"Feature","geometry":{"type":"Point","coordinates":[116.733,-30.867]},"properties":{"n":"WONGAN HILLS","i":"YWOH","a":null,"k":null,"maj":0,"e":319,"pr":0,"ppr":0}},{"type":"Feature","geometry":{"type":"Point","coordinates":[140.895,-18.57361]},"properties":{"n":"WONDOOLA","i":"YWDL","a":"WON","k":null,"maj":0,"e":28,"pr":0,"ppr":0}},{"type":"Feature","geometry":{"type":"Point","coordinates":[121.333,-27.125]},"properties":{"n":"WONGANOO","i":"YWNO","a":null,"k":null,"maj":0,"e":548,"pr":0,"ppr":0}},{"type":"Feature","geometry":{"type":"Point","coordinates":[121.967,-26.133]},"properties":{"n":"WONGAWOL","i":"YWGW","a":null,"k":null,"maj":0,"e":465,"pr":0,"ppr":0}},{"type":"Feature","geometry":{"type":"Point","coordinates":[142.342,-30.651]},"properties":{"n":"WONNAMINTA STAT","i":"YWMA","a":null,"k":null,"maj":0,"e":186,"pr":0,"ppr":0}},{"type":"Feature","geometry":{"type":"Point","coordinates":[145.623,-38.472]},"properties":{"n":"WONTHAGGI","i":"YWON","a":null,"k":null,"maj":0,"e":249,"pr":0,"ppr":0}},{"type":"Feature","geometry":{"type":"Point","coordinates":[121.19111,-21.64556]},"properties":{"n":"WOODIE WOODIE","i":"YWWI","a":"WWI","k":null,"maj":0,"e":271,"pr":0,"ppr":0}},{"type":"Feature","geometry":{"type":"Point","coordinates":[145.667,-35.133]},"properties":{"n":"WOODSIDE AU","i":"YWDS","a":null,"k":null,"maj":0,"e":108,"pr":0,"ppr":0}},{"type":"Feature","geometry":{"type":"Point","coordinates":[116.15,-27.082]},"properties":{"n":"WOOLEEN HOMESTEAD","i":"YWEE","a":null,"k":null,"maj":0,"e":299,"pr":0,"ppr":0}},{"type":"Feature","geometry":{"type":"Point","coordinates":[151.755,-30.416]},"properties":{"n":"WOODVILLE","i":"YWVL","a":null,"k":null,"maj":0,"e":1130,"pr":0,"ppr":0}},{"type":"Feature","geometry":{"type":"Point","coordinates":[151.133,-31.317]},"properties":{"n":"WOOLOMIN","i":"YWOM","a":null,"k":null,"maj":0,"e":500,"pr":0,"ppr":0}},{"type":"Feature","geometry":{"type":"Point","coordinates":[139.436,-30.422]},"properties":{"n":"WOOLTANA","i":"YWLN","a":null,"k":null,"maj":0,"e":88,"pr":0,"ppr":0}},{"type":"Feature","geometry":{"type":"Point","coordinates":[136.8125,-31.14611]},"properties":{"n":"WOOMERA","i":"YPWR","a":"UMR","k":"Military","maj":0,"e":167,"pr":0,"ppr":0}},{"type":"Feature","geometry":{"type":"Point","coordinates":[124.033,-32.4]},"properties":{"n":"WOORLBA","i":"YWOX","a":null,"k":null,"maj":0,"e":151,"pr":0,"ppr":0}},{"type":"Feature","geometry":{"type":"Point","coordinates":[138.168,-20.482]},"properties":{"n":"WOOROONA","i":"YWRA","a":null,"k":null,"maj":0,"e":233,"pr":0,"ppr":0}},{"type":"Feature","geometry":{"type":"Point","coordinates":[143.99944,-16.65917]},"properties":{"n":"WROTHAM PARK","i":"YWMP","a":"WPK","k":null,"maj":0,"e":169,"pr":0,"ppr":0}},{"type":"Feature","geometry":{"type":"Point","coordinates":[117.417,-31.2]},"properties":{"n":"WYALKATCHEM","i":"YWKM","a":null,"k":null,"maj":0,"e":326,"pr":0,"ppr":0}},{"type":"Feature","geometry":{"type":"Point","coordinates":[135.44528,-33.04]},"properties":{"n":"WUDINNA","i":"YWUD","a":"WUD","k":null,"maj":0,"e":94,"pr":0,"ppr":0}},{"type":"Feature","geometry":{"type":"Point","coordinates":[145.98917,-27.26611]},"properties":{"n":"WYANDRA","i":"YWYA","a":null,"k":null,"maj":0,"e":244,"pr":0,"ppr":0}},{"type":"Feature","geometry":{"type":"Point","coordinates":[144.833,-18.75]},"properties":{"n":"WYANDOTTE","i":"YWDT","a":null,"k":null,"maj":0,"e":482,"pr":0,"ppr":0}},{"type":"Feature","geometry":{"type":"Point","coordinates":[143.24278,-36.05889]},"properties":{"n":"WYCHEPROOF","i":"YWYF","a":null,"k":null,"maj":0,"e":107,"pr":0,"ppr":0}},{"type":"Feature","geometry":{"type":"Point","coordinates":[115.9097,-32.787]},"properties":{"n":"WYLLIE RETREAT","i":null,"a":null,"k":null,"maj":0,"e":27,"pr":1,"ppr":0}},{"type":"Feature","geometry":{"type":"Point","coordinates":[133.533,-30.562]},"properties":{"n":"WYNBRING","i":"YWYB","a":null,"k":null,"maj":0,"e":153,"pr":0,"ppr":0}},{"type":"Feature","geometry":{"type":"Point","coordinates":[145.73361,-40.99806]},"properties":{"n":"WYNYARD","i":"YWYY","a":"BWT","k":null,"maj":0,"e":19,"pr":0,"ppr":0}},{"type":"Feature","geometry":{"type":"Point","coordinates":[128.155,-15.50861]},"properties":{"n":"WYNDHAM","i":"YWYM","a":"WYN","k":null,"maj":0,"e":4,"pr":0,"ppr":0}},{"type":"Feature","geometry":{"type":"Point","coordinates":[151.85444,-27.6675]},"properties":{"n":"WYREEMA","i":"YWYR","a":null,"k":null,"maj":0,"e":527,"pr":0,"ppr":0}},{"type":"Feature","geometry":{"type":"Point","coordinates":[147.1,-21.383]},"properties":{"n":"YACAMUNDA","i":"YYAC","a":null,"k":null,"maj":0,"e":202,"pr":0,"ppr":0}},{"type":"Feature","geometry":{"type":"Point","coordinates":[127.94861,-20.89056]},"properties":{"n":"YAGGA YAGGA","i":"YYGG","a":null,"k":null,"maj":0,"e":398,"pr":0,"ppr":0}},{"type":"Feature","geometry":{"type":"Point","coordinates":[131.825,-31.471]},"properties":{"n":"YALATA MISSION","i":"YYTA","a":"KYI","k":null,"maj":0,"e":66,"pr":0,"ppr":0}},{"type":"Feature","geometry":{"type":"Point","coordinates":[142.977,-30.261]},"properties":{"n":"YALDA DOWNS HOMESTEAD","i":"YYLD","a":null,"k":null,"maj":0,"e":126,"pr":0,"ppr":0}},{"type":"Feature","geometry":{"type":"Point","coordinates":[128.09694,-20.96556]},"properties":{"n":"YAGGA YAGGA","i":null,"a":null,"k":null,"maj":0,"e":401,"pr":0,"ppr":0}},{"type":"Feature","geometry":{"type":"Point","coordinates":[116.684,-28.355]},"properties":{"n":"YALGOO","i":"YYAL","a":"YLG","k":null,"maj":0,"e":318,"pr":0,"ppr":0}},{"type":"Feature","geometry":{"type":"Point","coordinates":[145.333,-16.733]},"properties":{"n":"YALKULKA","i":"YYAK","a":null,"k":null,"maj":0,"e":401,"pr":0,"ppr":0}},{"type":"Feature","geometry":{"type":"Point","coordinates":[115.518,-27.426]},"properties":{"n":"YALLALONG HOMESTEAD","i":"YYLG","a":null,"k":null,"maj":0,"e":241,"pr":0,"ppr":0}},{"type":"Feature","geometry":{"type":"Point","coordinates":[123.67667,-28.15556]},"properties":{"n":"YAMARNA","i":"YYRN","a":null,"k":null,"maj":0,"e":438,"pr":0,"ppr":0}},{"type":"Feature","geometry":{"type":"Point","coordinates":[136.86,-31.803]},"properties":{"n":"YALYMBOO","i":"YYOO","a":null,"k":null,"maj":0,"e":97,"pr":0,"ppr":0}},{"type":"Feature","geometry":{"type":"Point","coordinates":[142.77444,-9.89917]},"properties":{"n":"YAM ISLAND","i":"YYMI","a":"XMY","k":null,"maj":0,"e":5,"pr":0,"ppr":0}},{"type":"Feature","geometry":{"type":"Point","coordinates":[141.425,-29.683]},"properties":{"n":"YANDAMA","i":"YYAA","a":null,"k":null,"maj":0,"e":167,"pr":0,"ppr":0}},{"type":"Feature","geometry":{"type":"Point","coordinates":[118.867,-21.333]},"properties":{"n":"YANDEE","i":"YYDE","a":null,"k":null,"maj":0,"e":217,"pr":0,"ppr":0}},{"type":"Feature","geometry":{"type":"Point","coordinates":[147,-21.258]},"properties":{"n":"YANDAN MINE","i":"YADM","a":null,"k":null,"maj":0,"e":181,"pr":0,"ppr":0}},{"type":"Feature","geometry":{"type":"Point","coordinates":[119.227,-22.76]},"properties":{"n":"YANDICOOGINA","i":"YYCN","a":null,"k":null,"maj":0,"e":515,"pr":0,"ppr":0}},{"type":"Feature","geometry":{"type":"Point","coordinates":[114.8,-22.517]},"properties":{"n":"YANREY","i":"YYNR","a":null,"k":null,"maj":0,"e":24,"pr":0,"ppr":0}},{"type":"Feature","geometry":{"type":"Point","coordinates":[135.485,-32.41]},"properties":{"n":"YARDEA","i":"YRDA","a":null,"k":null,"maj":0,"e":205,"pr":0,"ppr":0}},{"type":"Feature","geometry":{"type":"Point","coordinates":[117.975,-25.458]},"properties":{"n":"YARLARWEELOR","i":"YYRW","a":null,"k":null,"maj":0,"e":524,"pr":0,"ppr":0}},{"type":"Feature","geometry":{"type":"Point","coordinates":[114.007,-21.884]},"properties":{"n":"YARDIE HOMESTEAD","i":null,"a":null,"k":null,"maj":0,"e":2,"pr":0,"ppr":0}},{"type":"Feature","geometry":{"type":"Point","coordinates":[130.881,-16.445]},"properties":{"n":"YARRALIN","i":"YAAL","a":null,"k":null,"maj":0,"e":98,"pr":0,"ppr":0}},{"type":"Feature","geometry":{"type":"Point","coordinates":[149.017,-23.267]},"properties":{"n":"YARRABEE MINE","i":"YYBE","a":null,"k":null,"maj":0,"e":132,"pr":0,"ppr":0}},{"type":"Feature","geometry":{"type":"Point","coordinates":[146.75389,-38.56944]},"properties":{"n":"YARRAM","i":"YYRM","a":null,"k":null,"maj":0,"e":18,"pr":0,"ppr":0}},{"type":"Feature","geometry":{"type":"Point","coordinates":[146.02778,-36.03167]},"properties":{"n":"YARRAWONGA","i":"YYWG","a":null,"k":null,"maj":0,"e":129,"pr":0,"ppr":0}},{"type":"Feature","geometry":{"type":"Point","coordinates":[146.43,-37.216]},"properties":{"n":"YEA","i":"YEAT","a":null,"k":null,"maj":0,"e":720,"pr":0,"ppr":0}},{"type":"Feature","geometry":{"type":"Point","coordinates":[145.322,-37.173]},"properties":{"n":"YEABURN","i":"YYEA","a":null,"k":null,"maj":0,"e":155,"pr":0,"ppr":0}},{"type":"Feature","geometry":{"type":"Point","coordinates":[120.09611,-27.27694]},"properties":{"n":"YEELIRRIE","i":"YYLR","a":"KYF","k":null,"maj":0,"e":492,"pr":0,"ppr":0}},{"type":"Feature","geometry":{"type":"Point","coordinates":[121.83,-29.468]},"properties":{"n":"YERILLA","i":"YYER","a":null,"k":null,"maj":0,"e":378,"pr":0,"ppr":0}},{"type":"Feature","geometry":{"type":"Point","coordinates":[143.40556,-9.75278]},"properties":{"n":"YORKE ISLAND","i":"YYKI","a":"OKR","k":null,"maj":0,"e":3,"pr":0,"ppr":0}},{"type":"Feature","geometry":{"type":"Point","coordinates":[137.617,-35]},"properties":{"n":"YORKETOWN","i":"YYOR","a":"ORR","k":null,"maj":0,"e":0,"pr":0,"ppr":0}},{"type":"Feature","geometry":{"type":"Point","coordinates":[118.842,-28.615]},"properties":{"n":"YOUANMI","i":"YOUN","a":null,"k":null,"maj":0,"e":462,"pr":0,"ppr":0}},{"type":"Feature","geometry":{"type":"Point","coordinates":[148.24722,-34.25556]},"properties":{"n":"YOUNG","i":"YYNG","a":"NGA","k":null,"maj":0,"e":386,"pr":0,"ppr":0}},{"type":"Feature","geometry":{"type":"Point","coordinates":[144.63222,-27.94833]},"properties":{"n":"YOWAH","i":"YYWA","a":null,"k":null,"maj":0,"e":202,"pr":0,"ppr":0}},{"type":"Feature","geometry":{"type":"Point","coordinates":[131.78222,-22.25361]},"properties":{"n":"YUENDUMU","i":"YYND","a":"YUE","k":null,"maj":0,"e":672,"pr":0,"ppr":0}},{"type":"Feature","geometry":{"type":"Point","coordinates":[119.019,-28.563]},"properties":{"n":"YUINMERY","i":"YYUM","a":null,"k":null,"maj":0,"e":431,"pr":0,"ppr":0}},{"type":"Feature","geometry":{"type":"Point","coordinates":[116.033,-27.983]},"properties":{"n":"YUIN STATION","i":null,"a":null,"k":null,"maj":0,"e":296,"pr":0,"ppr":0}},{"type":"Feature","geometry":{"type":"Point","coordinates":[122.033,-29.117]},"properties":{"n":"YUNDAMINDERA","i":"YYDM","a":null,"k":null,"maj":0,"e":449,"pr":0,"ppr":0}},{"type":"Feature","geometry":{"type":"Point","coordinates":[139.55,-32.583]},"properties":{"n":"YUNTA","i":"YYUN","a":null,"k":null,"maj":0,"e":307,"pr":0,"ppr":0}},{"type":"Feature","geometry":{"type":"Point","coordinates":[123.567,-31.033]},"properties":{"n":"ZANTHUS","i":"YZAN","a":null,"k":null,"maj":0,"e":272,"pr":0,"ppr":0}},{"type":"Feature","geometry":{"type":"Point","coordinates":[145.35,-41.883]},"properties":{"n":"ZEEHAN","i":"YZHN","a":null,"k":null,"maj":0,"e":166,"pr":0,"ppr":0}},{"type":"Feature","geometry":{"type":"Point","coordinates":[138.49359,-35.17125]},"properties":{"n":"HUNT FIELD","i":"YHTF","a":null,"k":null,"maj":0,"e":10,"pr":0,"ppr":0}},{"type":"Feature","geometry":{"type":"Point","coordinates":[152.57036,-25.52864]},"properties":{"n":"AQUILA AIRPARK","i":"YAQA","a":null,"k":null,"maj":0,"e":52,"pr":1,"ppr":1}},{"type":"Feature","geometry":{"type":"Point","coordinates":[115.8744,-32.56042]},"properties":{"n":"REVELRY DOWNS","i":null,"a":null,"k":null,"maj":0,"e":50,"pr":1,"ppr":1}},{"type":"Feature","geometry":{"type":"Point","coordinates":[114.3043,-28.21321]},"properties":{"n":"LYNTON STATION","i":null,"a":null,"k":null,"maj":0,"e":9,"pr":0,"ppr":0}},{"type":"Feature","geometry":{"type":"Point","coordinates":[146.55944,-36.52389]},"properties":{"n":"WHOROULY","i":null,"a":null,"k":null,"maj":0,"e":213,"pr":1,"ppr":0}},{"type":"Feature","geometry":{"type":"Point","coordinates":[115.64716,-32.82467]},"properties":{"n":"LAKE POLLARD","i":null,"a":null,"k":null,"maj":0,"e":5,"pr":1,"ppr":0}},{"type":"Feature","geometry":{"type":"Point","coordinates":[116.61438,-30.08136]},"properties":{"n":"SYMES FARM","i":null,"a":null,"k":null,"maj":0,"e":324,"pr":0,"ppr":0}},{"type":"Feature","geometry":{"type":"Point","coordinates":[116.81275,-32.14421]},"properties":{"n":"LITTLE HILL","i":null,"a":null,"k":null,"maj":0,"e":1300,"pr":0,"ppr":0}},{"type":"Feature","geometry":{"type":"Point","coordinates":[150.71368,-33.88295]},"properties":{"n":"SYDNEY KINGSFORD SMITH","i":"YSWS","a":"WSI","k":null,"maj":1,"e":73,"pr":0,"ppr":0}},{"type":"Feature","geometry":{"type":"Point","coordinates":[115.039,-33.89396]},"properties":{"n":"EDWARDS VINYARD","i":null,"a":null,"k":null,"maj":0,"e":84,"pr":0,"ppr":0}},{"type":"Feature","geometry":{"type":"Point","coordinates":[115.10031,-33.80972]},"properties":{"n":"HARMANS LODGE","i":null,"a":null,"k":null,"maj":0,"e":118,"pr":0,"ppr":0}},{"type":"Feature","geometry":{"type":"Point","coordinates":[116.86147,-31.87436]},"properties":{"n":"WOBURN FIELD","i":null,"a":null,"k":null,"maj":0,"e":239,"pr":0,"ppr":0}}]}