{"type":"FeatureCollection","features":[{"type":"Feature","geometry":{"type":"Point","coordinates":[150.61842,-33.76307]},"properties":{"name":"Bush Fire Neighbourhood Safer Place","location":"Moore Street, Glenbrook","suburb":"Glenbrook","type":"Open Space","point_type":155}},{"type":"Feature","geometry":{"type":"Point","coordinates":[150.53907,-29.58301]},"properties":{"name":"Bush Fire Neighbourhood Safer Place","location":"Avoca Street, Warialda Rail","suburb":"Warialda Rail","type":"Open Space","point_type":155}},{"type":"Feature","geometry":{"type":"Point","coordinates":[150.48827,-34.42806]},"properties":{"name":"Bush Fire Neighbourhood Safer Place","location":"Tyree Place, Braemar","suburb":"Braemar","type":"Open Space","point_type":155}},{"type":"Feature","geometry":{"type":"Point","coordinates":[148.5188,-34.30477]},"properties":{"name":"Bush Fire Neighbourhood Safer Place","location":"Cnr Murringo Gap Road and Murringo Road, Murringo","suburb":"Murringo","type":"Building","point_type":155}},{"type":"Feature","geometry":{"type":"Point","coordinates":[146.91735,-36.08034]},"properties":{"name":"Bush Fire Neighbourhood Safer Place","location":"Dean Street, Albury","suburb":"Albury","type":"Open Space","point_type":155}},{"type":"Feature","geometry":{"type":"Point","coordinates":[146.93649,-36.07467]},"properties":{"name":"Bush Fire Neighbourhood Safer Place","location":"Cnr Keene Street and North Street, Albury","suburb":"Albury","type":"Open Space","point_type":155}},{"type":"Feature","geometry":{"type":"Point","coordinates":[146.92627,-36.05585]},"properties":{"name":"Bush Fire Neighbourhood Safer Place","location":"Alemein Avenue, North Albury","suburb":"North Albury","type":"Open Space","point_type":155}},{"type":"Feature","geometry":{"type":"Point","coordinates":[146.92879,-36.04175]},"properties":{"name":"Bush Fire Neighbourhood Safer Place","location":"Urana Road, Lavington","suburb":"Lavington","type":"Open Space","point_type":155}},{"type":"Feature","geometry":{"type":"Point","coordinates":[146.94988,-36.03277]},"properties":{"name":"Bush Fire Neighbourhood Safer Place","location":"Cardo Drive, Springdale Heights","suburb":"Springdale Heights","type":"Open Space","point_type":155}},{"type":"Feature","geometry":{"type":"Point","coordinates":[147.00615,-35.96865]},"properties":{"name":"Bush Fire Neighbourhood Safer Place","location":"Burma Road, Table Top","suburb":"Table Top","type":"Building","point_type":155}},{"type":"Feature","geometry":{"type":"Point","coordinates":[146.98654,-36.04632]},"properties":{"name":"Bush Fire Neighbourhood Safer Place","location":"Cnr Bogong Street & Thurgoona Drive, Albury","suburb":"Albury","type":"Open Space","point_type":155}},{"type":"Feature","geometry":{"type":"Point","coordinates":[146.9125,-36.03446]},"properties":{"name":"Bush Fire Neighbourhood Safer Place","location":"Cnr Hanna Road and Centaur Road, Lavington","suburb":"Lavington","type":"Open Space","point_type":155}},{"type":"Feature","geometry":{"type":"Point","coordinates":[151.90649,-30.56666]},"properties":{"name":"Bush Fire Neighbourhood Safer Place","location":"50 Brackin Street, Hillgrove","suburb":"Hillgrove","type":"Open Space","point_type":155}},{"type":"Feature","geometry":{"type":"Point","coordinates":[153.53412,-28.86514]},"properties":{"name":"Bush Fire Neighbourhood Safer Place","location":"Kalinga Street, West Ballina","suburb":"West Ballina","type":"Open Space","point_type":155}},{"type":"Feature","geometry":{"type":"Point","coordinates":[153.59297,-28.79561]},"properties":{"name":"Bush Fire Neighbourhood Safer Place","location":"Park Lane, Lennox Head","suburb":"Lennox Head","type":"Open Space","point_type":155}},{"type":"Feature","geometry":{"type":"Point","coordinates":[153.46683,-28.95202]},"properties":{"name":"Bush Fire Neighbourhood Safer Place","location":"Richmond Street, Wardell","suburb":"Wardell","type":"Building","point_type":155}},{"type":"Feature","geometry":{"type":"Point","coordinates":[153.55757,-28.83765]},"properties":{"name":"Bush Fire Neighbourhood Safer Place","location":"Southern Cross Drive, Ballina","suburb":"Ballina","type":"Open Space","point_type":155}},{"type":"Feature","geometry":{"type":"Point","coordinates":[153.57988,-28.85337]},"properties":{"name":"Bush Fire Neighbourhood Safer Place","location":"Jameson Avenue, East Ballina","suburb":"East Ballina","type":"Building","point_type":155}},{"type":"Feature","geometry":{"type":"Point","coordinates":[153.38401,-28.79734]},"properties":{"name":"Bush Fire Neighbourhood Safer Place","location":"Cnr Cowlong Road and McLeans Ridges Road, McLeans Ridges","suburb":"McLeans Ridges","type":"Building","point_type":155}},{"type":"Feature","geometry":{"type":"Point","coordinates":[153.586,-28.866]},"properties":{"name":"Bush Fire Neighbourhood Safer Place","location":"Compton Drive, Shaws Bay","suburb":"Shaws Bay","type":"Open Space","point_type":155}},{"type":"Feature","geometry":{"type":"Point","coordinates":[143.56187,-34.63377]},"properties":{"name":"Bush Fire Neighbourhood Safer Place","location":"Cally Street, Balranald","suburb":"Balranald","type":"Open Space","point_type":155}},{"type":"Feature","geometry":{"type":"Point","coordinates":[143.48323,-34.95003]},"properties":{"name":"Bush Fire Neighbourhood Safer Place","location":"Kyalite Road, Kyalite","suburb":"Kyalite","type":"Building","point_type":155}},{"type":"Feature","geometry":{"type":"Point","coordinates":[143.02687,-33.72329]},"properties":{"name":"Bush Fire Neighbourhood Safer Place","location":"Off Garnpang Road, Mungo National Park","suburb":"Mungo National Park","type":"Building","point_type":155}},{"type":"Feature","geometry":{"type":"Point","coordinates":[142.73895,-34.57465]},"properties":{"name":"Bush Fire Neighbourhood Safer Place","location":"Sturt Highway, Euston","suburb":"Euston","type":"Open Space","point_type":155}},{"type":"Feature","geometry":{"type":"Point","coordinates":[151.03714,-33.96819]},"properties":{"name":"Bush Fire Neighbourhood Safer Place","location":"Villiers Road, Padstow Heights","suburb":"Padstow Heights","type":"Open Space","point_type":155}},{"type":"Feature","geometry":{"type":"Point","coordinates":[150.99666,-33.96473]},"properties":{"name":"Bush Fire Neighbourhood Safer Place","location":"Lambeth Street, Picnic Point","suburb":"Picnic Point","type":"Open Space","point_type":155}},{"type":"Feature","geometry":{"type":"Point","coordinates":[151.03298,-33.96287]},"properties":{"name":"Bush Fire Neighbourhood Safer Place","location":"Starr Avenue, Padstow","suburb":"Padstow","type":"Open Space","point_type":155}},{"type":"Feature","geometry":{"type":"Point","coordinates":[150.99227,-33.91324]},"properties":{"name":"Bush Fire Neighbourhood Safer Place","location":"Birdwood Road, Georges Hall","suburb":"Georges Hall","type":"Open Space","point_type":155}},{"type":"Feature","geometry":{"type":"Point","coordinates":[151.00411,-33.90827]},"properties":{"name":"Bush Fire Neighbourhood Safer Place","location":"Clarke Street, Yagoona","suburb":"Yagoona","type":"Open Space","point_type":155}},{"type":"Feature","geometry":{"type":"Point","coordinates":[150.98681,-33.90739]},"properties":{"name":"Bush Fire Neighbourhood Safer Place","location":"Marden Street, Georges Hall","suburb":"Georges Hall","type":"Open Space","point_type":155}},{"type":"Feature","geometry":{"type":"Point","coordinates":[150.9918,-33.90105]},"properties":{"name":"Bush Fire Neighbourhood Safer Place","location":"Johnston Road, Bass Hill","suburb":"Bass Hill","type":"Open Space","point_type":155}},{"type":"Feature","geometry":{"type":"Point","coordinates":[150.98027,-33.92661]},"properties":{"name":"Bush Fire Neighbourhood Safer Place","location":"Cnr of Starkey Drive and Tower Road, Georges Hall","suburb":"Georges Hall","type":"Open Space","point_type":155}},{"type":"Feature","geometry":{"type":"Point","coordinates":[150.97271,-33.93105]},"properties":{"name":"Bush Fire Neighbourhood Safer Place","location":"Auld Avenue, Milperra","suburb":"Milperra","type":"Open Space","point_type":155}},{"type":"Feature","geometry":{"type":"Point","coordinates":[149.69256,-33.14115]},"properties":{"name":"Bush Fire Neighbourhood Safer Place","location":"Carpark off Thompson Street, Wattle Flat","suburb":"Wattle Flat","type":"Open Space","point_type":155}},{"type":"Feature","geometry":{"type":"Point","coordinates":[149.41714,-33.03217]},"properties":{"name":"Bush Fire Neighbourhood Safer Place","location":"4 Beyers Avenue, Hill End","suburb":"Hill End","type":"Building","point_type":155}},{"type":"Feature","geometry":{"type":"Point","coordinates":[149.32473,-33.81819]},"properties":{"name":"Bush Fire Neighbourhood Safer Place","location":"36 Arthur Street, Trunkey Creek","suburb":"Trunkey Creek","type":"Building","point_type":155}},{"type":"Feature","geometry":{"type":"Point","coordinates":[149.41444,-33.03681]},"properties":{"name":"Bush Fire Neighbourhood Safer Place","location":"Church Street, Hill End","suburb":"Hill End","type":"Open Space","point_type":155}},{"type":"Feature","geometry":{"type":"Point","coordinates":[149.69166,-33.08055]},"properties":{"name":"Bush Fire Neighbourhood Safer Place","location":"19 Denison Street, Sofala","suburb":"Sofala","type":"Building","point_type":155}},{"type":"Feature","geometry":{"type":"Point","coordinates":[149.92273,-36.86636]},"properties":{"name":"Bush Fire Neighbourhood Safer Place","location":"The Fairway, Tura Beach","suburb":"Tura Beach","type":"Open Space","point_type":155}},{"type":"Feature","geometry":{"type":"Point","coordinates":[149.8475,-36.67802]},"properties":{"name":"Bush Fire Neighbourhood Safer Place","location":"Upper Street Bega","suburb":"Bega","type":"Open Space","point_type":155}},{"type":"Feature","geometry":{"type":"Point","coordinates":[149.56795,-36.6262]},"properties":{"name":"Bush Fire Neighbourhood Safer Place","location":"Snowy Mountains Highway & Adams Street, Bemboka","suburb":"Bemboka","type":"Open Space","point_type":155}},{"type":"Feature","geometry":{"type":"Point","coordinates":[150.07648,-36.42828]},"properties":{"name":"Bush Fire Neighbourhood Safer Place","location":"Bunga Street, Bermagui","suburb":"Bermagui","type":"Open Space","point_type":155}},{"type":"Feature","geometry":{"type":"Point","coordinates":[149.88053,-37.10279]},"properties":{"name":"Bush Fire Neighbourhood Safer Place","location":"Adjacent to White Horse Inn, Boydtown Park Road, Boydtown","suburb":"Boydtown","type":"Open Space","point_type":155}},{"type":"Feature","geometry":{"type":"Point","coordinates":[149.69963,-37.08692]},"properties":{"name":"Bush Fire Neighbourhood Safer Place","location":"Towamba Street, Towamba.","suburb":"Towamba","type":"Open Space","point_type":155}},{"type":"Feature","geometry":{"type":"Point","coordinates":[149.90994,-37.0718]},"properties":{"name":"Bush Fire Neighbourhood Safer Place","location":"Imlay Street, Eden.","suburb":"Eden","type":"Open Space","point_type":155}},{"type":"Feature","geometry":{"type":"Point","coordinates":[149.90895,-36.94141]},"properties":{"name":"Bush Fire Neighbourhood Safer Place","location":"Pambula Beach Road, Pambula Beach.","suburb":"Pambula Beach","type":"Open Space","point_type":155}},{"type":"Feature","geometry":{"type":"Point","coordinates":[149.64895,-36.92972]},"properties":{"name":"Bush Fire Neighbourhood Safer Place","location":"Monaro Street, Wyndham.","suburb":"Wyndham","type":"Open Space","point_type":155}},{"type":"Feature","geometry":{"type":"Point","coordinates":[149.50247,-36.92797]},"properties":{"name":"Bush Fire Neighbourhood Safer Place","location":"Big Jack Mountain Road, Rocky Hall","suburb":"Rocky Hall","type":"Open Space","point_type":155}},{"type":"Feature","geometry":{"type":"Point","coordinates":[149.91003,-36.88378]},"properties":{"name":"Bush Fire Neighbourhood Safer Place","location":"Berrambool Drive, Merimbula","suburb":"Merimbula","type":"Open Space","point_type":155}},{"type":"Feature","geometry":{"type":"Point","coordinates":[149.69456,-36.76845]},"properties":{"name":"Bush Fire Neighbourhood Safer Place","location":"Williams Street, Candelo","suburb":"Candelo","type":"Open Space","point_type":155}},{"type":"Feature","geometry":{"type":"Point","coordinates":[149.92438,-36.7619]},"properties":{"name":"Bush Fire Neighbourhood Safer Place","location":"Sapphire Coast Drive, Kalaru.","suburb":"Kalaru","type":"Open Space","point_type":155}},{"type":"Feature","geometry":{"type":"Point","coordinates":[149.82359,-36.57296]},"properties":{"name":"Bush Fire Neighbourhood Safer Place","location":"Princes Highway, Brogo","suburb":"Brogo","type":"Building","point_type":155}},{"type":"Feature","geometry":{"type":"Point","coordinates":[149.86883,-36.46443]},"properties":{"name":"Bush Fire Neighbourhood Safer Place","location":"Cobargo Street, Quaama","suburb":"Quaama","type":"Open Space","point_type":155}},{"type":"Feature","geometry":{"type":"Point","coordinates":[149.88915,-36.3888]},"properties":{"name":"Bush Fire Neighbourhood Safer Place","location":"Cobargo Street, Cobargo","suburb":"Cobargo","type":"Open Space","point_type":155}},{"type":"Feature","geometry":{"type":"Point","coordinates":[152.89882,-30.45289]},"properties":{"name":"Bush Fire Neighbourhood Safer Place","location":"Hyde Street, Bellingen","suburb":"Bellingen","type":"Building","point_type":155}},{"type":"Feature","geometry":{"type":"Point","coordinates":[152.8842,-30.38826]},"properties":{"name":"Bush Fire Neighbourhood Safer Place","location":"Cnr of Timboon Road and Gleniffer Road, Gleniffer","suburb":"Gleniffer","type":"Building","point_type":155}},{"type":"Feature","geometry":{"type":"Point","coordinates":[153.04337,-30.46377]},"properties":{"name":"Bush Fire Neighbourhood Safer Place","location":"Cnr Rowley Street and Boronia Avenue, Mylestom","suburb":"Mylestom","type":"Building","point_type":155}},{"type":"Feature","geometry":{"type":"Point","coordinates":[152.89863,-30.44792]},"properties":{"name":"Bush Fire Neighbourhood Safer Place","location":"Black Street, North Bellingen","suburb":"North Bellingen","type":"Open Space","point_type":155}},{"type":"Feature","geometry":{"type":"Point","coordinates":[153.02251,-30.49529]},"properties":{"name":"Bush Fire Neighbourhood Safer Place","location":"Morgo Street, Urunga","suburb":"Urunga","type":"Open Space","point_type":155}},{"type":"Feature","geometry":{"type":"Point","coordinates":[145.58245,-35.82192]},"properties":{"name":"Bush Fire Neighbourhood Safer Place","location":"Barooga Road, Tocumwal","suburb":"Tocumwal","type":"Open Space","point_type":155}},{"type":"Feature","geometry":{"type":"Point","coordinates":[145.57198,-35.63861]},"properties":{"name":"Bush Fire Neighbourhood Safer Place","location":"Warrmatta Street, Finley","suburb":"Finley","type":"Open Space","point_type":155}},{"type":"Feature","geometry":{"type":"Point","coordinates":[145.68925,-35.90532]},"properties":{"name":"Bush Fire Neighbourhood Safer Place","location":"Burkinshaw Street, Barooga","suburb":"Barooga","type":"Open Space","point_type":155}},{"type":"Feature","geometry":{"type":"Point","coordinates":[145.56573,-35.80942]},"properties":{"name":"Bush Fire Neighbourhood Safer Place","location":"1-13 Bruton Street, Tocumwal","suburb":"Tocumwal","type":"Open Space","point_type":155}},{"type":"Feature","geometry":{"type":"Point","coordinates":[145.81417,-35.66064]},"properties":{"name":"Bush Fire Neighbourhood Safer Place","location":"Jerilderie Street, Berrigan","suburb":"Berrigan","type":"Open Space","point_type":155}},{"type":"Feature","geometry":{"type":"Point","coordinates":[149.26,-33.517]},"properties":{"name":"Bush Fire Neighbourhood Safer Place","location":"22 Marshalls Lane, Blayney","suburb":"Blayney","type":"Open Space","point_type":155}},{"type":"Feature","geometry":{"type":"Point","coordinates":[149.07521,-33.64732]},"properties":{"name":"Bush Fire Neighbourhood Safer Place","location":"Gold Street, Mandurama","suburb":"Mandurama","type":"Open Space","point_type":155}},{"type":"Feature","geometry":{"type":"Point","coordinates":[149.27171,-33.64657]},"properties":{"name":"Bush Fire Neighbourhood Safer Place","location":"Cnr Barry Moorilda Rd & Barker Street, Barry","suburb":"Barry","type":"Building","point_type":155}},{"type":"Feature","geometry":{"type":"Point","coordinates":[149.17878,-33.59136]},"properties":{"name":"Bush Fire Neighbourhood Safer Place","location":"4860 Mid Western Highway, Carcoar","suburb":"Carcoar","type":"Building","point_type":155}},{"type":"Feature","geometry":{"type":"Point","coordinates":[149.36495,-33.58368]},"properties":{"name":"Bush Fire Neighbourhood Safer Place","location":"Trunkey Street, Newbridge","suburb":"Newbridge","type":"Building","point_type":155}},{"type":"Feature","geometry":{"type":"Point","coordinates":[150.31297,-33.71047]},"properties":{"name":"Bush Fire Neighbourhood Safer Place","location":"Station Street, Katoomba","suburb":"Katoomba","type":"Open Space","point_type":155}},{"type":"Feature","geometry":{"type":"Point","coordinates":[150.30803,-33.70492]},"properties":{"name":"Bush Fire Neighbourhood Safer Place","location":"Corner of Camp and Albion Streets, Katoomba","suburb":"Katoomba","type":"Open Space","point_type":155}},{"type":"Feature","geometry":{"type":"Point","coordinates":[150.31051,-33.71518]},"properties":{"name":"Bush Fire Neighbourhood Safer Place","location":"Waratah Street, Katoomba","suburb":"Katoomba","type":"Open Space","point_type":155}},{"type":"Feature","geometry":{"type":"Point","coordinates":[150.25337,-33.69573]},"properties":{"name":"Bush Fire Neighbourhood Safer Place","location":"Megalong Road, Megalong Valley","suburb":"Megalong Valley","type":"Building","point_type":155}},{"type":"Feature","geometry":{"type":"Point","coordinates":[150.34291,-33.72138]},"properties":{"name":"Bush Fire Neighbourhood Safer Place","location":"Intersection of Fitzroy Street and Chambers Road, Leura","suburb":"Leura","type":"Open Space","point_type":155}},{"type":"Feature","geometry":{"type":"Point","coordinates":[150.28794,-33.63855]},"properties":{"name":"Bush Fire Neighbourhood Safer Place","location":"Leichhardt Street, Blackheath","suburb":"Blackheath","type":"Open Space","point_type":155}},{"type":"Feature","geometry":{"type":"Point","coordinates":[150.25449,-33.58994]},"properties":{"name":"Bush Fire Neighbourhood Safer Place","location":"2 Station Street, Mount Victoria","suburb":"Mount Victoria","type":"Open Space","point_type":155}},{"type":"Feature","geometry":{"type":"Point","coordinates":[147.19388,-31.56633]},"properties":{"name":"Bush Fire Neighbourhood Safer Place","location":"Bogan Street, Nyngan","suburb":"Nyngan","type":"Open Space","point_type":155}},{"type":"Feature","geometry":{"type":"Point","coordinates":[148.9336,-37.04692]},"properties":{"name":"Bush Fire Neighbourhood Safer Place","location":"Bombala Street, Delegate","suburb":"Delegate","type":"Building","point_type":155}},{"type":"Feature","geometry":{"type":"Point","coordinates":[149.2419,-36.91311]},"properties":{"name":"Bush Fire Neighbourhood Safer Place","location":"Cnr Wellington Street and Forbes Street, Bombala","suburb":"Bombala","type":"Open Space","point_type":155}},{"type":"Feature","geometry":{"type":"Point","coordinates":[148.71985,-34.43823]},"properties":{"name":"Bush Fire Neighbourhood Safer Place","location":"Market Street and Pudman Street, Boorowa","suburb":"Boorowa","type":"Open Space","point_type":155}},{"type":"Feature","geometry":{"type":"Point","coordinates":[151.197,-33.945]},"properties":{"name":"Bush Fire Neighbourhood Safer Place","location":"Cnr Botany Road and Edward Street, Botany","suburb":"Botany","type":"Building","point_type":155}},{"type":"Feature","geometry":{"type":"Point","coordinates":[153.58282,-28.63543]},"properties":{"name":"Bush Fire Neighbourhood Safer Place","location":"Bayshore Drive, Byron Bay","suburb":"Byron Bay","type":"Building","point_type":155}},{"type":"Feature","geometry":{"type":"Point","coordinates":[153.54511,-28.51736]},"properties":{"name":"Bush Fire Neighbourhood Safer Place","location":"Orana Road, Ocean Shores","suburb":"Ocean Shores","type":"Building","point_type":155}},{"type":"Feature","geometry":{"type":"Point","coordinates":[153.60783,-28.67589]},"properties":{"name":"Bush Fire Neighbourhood Safer Place","location":"Broken Head Road, Byron Bay","suburb":"Byron Bay","type":"Building","point_type":155}},{"type":"Feature","geometry":{"type":"Point","coordinates":[153.61445,-28.64124]},"properties":{"name":"Bush Fire Neighbourhood Safer Place","location":"Bay Street, Byron Bay","suburb":"Byron Bay","type":"Building","point_type":155}},{"type":"Feature","geometry":{"type":"Point","coordinates":[148.64666,-32.75045]},"properties":{"name":"Bush Fire Neighbourhood Safer Place","location":"Lucknow Street, Yeoval","suburb":"Yeoval","type":"Open Space","point_type":155}},{"type":"Feature","geometry":{"type":"Point","coordinates":[148.86788,-33.08896]},"properties":{"name":"Bush Fire Neighbourhood Safer Place","location":"Cnr Edward and Hill Streets, Molong","suburb":"Molong","type":"Open Space","point_type":155}},{"type":"Feature","geometry":{"type":"Point","coordinates":[148.66671,-33.55712]},"properties":{"name":"Bush Fire Neighbourhood Safer Place","location":"Ross Street, Canowindra","suburb":"Canowindra","type":"Open Space","point_type":155}},{"type":"Feature","geometry":{"type":"Point","coordinates":[148.36995,-33.42942]},"properties":{"name":"Bush Fire Neighbourhood Safer Place","location":"Nanima Street, Eugowra","suburb":"Eugowra","type":"Open Space","point_type":155}},{"type":"Feature","geometry":{"type":"Point","coordinates":[148.75232,-32.92844]},"properties":{"name":"Bush Fire Neighbourhood Safer Place","location":"Maclaughlan Street, Cumnock","suburb":"Cumnock","type":"Open Space","point_type":155}},{"type":"Feature","geometry":{"type":"Point","coordinates":[148.50732,-33.24423]},"properties":{"name":"Bush Fire Neighbourhood Safer Place","location":"Mandagery Road, Mandagery","suburb":"Mandagery","type":"Open Space","point_type":155}},{"type":"Feature","geometry":{"type":"Point","coordinates":[148.97009,-33.25964]},"properties":{"name":"Bush Fire Neighbourhood Safer Place","location":"Bradleys Road, Borenore","suburb":"Borenore","type":"Open Space","point_type":155}},{"type":"Feature","geometry":{"type":"Point","coordinates":[148.69152,-33.18626]},"properties":{"name":"Bush Fire Neighbourhood Safer Place","location":"Kiewa Street, Manildra","suburb":"Manildra","type":"Building","point_type":155}},{"type":"Feature","geometry":{"type":"Point","coordinates":[148.64701,-32.74956]},"properties":{"name":"Bush Fire Neighbourhood Safer Place","location":"Bathurst Street, Yeoval","suburb":"Yeoval","type":"Building","point_type":155}},{"type":"Feature","geometry":{"type":"Point","coordinates":[148.80892,-33.42332]},"properties":{"name":"Bush Fire Neighbourhood Safer Place","location":"Molong Street, Cargo","suburb":"Cargo","type":"Building","point_type":155}},{"type":"Feature","geometry":{"type":"Point","coordinates":[148.80953,-33.42278]},"properties":{"name":"Bush Fire Neighbourhood Safer Place","location":"Molong Street, Cargo","suburb":"Cargo","type":"Building","point_type":155}},{"type":"Feature","geometry":{"type":"Point","coordinates":[149.0129,-33.2949]},"properties":{"name":"Bush Fire Neighbourhood Safer Place","location":"Cnr Nancarrow Lane & Cargo Road, Nashdale","suburb":"Nashdale","type":"Building","point_type":155}},{"type":"Feature","geometry":{"type":"Point","coordinates":[148.49683,-32.86511]},"properties":{"name":"Bush Fire Neighbourhood Safer Place","location":"Peak Hill Road, Baldry","suburb":"Baldry","type":"Building","point_type":155}},{"type":"Feature","geometry":{"type":"Point","coordinates":[148.36669,-33.42408]},"properties":{"name":"Bush Fire Neighbourhood Safer Place","location":"Hill Street, Eugowra","suburb":"Eugowra","type":"Building","point_type":155}},{"type":"Feature","geometry":{"type":"Point","coordinates":[148.73909,-33.28644]},"properties":{"name":"Bush Fire Neighbourhood Safer Place","location":"Main Street, Cudal","suburb":"Cudal","type":"Building","point_type":155}},{"type":"Feature","geometry":{"type":"Point","coordinates":[148.74369,-33.28586]},"properties":{"name":"Bush Fire Neighbourhood Safer Place","location":"Cargo Street, Cudal","suburb":"Cudal","type":"Building","point_type":155}},{"type":"Feature","geometry":{"type":"Point","coordinates":[150.69621,-34.0583]},"properties":{"name":"Bush Fire Neighbourhood Safer Place","location":"Corner of Menangle Road and Park Street, Camden","suburb":"Camden","type":"Open Space","point_type":155}},{"type":"Feature","geometry":{"type":"Point","coordinates":[150.76236,-34.05911]},"properties":{"name":"Bush Fire Neighbourhood Safer Place","location":"Elder Way and Welling Drive, Mt Annan","suburb":"Mt Annan","type":"Open Space","point_type":155}},{"type":"Feature","geometry":{"type":"Point","coordinates":[150.73494,-34.05628]},"properties":{"name":"Bush Fire Neighbourhood Safer Place","location":"Richardson Road, Narellan Vale","suburb":"Narellan Vale","type":"Open Space","point_type":155}},{"type":"Feature","geometry":{"type":"Point","coordinates":[150.73539,-34.04474]},"properties":{"name":"Bush Fire Neighbourhood Safer Place","location":"Elyard Street, Narellan","suburb":"Narellan","type":"Open Space","point_type":155}},{"type":"Feature","geometry":{"type":"Point","coordinates":[150.69728,-34.08093]},"properties":{"name":"Bush Fire Neighbourhood Safer Place","location":"Cnr Martine Avenue & Brigalow Avenue, Camden South","suburb":"Camden South","type":"Open Space","point_type":155}},{"type":"Feature","geometry":{"type":"Point","coordinates":[150.7584,-34.06037]},"properties":{"name":"Bush Fire Neighbourhood Safer Place","location":"Welling Drive, Mt Annan","suburb":"Mt Annan","type":"Open Space","point_type":155}},{"type":"Feature","geometry":{"type":"Point","coordinates":[150.76938,-34.04647]},"properties":{"name":"Bush Fire Neighbourhood Safer Place","location":"Iando Way (Tramway Drive), Currans Hill","suburb":"Currans Hill","type":"Open Space","point_type":155}},{"type":"Feature","geometry":{"type":"Point","coordinates":[150.73561,-34.03183]},"properties":{"name":"Bush Fire Neighbourhood Safer Place","location":"Meehan Terrace, Harrington Park (access by Denbigh Place & Carabeely Place)","suburb":"Harrington Park","type":"Open Space","point_type":155}},{"type":"Feature","geometry":{"type":"Point","coordinates":[150.7973,-34.11008]},"properties":{"name":"Bush Fire Neighbourhood Safer Place","location":"Oswald Crescent, Rosemeadow","suburb":"Rosemeadow","type":"Open Space","point_type":155}},{"type":"Feature","geometry":{"type":"Point","coordinates":[150.83198,-34.05053]},"properties":{"name":"Bush Fire Neighbourhood Safer Place","location":"Old Leumeah Road, Leumeah","suburb":"Leumeah","type":"Open Space","point_type":155}},{"type":"Feature","geometry":{"type":"Point","coordinates":[150.84554,-34.02899]},"properties":{"name":"Bush Fire Neighbourhood Safer Place","location":"Redfern Road , Minto","suburb":"Minto","type":"Open Space","point_type":155}},{"type":"Feature","geometry":{"type":"Point","coordinates":[150.87164,-34.01243]},"properties":{"name":"Bush Fire Neighbourhood Safer Place","location":"Lancia Drive, Ingleburn","suburb":"Ingleburn","type":"Open Space","point_type":155}},{"type":"Feature","geometry":{"type":"Point","coordinates":[150.82319,-34.01015]},"properties":{"name":"Bush Fire Neighbourhood Safer Place","location":"Spitfire Drive, Varroville","suburb":"Varroville","type":"Open Space","point_type":155}},{"type":"Feature","geometry":{"type":"Point","coordinates":[150.88254,-33.9973]},"properties":{"name":"Bush Fire Neighbourhood Safer Place","location":"Fields Road, Macquarie Fields","suburb":"Macquarie Fields","type":"Open Space","point_type":155}},{"type":"Feature","geometry":{"type":"Point","coordinates":[150.8993,-33.99134]},"properties":{"name":"Bush Fire Neighbourhood Safer Place","location":"Rosewood Drive, Macquarie Fields","suburb":"Macquarie Fields","type":"Open Space","point_type":155}},{"type":"Feature","geometry":{"type":"Point","coordinates":[150.8905,-33.98864]},"properties":{"name":"Bush Fire Neighbourhood Safer Place","location":"Brooks Street, Macquarie Fields","suburb":"Macquarie Fields","type":"Open Space","point_type":155}},{"type":"Feature","geometry":{"type":"Point","coordinates":[150.90394,-33.97365]},"properties":{"name":"Bush Fire Neighbourhood Safer Place","location":"Harrow Road, Glenfield","suburb":"Glenfield","type":"Open Space","point_type":155}},{"type":"Feature","geometry":{"type":"Point","coordinates":[150.81836,-34.09964]},"properties":{"name":"Bush Fire Neighbourhood Safer Place","location":"Karrabul Road, St Helens Park","suburb":"St Helens Park","type":"Open Space","point_type":155}},{"type":"Feature","geometry":{"type":"Point","coordinates":[150.81963,-34.08761]},"properties":{"name":"Bush Fire Neighbourhood Safer Place","location":"Macleay Street, Bradbury","suburb":"Bradbury","type":"Open Space","point_type":155}},{"type":"Feature","geometry":{"type":"Point","coordinates":[150.84554,-34.07229]},"properties":{"name":"Bush Fire Neighbourhood Safer Place","location":"Oberon Road, Ruse","suburb":"Ruse","type":"Open Space","point_type":155}},{"type":"Feature","geometry":{"type":"Point","coordinates":[145.62395,-33.81624]},"properties":{"name":"Bush Fire Neighbourhood Safer Place","location":"6 Mons Street, Merriwagga","suburb":"Merriwagga","type":"Building","point_type":155}},{"type":"Feature","geometry":{"type":"Point","coordinates":[145.70827,-33.97925]},"properties":{"name":"Bush Fire Neighbourhood Safer Place","location":"4 Napier Street, Goolgowi","suburb":"Goolgowi","type":"Building","point_type":155}},{"type":"Feature","geometry":{"type":"Point","coordinates":[146.26175,-33.84205]},"properties":{"name":"Bush Fire Neighbourhood Safer Place","location":"Mid Western Hwy (Boomerang Street), Rankins Springs","suburb":"Rankins Springs","type":"Building","point_type":155}},{"type":"Feature","geometry":{"type":"Point","coordinates":[145.53533,-33.48111]},"properties":{"name":"Bush Fire Neighbourhood Safer Place","location":"Cnr Oxley Avenue and Keats Street, Hillston","suburb":"Hillston","type":"Building","point_type":155}},{"type":"Feature","geometry":{"type":"Point","coordinates":[145.43503,-34.40821]},"properties":{"name":"Bush Fire Neighbourhood Safer Place","location":"Cnr Glover Street and Cambridge Street, Carrathool","suburb":"Carrathool","type":"Open Space","point_type":155}},{"type":"Feature","geometry":{"type":"Point","coordinates":[145.53925,-33.4957]},"properties":{"name":"Bush Fire Neighbourhood Safer Place","location":"The Springs Road, Hillston","suburb":"Hillston","type":"Open Space","point_type":155}},{"type":"Feature","geometry":{"type":"Point","coordinates":[151.48253,-32.90422]},"properties":{"name":"Bush Fire Neighbourhood Safer Place","location":"Child Street, Mulbring","suburb":"Mulbring","type":"Open Space","point_type":155}},{"type":"Feature","geometry":{"type":"Point","coordinates":[151.36052,-32.65778]},"properties":{"name":"Bush Fire Neighbourhood Safer Place","location":"Corner New England Highway and Wyndham Street, East Branxton","suburb":"East Branxton","type":"Open Space","point_type":155}},{"type":"Feature","geometry":{"type":"Point","coordinates":[151.13233,-32.99239]},"properties":{"name":"Bush Fire Neighbourhood Safer Place","location":"3894 Great North Road, Laguna","suburb":"Laguna","type":"Open Space","point_type":155}},{"type":"Feature","geometry":{"type":"Point","coordinates":[151.13981,-32.93737]},"properties":{"name":"Bush Fire Neighbourhood Safer Place","location":"Intersection of Paynes Crossing Road and Negro Street, Wollombi","suburb":"Wollombi","type":"Open Space","point_type":155}},{"type":"Feature","geometry":{"type":"Point","coordinates":[151.39345,-32.8568]},"properties":{"name":"Bush Fire Neighbourhood Safer Place","location":"Congewai Street, Kearsley","suburb":"Kearsley","type":"Open Space","point_type":155}},{"type":"Feature","geometry":{"type":"Point","coordinates":[153.19837,-29.46377]},"properties":{"name":"Bush Fire Neighbourhood Safer Place","location":"12 Cameron Street, Maclean","suburb":"Maclean","type":"Open Space","point_type":155}},{"type":"Feature","geometry":{"type":"Point","coordinates":[153.27672,-29.35908]},"properties":{"name":"Bush Fire Neighbourhood Safer Place","location":"286 Iluka Road, Woombah","suburb":"Woombah","type":"Open Space","point_type":155}},{"type":"Feature","geometry":{"type":"Point","coordinates":[153.351,-29.4065]},"properties":{"name":"Bush Fire Neighbourhood Safer Place","location":"54 Spenser Street, Iluka","suburb":"Iluka","type":"Building","point_type":155}},{"type":"Feature","geometry":{"type":"Point","coordinates":[153.16665,-29.47284]},"properties":{"name":"Bush Fire Neighbourhood Safer Place","location":"128 Golf Links Road, Maclean","suburb":"Maclean","type":"Building","point_type":155}},{"type":"Feature","geometry":{"type":"Point","coordinates":[153.23373,-29.38217]},"properties":{"name":"Bush Fire Neighbourhood Safer Place","location":"17 Chatsworth Road, Chatsworth","suburb":"Chatsworth","type":"Building","point_type":155}},{"type":"Feature","geometry":{"type":"Point","coordinates":[152.97832,-30.05144]},"properties":{"name":"Bush Fire Neighbourhood Safer Place","location":"62 Coramba Street, Glenreagh","suburb":"Glenreagh","type":"Building","point_type":155}},{"type":"Feature","geometry":{"type":"Point","coordinates":[152.72676,-29.93885]},"properties":{"name":"Bush Fire Neighbourhood Safer Place","location":"3779 Armidale Road, Nymboida","suburb":"Nymboida","type":"Building","point_type":155}},{"type":"Feature","geometry":{"type":"Point","coordinates":[153.20381,-30.11016]},"properties":{"name":"Bush Fire Neighbourhood Safer Place","location":"Corner Ocean Street and Pollack Esplanade, Woolgoolga","suburb":"Woolgoolga","type":"Open Space","point_type":155}},{"type":"Feature","geometry":{"type":"Point","coordinates":[153.00637,-30.27837]},"properties":{"name":"Bush Fire Neighbourhood Safer Place","location":"Cnr Dairyville Road and Upper Orara Road, Upper Orara","suburb":"Upper Orara","type":"Building","point_type":155}},{"type":"Feature","geometry":{"type":"Point","coordinates":[153.19357,-30.09433]},"properties":{"name":"Bush Fire Neighbourhood Safer Place","location":"Safety Beach Drive, Safety Beach","suburb":"Safety Beach","type":"Building","point_type":155}},{"type":"Feature","geometry":{"type":"Point","coordinates":[153.19258,-30.03291]},"properties":{"name":"Bush Fire Neighbourhood Safer Place","location":"7 Tasman Street, Corindi Beach","suburb":"Corindi Beach","type":"Building","point_type":155}},{"type":"Feature","geometry":{"type":"Point","coordinates":[153.05526,-30.2566]},"properties":{"name":"Bush Fire Neighbourhood Safer Place","location":"Mastons Road, Karangi","suburb":"Karangi","type":"Building","point_type":155}},{"type":"Feature","geometry":{"type":"Point","coordinates":[153.05958,-30.33288]},"properties":{"name":"Bush Fire Neighbourhood Safer Place","location":"Ayrshire Park Drive, Boambee","suburb":"Boambee","type":"Open Space","point_type":155}},{"type":"Feature","geometry":{"type":"Point","coordinates":[153.13578,-30.25326]},"properties":{"name":"Bush Fire Neighbourhood Safer Place","location":"Herman Reick Avenue, Korora","suburb":"Korora","type":"Open Space","point_type":155}},{"type":"Feature","geometry":{"type":"Point","coordinates":[153.01493,-30.19967]},"properties":{"name":"Bush Fire Neighbourhood Safer Place","location":"Coramba Road, Coramba","suburb":"Coramba","type":"Open Space","point_type":155}},{"type":"Feature","geometry":{"type":"Point","coordinates":[153.01427,-30.13208]},"properties":{"name":"Bush Fire Neighbourhood Safer Place","location":"26 Grafton Street, Nana Glen","suburb":"Nana Glen","type":"Building","point_type":155}},{"type":"Feature","geometry":{"type":"Point","coordinates":[153.20059,-30.05987]},"properties":{"name":"Bush Fire Neighbourhood Safer Place","location":"Arrawarra Road, Arrawarra Beach","suburb":"Arrawarra Beach","type":"Open Space","point_type":155}},{"type":"Feature","geometry":{"type":"Point","coordinates":[153.03318,-30.38035]},"properties":{"name":"Bush Fire Neighbourhood Safer Place","location":"6 East Bonville Road, Bonville","suburb":"Bonville","type":"Building","point_type":155}},{"type":"Feature","geometry":{"type":"Point","coordinates":[152.89888,-30.21108]},"properties":{"name":"Bush Fire Neighbourhood Safer Place","location":"33 Grafton Street, Lowanna","suburb":"Lowanna","type":"Building","point_type":155}},{"type":"Feature","geometry":{"type":"Point","coordinates":[153.14985,-30.2051]},"properties":{"name":"Bush Fire Neighbourhood Safer Place","location":"Moonee Beach Road, Moonee Beach","suburb":"Moonee Beach","type":"Open Space","point_type":155}},{"type":"Feature","geometry":{"type":"Point","coordinates":[153.19907,-30.1515]},"properties":{"name":"Bush Fire Neighbourhood Safer Place","location":"Sandy Beach Drive, Sandy Beach","suburb":"Sandy Beach","type":"Open Space","point_type":155}},{"type":"Feature","geometry":{"type":"Point","coordinates":[145.315,-35.5937]},"properties":{"name":"Bush Fire Neighbourhood Safer Place","location":"Riverina Highway, Blighty","suburb":"Blighty","type":"Open Space","point_type":155}},{"type":"Feature","geometry":{"type":"Point","coordinates":[145.30906,-35.46417]},"properties":{"name":"Bush Fire Neighbourhood Safer Place","location":"Mayrung Road, Mayrung","suburb":"Mayrung","type":"Building","point_type":155}},{"type":"Feature","geometry":{"type":"Point","coordinates":[144.87202,-35.41029]},"properties":{"name":"Bush Fire Neighbourhood Safer Place","location":"Edward Street, Pretty Pine","suburb":"Pretty Pine","type":"Open Space","point_type":155}},{"type":"Feature","geometry":{"type":"Point","coordinates":[145.18188,-35.30399]},"properties":{"name":"Bush Fire Neighbourhood Safer Place","location":"Conargo Road, Conargo","suburb":"Conargo","type":"Open Space","point_type":155}},{"type":"Feature","geometry":{"type":"Point","coordinates":[144.81603,-35.21127]},"properties":{"name":"Bush Fire Neighbourhood Safer Place","location":"Lang Street, Wanganella","suburb":"Wanganella","type":"Building","point_type":155}},{"type":"Feature","geometry":{"type":"Point","coordinates":[144.7664,-34.9331]},"properties":{"name":"Bush Fire Neighbourhood Safer Place","location":"Wargam Road, Booroorban","suburb":"Booroorban","type":"Building","point_type":155}},{"type":"Feature","geometry":{"type":"Point","coordinates":[149.12182,-36.2396]},"properties":{"name":"Bush Fire Neighbourhood Safer Place","location":"Cromwell Street, Cooma","suburb":"Cooma","type":"Building","point_type":155}},{"type":"Feature","geometry":{"type":"Point","coordinates":[149.10994,-35.60498]},"properties":{"name":"Bush Fire Neighbourhood Safer Place","location":"1105 Smiths Road, The Angle","suburb":"The Angle","type":"Building","point_type":155}},{"type":"Feature","geometry":{"type":"Point","coordinates":[148.47493,-31.33687]},"properties":{"name":"Bush Fire Neighbourhood Safer Place","location":"Yoolundry Street, Gulargambone","suburb":"Gulargambone","type":"Open Space","point_type":155}},{"type":"Feature","geometry":{"type":"Point","coordinates":[148.391,-30.96]},"properties":{"name":"Bush Fire Neighbourhood Safer Place","location":"Cnr Castlereagh Highway and McCullough Street, Coonamble","suburb":"Coonamble","type":"Open Space","point_type":155}},{"type":"Feature","geometry":{"type":"Point","coordinates":[148.37273,-30.94797]},"properties":{"name":"Bush Fire Neighbourhood Safer Place","location":"Castlereagh Highway, Coonamble","suburb":"Coonamble","type":"Open Space","point_type":155}},{"type":"Feature","geometry":{"type":"Point","coordinates":[147.87183,-30.93295]},"properties":{"name":"Bush Fire Neighbourhood Safer Place","location":"Corner of Yarea Street and Mungie Street, Quambone","suburb":"Quambone","type":"Open Space","point_type":155}},{"type":"Feature","geometry":{"type":"Point","coordinates":[148.16034,-34.52992]},"properties":{"name":"Bush Fire Neighbourhood Safer Place","location":"Hoskins Street, Wallenbeen","suburb":"Wallenbeen","type":"Open Space","point_type":155}},{"type":"Feature","geometry":{"type":"Point","coordinates":[148.01874,-34.63139]},"properties":{"name":"Bush Fire Neighbourhood Safer Place","location":"Corner of Cutler Avenue and Northcott Avenue, Cootamundra","suburb":"Cootamundra","type":"Open Space","point_type":155}},{"type":"Feature","geometry":{"type":"Point","coordinates":[148.02456,-34.63479]},"properties":{"name":"Bush Fire Neighbourhood Safer Place","location":"Crn Murray Street and Bourke Street, Cootamundra","suburb":"Cootamundra","type":"Open Space","point_type":155}},{"type":"Feature","geometry":{"type":"Point","coordinates":[146.38746,-35.99592]},"properties":{"name":"Bush Fire Neighbourhood Safer Place","location":"17-75 John Street, Corowa","suburb":"Corowa","type":"Open Space","point_type":155}},{"type":"Feature","geometry":{"type":"Point","coordinates":[146.0019,-35.98848]},"properties":{"name":"Bush Fire Neighbourhood Safer Place","location":"89 Hume Street, Mulwala","suburb":"Mulwala","type":"Open Space","point_type":155}},{"type":"Feature","geometry":{"type":"Point","coordinates":[146.00938,-35.98601]},"properties":{"name":"Bush Fire Neighbourhood Safer Place","location":"24-50 Melbourne Street, Mulwala","suburb":"Mulwala","type":"Open Space","point_type":155}},{"type":"Feature","geometry":{"type":"Point","coordinates":[146.63435,-35.981]},"properties":{"name":"Bush Fire Neighbourhood Safer Place","location":"82-120 Hawkins Street, Howlong","suburb":"Howlong","type":"Open Space","point_type":155}},{"type":"Feature","geometry":{"type":"Point","coordinates":[146.34048,-35.74334]},"properties":{"name":"Bush Fire Neighbourhood Safer Place","location":"Urana Road, Coreen","suburb":"Coreen","type":"Building","point_type":155}},{"type":"Feature","geometry":{"type":"Point","coordinates":[146.30442,-35.64327]},"properties":{"name":"Bush Fire Neighbourhood Safer Place","location":"Narrow Plains Road, Daysdale","suburb":"Daysdale","type":"Open Space","point_type":155}},{"type":"Feature","geometry":{"type":"Point","coordinates":[146.13367,-35.81419]},"properties":{"name":"Bush Fire Neighbourhood Safer Place","location":"Bull Plain Road, Rennie","suburb":"Rennie","type":"Building","point_type":155}},{"type":"Feature","geometry":{"type":"Point","coordinates":[146.05145,-35.73642]},"properties":{"name":"Bush Fire Neighbourhood Safer Place","location":"Riverina Highway, Savernake","suburb":"Savernake","type":"Building","point_type":155}},{"type":"Feature","geometry":{"type":"Point","coordinates":[146.36826,-35.85452]},"properties":{"name":"Bush Fire Neighbourhood Safer Place","location":"Riverina Highway, Lowesdale","suburb":"Lowesdale","type":"Open Space","point_type":155}},{"type":"Feature","geometry":{"type":"Point","coordinates":[146.00671,-35.98972]},"properties":{"name":"Bush Fire Neighbourhood Safer Place","location":"Ingliss Street, Mulwala","suburb":"Mulwala","type":"Open Space","point_type":155}},{"type":"Feature","geometry":{"type":"Point","coordinates":[148.945,-33.9639]},"properties":{"name":"Bush Fire Neighbourhood Safer Place","location":"Sixth Avenue, Wyangala Dam","suburb":"Wyangala Dam","type":"Building","point_type":155}},{"type":"Feature","geometry":{"type":"Point","coordinates":[148.7558,-33.8104]},"properties":{"name":"Bush Fire Neighbourhood Safer Place","location":"Mid Western Highway (near Pine Mount Road), Cowra","suburb":"Cowra","type":"Building","point_type":155}},{"type":"Feature","geometry":{"type":"Point","coordinates":[148.61554,-33.68005]},"properties":{"name":"Bush Fire Neighbourhood Safer Place","location":"Logan Street, Billimari","suburb":"Billimari","type":"Building","point_type":155}},{"type":"Feature","geometry":{"type":"Point","coordinates":[148.43567,-33.61687]},"properties":{"name":"Bush Fire Neighbourhood Safer Place","location":"King Street, Gooloogong","suburb":"Gooloogong","type":"Building","point_type":155}},{"type":"Feature","geometry":{"type":"Point","coordinates":[148.67995,-33.95148]},"properties":{"name":"Bush Fire Neighbourhood Safer Place","location":"Lachlan Valley Way, Morongla","suburb":"Morongla","type":"Open Space","point_type":155}},{"type":"Feature","geometry":{"type":"Point","coordinates":[148.598,-33.9381]},"properties":{"name":"Bush Fire Neighbourhood Safer Place","location":"West Street, Wattamondara","suburb":"Wattamondara","type":"Open Space","point_type":155}},{"type":"Feature","geometry":{"type":"Point","coordinates":[148.85674,-33.92514]},"properties":{"name":"Bush Fire Neighbourhood Safer Place","location":"Cnr Darbys Falls Road and Glen-Avon Road, Darbys Falls","suburb":"Darbys Falls","type":"Open Space","point_type":155}},{"type":"Feature","geometry":{"type":"Point","coordinates":[148.67737,-33.83208]},"properties":{"name":"Bush Fire Neighbourhood Safer Place","location":"Grenfell Road, Cowra","suburb":"Cowra","type":"Open Space","point_type":155}},{"type":"Feature","geometry":{"type":"Point","coordinates":[148.9616,-33.9602]},"properties":{"name":"Bush Fire Neighbourhood Safer Place","location":"Dam foreshore in front of Kiosk parking area inside of the Wyangala Waters Park.","suburb":"Wyangala","type":"Open Space","point_type":155}},{"type":"Feature","geometry":{"type":"Point","coordinates":[144.95077,-35.53986]},"properties":{"name":"Bush Fire Neighbourhood Safer Place","location":"Corner of Cobb Highway and Wirraway Drive, Deniliquin","suburb":"Deniliquin","type":"Open Space","point_type":155}},{"type":"Feature","geometry":{"type":"Point","coordinates":[144.94921,-35.53299]},"properties":{"name":"Bush Fire Neighbourhood Safer Place","location":"Hardinge Street, Deniliquin","suburb":"Deniliquin","type":"Open Space","point_type":155}},{"type":"Feature","geometry":{"type":"Point","coordinates":[144.99661,-35.509]},"properties":{"name":"Bush Fire Neighbourhood Safer Place","location":"Conargo Road, Deniliquin","suburb":"Deniliquin","type":"Open Space","point_type":155}},{"type":"Feature","geometry":{"type":"Point","coordinates":[148.63418,-32.23261]},"properties":{"name":"Bush Fire Neighbourhood Safer Place","location":"Merrilea Lane, Dubbo","suburb":"Dubbo","type":"Building","point_type":155}},{"type":"Feature","geometry":{"type":"Point","coordinates":[148.5964,-32.2541]},"properties":{"name":"Bush Fire Neighbourhood Safer Place","location":"Bligh Street, Dubbo","suburb":"Dubbo","type":"Open Space","point_type":155}},{"type":"Feature","geometry":{"type":"Point","coordinates":[148.6221,-32.25405]},"properties":{"name":"Bush Fire Neighbourhood Safer Place","location":"Corner of Mitchell Highway and Chelmsford Street, Dubbo","suburb":"Dubbo","type":"Open Space","point_type":155}},{"type":"Feature","geometry":{"type":"Point","coordinates":[148.5859,-32.2497]},"properties":{"name":"Bush Fire Neighbourhood Safer Place","location":"Howard Avenue, West Dubbo","suburb":"West Dubbo","type":"Open Space","point_type":155}},{"type":"Feature","geometry":{"type":"Point","coordinates":[148.89884,-32.19491]},"properties":{"name":"Bush Fire Neighbourhood Safer Place","location":"Bunyip Street , Ballimore","suburb":"Ballimore","type":"Building","point_type":155}},{"type":"Feature","geometry":{"type":"Point","coordinates":[148.6194,-31.94704]},"properties":{"name":"Bush Fire Neighbourhood Safer Place","location":"Balladoran Street, Eumungerie","suburb":"Eumungerie","type":"Building","point_type":155}},{"type":"Feature","geometry":{"type":"Point","coordinates":[151.78247,-32.58623]},"properties":{"name":"Bush Fire Neighbourhood Safer Place","location":"Durham Street, Clarencetown","suburb":"Clarencetown","type":"Open Space","point_type":155}},{"type":"Feature","geometry":{"type":"Point","coordinates":[151.57708,-32.54092]},"properties":{"name":"Bush Fire Neighbourhood Safer Place","location":"Gresford Road, Vacy","suburb":"Vacy","type":"Open Space","point_type":155}},{"type":"Feature","geometry":{"type":"Point","coordinates":[151.5543,-32.43414]},"properties":{"name":"Bush Fire Neighbourhood Safer Place","location":"Park Street, East Gresford","suburb":"East Gresford","type":"Open Space","point_type":155}},{"type":"Feature","geometry":{"type":"Point","coordinates":[151.7499,-32.40634]},"properties":{"name":"Bush Fire Neighbourhood Safer Place","location":"Chapman Street, Dungog","suburb":"Dungog","type":"Open Space","point_type":155}},{"type":"Feature","geometry":{"type":"Point","coordinates":[151.75306,-32.40505]},"properties":{"name":"Bush Fire Neighbourhood Safer Place","location":"Chapman Street, Dungog","suburb":"Dungog","type":"Open Space","point_type":155}},{"type":"Feature","geometry":{"type":"Point","coordinates":[151.78299,-32.58812]},"properties":{"name":"Bush Fire Neighbourhood Safer Place","location":"Durham Street, Clarencetown","suburb":"CLARENCE TOWN","type":"Open Space","point_type":155}},{"type":"Feature","geometry":{"type":"Point","coordinates":[151.61024,-32.60336]},"properties":{"name":"Bush Fire Neighbourhood Safer Place","location":"Webbers Creek Road, Paterson","suburb":"Paterson","type":"Open Space","point_type":155}},{"type":"Feature","geometry":{"type":"Point","coordinates":[151.61929,-32.60173]},"properties":{"name":"Bush Fire Neighbourhood Safer Place","location":"Maitland Road, Paterson","suburb":"Paterson","type":"Open Space","point_type":155}},{"type":"Feature","geometry":{"type":"Point","coordinates":[151.78215,-32.58241]},"properties":{"name":"Bush Fire Neighbourhood Safer Place","location":"Durham Street, Clarencetown","suburb":"Clarencetown","type":"Open Space","point_type":155}},{"type":"Feature","geometry":{"type":"Point","coordinates":[150.05432,-36.09736]},"properties":{"name":"Bush Fire Neighbourhood Safer Place","location":"Potato Point Road, Bodalla","suburb":"Bodalla","type":"Open Space","point_type":155}},{"type":"Feature","geometry":{"type":"Point","coordinates":[150.19259,-35.72235]},"properties":{"name":"Bush Fire Neighbourhood Safer Place","location":"Cnr Beach Road & Hanging Rock Road, Catalina","suburb":"Catalina","type":"Open Space","point_type":155}},{"type":"Feature","geometry":{"type":"Point","coordinates":[150.22969,-35.79411]},"properties":{"name":"Bush Fire Neighbourhood Safer Place","location":"George Bass Drive, Malua Bay (South of the Surf Club)","suburb":"Malua Bay","type":"Open Space","point_type":155}},{"type":"Feature","geometry":{"type":"Point","coordinates":[150.08075,-35.9177]},"properties":{"name":"Bush Fire Neighbourhood Safer Place","location":"Albert Street, Moruya","suburb":"Moruya","type":"Open Space","point_type":155}},{"type":"Feature","geometry":{"type":"Point","coordinates":[150.12766,-36.21827]},"properties":{"name":"Bush Fire Neighbourhood Safer Place","location":"McMillan Road, Narooma","suburb":"Narooma","type":"Open Space","point_type":155}},{"type":"Feature","geometry":{"type":"Point","coordinates":[150.14212,-35.64823]},"properties":{"name":"Bush Fire Neighbourhood Safer Place","location":"Wharf Street, Nelligen (adjacent to the wharf)","suburb":"Nelligen","type":"Open Space","point_type":155}},{"type":"Feature","geometry":{"type":"Point","coordinates":[150.18776,-35.82685]},"properties":{"name":"Bush Fire Neighbourhood Safer Place","location":"Sunpatch Parade, Tomakin","suburb":"Tomakin","type":"Open Space","point_type":155}},{"type":"Feature","geometry":{"type":"Point","coordinates":[150.12294,-36.03964]},"properties":{"name":"Bush Fire Neighbourhood Safer Place","location":"Hector McWilliams Drive, Tuross Head","suburb":"Tuross Head","type":"Open Space","point_type":155}},{"type":"Feature","geometry":{"type":"Point","coordinates":[150.06482,-36.32573]},"properties":{"name":"Bush Fire Neighbourhood Safer Place","location":"Corkhill Drive, Tilba Tilba","suburb":"Tilba Tilba","type":"Open Space","point_type":155}},{"type":"Feature","geometry":{"type":"Point","coordinates":[150.24791,-35.709]},"properties":{"name":"Bush Fire Neighbourhood Safer Place","location":"Cnr Maloneys Drive and Hibiscus Close, Maloneys Beach","suburb":"Maloneys Beach","type":"Open Space","point_type":155}},{"type":"Feature","geometry":{"type":"Point","coordinates":[148.00949,-33.3893]},"properties":{"name":"Bush Fire Neighbourhood Safer Place","location":"Gordon Duff Drive, Forbes","suburb":"Forbes","type":"Open Space","point_type":155}},{"type":"Feature","geometry":{"type":"Point","coordinates":[148.58687,-31.54099]},"properties":{"name":"Bush Fire Neighbourhood Safer Place","location":"Curban Railway Road, Curban","suburb":"Curban","type":"Building","point_type":155}},{"type":"Feature","geometry":{"type":"Point","coordinates":[148.47943,-31.44685]},"properties":{"name":"Bush Fire Neighbourhood Safer Place","location":"Armatree Road, Armatree","suburb":"Armatree","type":"Building","point_type":155}},{"type":"Feature","geometry":{"type":"Point","coordinates":[148.90922,-31.44016]},"properties":{"name":"Bush Fire Neighbourhood Safer Place","location":"1 Denham Street, Tooraweena","suburb":"Tooraweena","type":"Building","point_type":155}},{"type":"Feature","geometry":{"type":"Point","coordinates":[148.66787,-31.70501]},"properties":{"name":"Bush Fire Neighbourhood Safer Place","location":"Byrne Avenue, Gilgandra","suburb":"Gilgandra","type":"Open Space","point_type":155}},{"type":"Feature","geometry":{"type":"Point","coordinates":[148.652,-31.7119]},"properties":{"name":"Bush Fire Neighbourhood Safer Place","location":"Warren Road, Gilgandra","suburb":"Gilgandra","type":"Open Space","point_type":155}},{"type":"Feature","geometry":{"type":"Point","coordinates":[151.89799,-29.7742]},"properties":{"name":"Bush Fire Neighbourhood Safer Place","location":"Cnr Victoria Street and Grafton Street, Red Range","suburb":"Red Range","type":"Building","point_type":155}},{"type":"Feature","geometry":{"type":"Point","coordinates":[151.59792,-29.44439]},"properties":{"name":"Bush Fire Neighbourhood Safer Place","location":"93 Moore Street, Emmaville","suburb":"Emmaville","type":"Building","point_type":155}},{"type":"Feature","geometry":{"type":"Point","coordinates":[151.73292,-29.74101]},"properties":{"name":"Bush Fire Neighbourhood Safer Place","location":"Cnr Wentworth Street & Services Lane, Glen Innes","suburb":"Glen Innes","type":"Open Space","point_type":155}},{"type":"Feature","geometry":{"type":"Point","coordinates":[151.84718,-29.44218]},"properties":{"name":"Bush Fire Neighbourhood Safer Place","location":"Cnr of Young and Severn Streets, Deepwater","suburb":"Deepwater","type":"Open Space","point_type":155}},{"type":"Feature","geometry":{"type":"Point","coordinates":[151.72987,-29.91109]},"properties":{"name":"Bush Fire Neighbourhood Safer Place","location":"8165 New England Highway, Glencoe","suburb":"Glencoe","type":"Open Space","point_type":155}},{"type":"Feature","geometry":{"type":"Point","coordinates":[151.91268,-31.97322]},"properties":{"name":"Bush Fire Neighbourhood Safer Place","location":"Argyle Street, Barrington","suburb":"Barrington","type":"Building","point_type":155}},{"type":"Feature","geometry":{"type":"Point","coordinates":[152.12062,-31.89322]},"properties":{"name":"Bush Fire Neighbourhood Safer Place","location":"512 Easton Street, Bundook","suburb":"Bundook","type":"Building","point_type":155}},{"type":"Feature","geometry":{"type":"Point","coordinates":[151.30706,-33.54451]},"properties":{"name":"Bush Fire Neighbourhood Safer Place","location":"Pearl Parade, Pearl Beach","suburb":"Pearl Beach","type":"Open Space","point_type":155}},{"type":"Feature","geometry":{"type":"Point","coordinates":[151.23308,-33.31207]},"properties":{"name":"Bush Fire Neighbourhood Safer Place","location":"Peats Ridge Road, Peats Ridge","suburb":"Peats Ridge","type":"Building","point_type":155}},{"type":"Feature","geometry":{"type":"Point","coordinates":[151.29532,-33.42863]},"properties":{"name":"Bush Fire Neighbourhood Safer Place","location":"Carinya Street (corner Parklands Road)","suburb":"KARIONG","type":"Open Space","point_type":155}},{"type":"Feature","geometry":{"type":"Point","coordinates":[151.34328,-33.52293]},"properties":{"name":"Bush Fire Neighbourhood Safer Place","location":"Mullhall Street, Wagstaffe","suburb":"Wagstaffe","type":"Open Space","point_type":155}},{"type":"Feature","geometry":{"type":"Point","coordinates":[151.36126,-33.52377]},"properties":{"name":"Bush Fire Neighbourhood Safer Place","location":"Araluen Drive, Killcare","suburb":"Killcare","type":"Open Space","point_type":155}},{"type":"Feature","geometry":{"type":"Point","coordinates":[151.31336,-33.48241]},"properties":{"name":"Bush Fire Neighbourhood Safer Place","location":"Bassan Street, Woy Woy Bay","suburb":"Woy Woy Bay","type":"Open Space","point_type":155}},{"type":"Feature","geometry":{"type":"Point","coordinates":[151.42428,-33.49911]},"properties":{"name":"Bush Fire Neighbourhood Safer Place","location":"Marine Parade, Macmasters Beach","suburb":"Macmasters Beach","type":"Open Space","point_type":155}},{"type":"Feature","geometry":{"type":"Point","coordinates":[149.62774,-34.78819]},"properties":{"name":"Bush Fire Neighbourhood Safer Place","location":"Yarra School Road, Yarra","suburb":"Yarra","type":"Building","point_type":155}},{"type":"Feature","geometry":{"type":"Point","coordinates":[149.53469,-34.73697]},"properties":{"name":"Bush Fire Neighbourhood Safer Place","location":"Merilla Lane, Parkesbourne","suburb":"Parkesbourne","type":"Building","point_type":155}},{"type":"Feature","geometry":{"type":"Point","coordinates":[150.00642,-34.71086]},"properties":{"name":"Bush Fire Neighbourhood Safer Place","location":"George Street, Marulan","suburb":"Marulan","type":"Open Space","point_type":155}},{"type":"Feature","geometry":{"type":"Point","coordinates":[149.74989,-34.6211]},"properties":{"name":"Bush Fire Neighbourhood Safer Place","location":"Cnr Middle Arm Road and Rhyanna Road, Middle Arm","suburb":"Middle Arm","type":"Building","point_type":155}},{"type":"Feature","geometry":{"type":"Point","coordinates":[149.65546,-35.06951]},"properties":{"name":"Bush Fire Neighbourhood Safer Place","location":"Cnr Braidwood and Lumley Roads, Tarago","suburb":"Tarago","type":"Open Space","point_type":155}},{"type":"Feature","geometry":{"type":"Point","coordinates":[149.68369,-34.84018]},"properties":{"name":"Bush Fire Neighbourhood Safer Place","location":"4770 Braidwood Road","suburb":"Tirrannaville","type":"Open Space","point_type":155}},{"type":"Feature","geometry":{"type":"Point","coordinates":[149.87378,-35.0226]},"properties":{"name":"Bush Fire Neighbourhood Safer Place","location":"Cnr Windellama Road and Oallen Ford Road, Windellama","suburb":"Windellama","type":"Building","point_type":155}},{"type":"Feature","geometry":{"type":"Point","coordinates":[152.20436,-32.4052]},"properties":{"name":"Bush Fire Neighbourhood Safer Place","location":"Stuart Street, Bulahdelah","suburb":"Bulahdelah","type":"Open Space","point_type":155}},{"type":"Feature","geometry":{"type":"Point","coordinates":[152.5349,-32.35403]},"properties":{"name":"Bush Fire Neighbourhood Safer Place","location":"Newman Avenue, Blueys Beach","suburb":"Blueys Beach","type":"Open Space","point_type":155}},{"type":"Feature","geometry":{"type":"Point","coordinates":[147.24698,-35.83334]},"properties":{"name":"Bush Fire Neighbourhood Safer Place","location":"Murray Street, Woomargama","suburb":"Woomargama","type":"Building","point_type":155}},{"type":"Feature","geometry":{"type":"Point","coordinates":[146.6808,-35.8217]},"properties":{"name":"Bush Fire Neighbourhood Safer Place","location":"Howlong Road, Brocklesby","suburb":"Brocklesby","type":"Building","point_type":155}},{"type":"Feature","geometry":{"type":"Point","coordinates":[147.1197,-35.6605]},"properties":{"name":"Bush Fire Neighbourhood Safer Place","location":"Brownrigg Street, Morven","suburb":"Morven","type":"Building","point_type":155}},{"type":"Feature","geometry":{"type":"Point","coordinates":[146.7478,-36.0008]},"properties":{"name":"Bush Fire Neighbourhood Safer Place","location":"Chambers Road, Bungowannah","suburb":"Bungowannah","type":"Open Space","point_type":155}},{"type":"Feature","geometry":{"type":"Point","coordinates":[146.88753,-35.95835]},"properties":{"name":"Bush Fire Neighbourhood Safer Place","location":"Dight Street. Jindera","suburb":"Jindera","type":"Open Space","point_type":155}},{"type":"Feature","geometry":{"type":"Point","coordinates":[146.9024,-35.76733]},"properties":{"name":"Bush Fire Neighbourhood Safer Place","location":"William Street, Walla Walla","suburb":"Walla Walla","type":"Open Space","point_type":155}},{"type":"Feature","geometry":{"type":"Point","coordinates":[147.31786,-35.72501]},"properties":{"name":"Bush Fire Neighbourhood Safer Place","location":"Bowler Street, Holbrook","suburb":"Holbrook","type":"Open Space","point_type":155}},{"type":"Feature","geometry":{"type":"Point","coordinates":[147.5305,-35.5888]},"properties":{"name":"Bush Fire Neighbourhood Safer Place","location":"Little Billabong Road, Little Billabong","suburb":"Little Billabong","type":"Building","point_type":155}},{"type":"Feature","geometry":{"type":"Point","coordinates":[147.2863,-36.0334]},"properties":{"name":"Bush Fire Neighbourhood Safer Place","location":"Wymah Road, Bowna","suburb":"Bowna","type":"Open Space","point_type":155}},{"type":"Feature","geometry":{"type":"Point","coordinates":[146.71941,-35.68834]},"properties":{"name":"Bush Fire Neighbourhood Safer Place","location":"Billabong Street, Walbundrie","suburb":"Walbundrie","type":"Open Space","point_type":155}},{"type":"Feature","geometry":{"type":"Point","coordinates":[146.80528,-35.83725]},"properties":{"name":"Bush Fire Neighbourhood Safer Place","location":"35 Urana Road, Burrumbuttock","suburb":"Burrumbuttock","type":"Building","point_type":155}},{"type":"Feature","geometry":{"type":"Point","coordinates":[152.50729,-32.05786]},"properties":{"name":"Bush Fire Neighbourhood Safer Place","location":"The Boulevard, Hallidays Point.","suburb":"Hallidays Point","type":"Building","point_type":155}},{"type":"Feature","geometry":{"type":"Point","coordinates":[152.65376,-31.8833]},"properties":{"name":"Bush Fire Neighbourhood Safer Place","location":"Josephine Boulevard, Harrington Waters.","suburb":"Harrington Waters","type":"Building","point_type":155}},{"type":"Feature","geometry":{"type":"Point","coordinates":[152.68332,-31.87171]},"properties":{"name":"Bush Fire Neighbourhood Safer Place","location":"Beach Street, Harrington","suburb":"Harrington","type":"Building","point_type":155}},{"type":"Feature","geometry":{"type":"Point","coordinates":[152.75053,-31.84005]},"properties":{"name":"Bush Fire Neighbourhood Safer Place","location":"Crowdy Street, Crowdy Head","suburb":"Crowdy Head","type":"Open Space","point_type":155}},{"type":"Feature","geometry":{"type":"Point","coordinates":[152.42834,-31.88025]},"properties":{"name":"Bush Fire Neighbourhood Safer Place","location":"Cnr of Hargreaves Drive and Arkright Drive, Kolodong","suburb":"Kolodong","type":"Open Space","point_type":155}},{"type":"Feature","geometry":{"type":"Point","coordinates":[152.66079,-31.89532]},"properties":{"name":"Bush Fire Neighbourhood Safer Place","location":"Manning Point Road, Manning Point (Riverfront)","suburb":"Manning Point","type":"Open Space","point_type":155}},{"type":"Feature","geometry":{"type":"Point","coordinates":[152.58631,-31.96525]},"properties":{"name":"Bush Fire Neighbourhood Safer Place","location":"Waterman Street, Old Bar","suburb":"Old Bar","type":"Building","point_type":155}},{"type":"Feature","geometry":{"type":"Point","coordinates":[146.03705,-34.27793]},"properties":{"name":"Bush Fire Neighbourhood Safer Place","location":"Groongal Avenue, Griffith","suburb":"Griffith","type":"Open Space","point_type":155}},{"type":"Feature","geometry":{"type":"Point","coordinates":[146.07485,-34.27353]},"properties":{"name":"Bush Fire Neighbourhood Safer Place","location":"Intersection of Clifton Boulevarde and Doolan Crescent, Griffith","suburb":"Griffith","type":"Open Space","point_type":155}},{"type":"Feature","geometry":{"type":"Point","coordinates":[147.9999,-35.15239]},"properties":{"name":"Bush Fire Neighbourhood Safer Place","location":"Adelong Road, Tumblong","suburb":"Tumblong","type":"Building","point_type":155}},{"type":"Feature","geometry":{"type":"Point","coordinates":[148.16536,-34.92738]},"properties":{"name":"Bush Fire Neighbourhood Safer Place","location":"Coolac Road, Coolac","suburb":"Coolac","type":"Building","point_type":155}},{"type":"Feature","geometry":{"type":"Point","coordinates":[147.90406,-35.05355]},"properties":{"name":"Bush Fire Neighbourhood Safer Place","location":"Nangus-Junee Road, Nangus","suburb":"Nangus","type":"Building","point_type":155}},{"type":"Feature","geometry":{"type":"Point","coordinates":[148.11352,-34.8049]},"properties":{"name":"Bush Fire Neighbourhood Safer Place","location":"Bridge Street, Muttama","suburb":"Muttama","type":"Building","point_type":155}},{"type":"Feature","geometry":{"type":"Point","coordinates":[148.12306,-35.07233]},"properties":{"name":"Bush Fire Neighbourhood Safer Place","location":"Oibell Drive, Gundagai","suburb":"Gundagai","type":"Open Space","point_type":155}},{"type":"Feature","geometry":{"type":"Point","coordinates":[150.46072,-31.24584]},"properties":{"name":"Bush Fire Neighbourhood Safer Place","location":"Kamilaroi Highway, Breeza","suburb":"Breeza","type":"Open Space","point_type":155}},{"type":"Feature","geometry":{"type":"Point","coordinates":[150.25794,-31.11784]},"properties":{"name":"Bush Fire Neighbourhood Safer Place","location":"Poole Street, Curlewis","suburb":"Curlewis","type":"Open Space","point_type":155}},{"type":"Feature","geometry":{"type":"Point","coordinates":[150.44723,-30.98518]},"properties":{"name":"Bush Fire Neighbourhood Safer Place","location":"David Street, Carroll","suburb":"Carroll","type":"Open Space","point_type":155}},{"type":"Feature","geometry":{"type":"Point","coordinates":[150.24727,-30.98067]},"properties":{"name":"Bush Fire Neighbourhood Safer Place","location":"Oxley Highway, Gunnedah","suburb":"Gunnedah","type":"Open Space","point_type":155}},{"type":"Feature","geometry":{"type":"Point","coordinates":[150.23524,-30.98016]},"properties":{"name":"Bush Fire Neighbourhood Safer Place","location":"Cnr Mullaley Road and Alford Street, Gunnedah","suburb":"Gunnedah","type":"Open Space","point_type":155}},{"type":"Feature","geometry":{"type":"Point","coordinates":[150.50068,-30.85371]},"properties":{"name":"Bush Fire Neighbourhood Safer Place","location":"Fitness Camp Road, Lake Keepit","suburb":"Lake Keepit","type":"Open Space","point_type":155}},{"type":"Feature","geometry":{"type":"Point","coordinates":[151.2105,-29.95407]},"properties":{"name":"Bush Fire Neighbourhood Safer Place","location":"Corner of Ruby Street and Amethyst Street, Tingha","suburb":"Tingha","type":"Open Space","point_type":155}},{"type":"Feature","geometry":{"type":"Point","coordinates":[150.44394,-30.14101]},"properties":{"name":"Bush Fire Neighbourhood Safer Place","location":"Cobbadah Road, Upper Horton","suburb":"Upper Horton","type":"Open Space","point_type":155}},{"type":"Feature","geometry":{"type":"Point","coordinates":[150.78016,-29.99395]},"properties":{"name":"Bush Fire Neighbourhood Safer Place","location":"Copeton Dam Road, Bingara","suburb":"Bingara","type":"Open Space","point_type":155}},{"type":"Feature","geometry":{"type":"Point","coordinates":[150.55551,-29.86724]},"properties":{"name":"Bush Fire Neighbourhood Safer Place","location":"Bowen Street, Bingara","suburb":"Bingara","type":"Open Space","point_type":155}},{"type":"Feature","geometry":{"type":"Point","coordinates":[150.56974,-29.541]},"properties":{"name":"Bush Fire Neighbourhood Safer Place","location":"Holden Street, Warialda","suburb":"Warialda","type":"Open Space","point_type":155}},{"type":"Feature","geometry":{"type":"Point","coordinates":[150.75338,-29.25304]},"properties":{"name":"Bush Fire Neighbourhood Safer Place","location":"Wallangra Road, Coolatai","suburb":"Coolatai","type":"Open Space","point_type":155}},{"type":"Feature","geometry":{"type":"Point","coordinates":[148.32923,-34.82425]},"properties":{"name":"Bush Fire Neighbourhood Safer Place","location":"Riverside Drive, Jugiong","suburb":"Jugiong","type":"Open Space","point_type":155}},{"type":"Feature","geometry":{"type":"Point","coordinates":[148.55817,-34.59621]},"properties":{"name":"Bush Fire Neighbourhood Safer Place","location":"High Street, Galong","suburb":"Galong","type":"Open Space","point_type":155}},{"type":"Feature","geometry":{"type":"Point","coordinates":[148.36798,-34.55608]},"properties":{"name":"Bush Fire Neighbourhood Safer Place","location":"Corner of East & Binalong Street, Harden","suburb":"Harden","type":"Open Space","point_type":155}},{"type":"Feature","geometry":{"type":"Point","coordinates":[148.24596,-34.42995]},"properties":{"name":"Bush Fire Neighbourhood Safer Place","location":"Rose Street, Wombat","suburb":"Wombat","type":"Open Space","point_type":155}},{"type":"Feature","geometry":{"type":"Point","coordinates":[148.3205,-34.443]},"properties":{"name":"Bush Fire Neighbourhood Safer Place","location":"Kingsvale Road, Kingsvale","suburb":"Kingsvale","type":"Building","point_type":155}},{"type":"Feature","geometry":{"type":"Point","coordinates":[152.87403,-31.41852]},"properties":{"name":"Bush Fire Neighbourhood Safer Place","location":"Riverside Drive, North Shore","suburb":"North Shore","type":"Open Space","point_type":155}},{"type":"Feature","geometry":{"type":"Point","coordinates":[152.85634,-31.55077]},"properties":{"name":"Bush Fire Neighbourhood Safer Place","location":"Kalang Street, Lake Cathie","suburb":"Lake Cathie","type":"Open Space","point_type":155}},{"type":"Feature","geometry":{"type":"Point","coordinates":[152.89672,-31.42703]},"properties":{"name":"Bush Fire Neighbourhood Safer Place","location":"Cnr of Park Street & Bay Street, Port Macquarie","suburb":"Port Macquarie","type":"Open Space","point_type":155}},{"type":"Feature","geometry":{"type":"Point","coordinates":[152.70266,-31.63741]},"properties":{"name":"Bush Fire Neighbourhood Safer Place","location":"Batar Creek Road, Kendall","suburb":"Kendall","type":"Open Space","point_type":155}},{"type":"Feature","geometry":{"type":"Point","coordinates":[152.85449,-31.54859]},"properties":{"name":"Bush Fire Neighbourhood Safer Place","location":"Corner of Ocean Drive and Aqua Crescent, Lake Cathie","suburb":"Lake Cathie","type":"Open Space","point_type":155}},{"type":"Feature","geometry":{"type":"Point","coordinates":[152.73422,-31.45947]},"properties":{"name":"Bush Fire Neighbourhood Safer Place","location":"Cameron Street, Wauchope","suburb":"Wauchope","type":"Open Space","point_type":155}},{"type":"Feature","geometry":{"type":"Point","coordinates":[152.90071,-31.40291]},"properties":{"name":"Bush Fire Neighbourhood Safer Place","location":"Corner Kingfisher Court and Shoreline Drive, North Shore","suburb":"North Shore","type":"Open Space","point_type":155}},{"type":"Feature","geometry":{"type":"Point","coordinates":[152.81667,-31.64055]},"properties":{"name":"Bush Fire Neighbourhood Safer Place","location":"The Parade, North Haven","suburb":"North Haven","type":"Open Space","point_type":155}},{"type":"Feature","geometry":{"type":"Point","coordinates":[152.81304,-31.64697]},"properties":{"name":"Bush Fire Neighbourhood Safer Place","location":"The Boulevarde , Dunbogan (Opposite General Store)","suburb":"Dunbogan","type":"Open Space","point_type":155}},{"type":"Feature","geometry":{"type":"Point","coordinates":[152.80153,-31.64792]},"properties":{"name":"Bush Fire Neighbourhood Safer Place","location":"Corner of Tunis Street and Lake Street, Laurieton","suburb":"Laurieton","type":"Open Space","point_type":155}},{"type":"Feature","geometry":{"type":"Point","coordinates":[152.88345,-31.43947]},"properties":{"name":"Bush Fire Neighbourhood Safer Place","location":"Oxley Highway, Port Macquarie","suburb":"Port Macquarie","type":"Open Space","point_type":155}},{"type":"Feature","geometry":{"type":"Point","coordinates":[150.66141,-33.63484]},"properties":{"name":"Bush Fire Neighbourhood Safer Place","location":"Access off Shearwater Crescent, Yarramundi","suburb":"Yarramundi","type":"Open Space","point_type":155}},{"type":"Feature","geometry":{"type":"Point","coordinates":[150.91218,-33.59932]},"properties":{"name":"Bush Fire Neighbourhood Safer Place","location":"Cnr of Boundary Road and Dunns Road, Marayla","suburb":"Marayla","type":"Open Space","point_type":155}},{"type":"Feature","geometry":{"type":"Point","coordinates":[144.88427,-33.8691]},"properties":{"name":"Bush Fire Neighbourhood Safer Place","location":"Lachlan Street, Booligal","suburb":"Booligal","type":"Building","point_type":155}},{"type":"Feature","geometry":{"type":"Point","coordinates":[151.10177,-33.69007]},"properties":{"name":"Bush Fire Neighbourhood Safer Place","location":"Lodge Street, Hornsby","suburb":"Hornsby","type":"Open Space","point_type":155}},{"type":"Feature","geometry":{"type":"Point","coordinates":[151.1062,-33.70718]},"properties":{"name":"Bush Fire Neighbourhood Safer Place","location":"Waitara Avenue, Hornsby","suburb":"Hornsby","type":"Open Space","point_type":155}},{"type":"Feature","geometry":{"type":"Point","coordinates":[151.05049,-33.73802]},"properties":{"name":"Bush Fire Neighbourhood Safer Place","location":"Wilga Street, West Pennant Hills","suburb":"West Pennant Hills","type":"Open Space","point_type":155}},{"type":"Feature","geometry":{"type":"Point","coordinates":[151.04167,-33.73626]},"properties":{"name":"Bush Fire Neighbourhood Safer Place","location":"45 Edward Bennet Drive, Cherrybrook","suburb":"Cherrybrook","type":"Open Space","point_type":155}},{"type":"Feature","geometry":{"type":"Point","coordinates":[151.02861,-33.69619]},"properties":{"name":"Bush Fire Neighbourhood Safer Place","location":"277 New Line Road, Dural (access off Old Northern Road)","suburb":"Dural","type":"Open Space","point_type":155}},{"type":"Feature","geometry":{"type":"Point","coordinates":[151.05026,-33.63891]},"properties":{"name":"Bush Fire Neighbourhood Safer Place","location":"18-20 Bayfield Road, Galston, Galston","suburb":"Galston, Galston","type":"Open Space","point_type":155}},{"type":"Feature","geometry":{"type":"Point","coordinates":[151.06713,-33.77136]},"properties":{"name":"Bush Fire Neighbourhood Safer Place","location":"Ward Street, Epping","suburb":"Epping","type":"Open Space","point_type":155}},{"type":"Feature","geometry":{"type":"Point","coordinates":[151.04878,-33.76458]},"properties":{"name":"Bush Fire Neighbourhood Safer Place","location":"Roselea Way, Beecroft","suburb":"Beecroft","type":"Open Space","point_type":155}},{"type":"Feature","geometry":{"type":"Point","coordinates":[151.12094,-29.78512]},"properties":{"name":"Bush Fire Neighbourhood Safer Place","location":"Tingha Road, Inverell","suburb":"Inverell","type":"Open Space","point_type":155}},{"type":"Feature","geometry":{"type":"Point","coordinates":[151.09372,-29.3254]},"properties":{"name":"Bush Fire Neighbourhood Safer Place","location":"Albury Street, Ashford","suburb":"Ashford","type":"Open Space","point_type":155}},{"type":"Feature","geometry":{"type":"Point","coordinates":[145.72877,-35.35887]},"properties":{"name":"Bush Fire Neighbourhood Safer Place","location":"Corner of Bolton Street and Mahonga Street, Jerilderie","suburb":"Jerilderie","type":"Open Space","point_type":155}},{"type":"Feature","geometry":{"type":"Point","coordinates":[145.96041,-35.00521]},"properties":{"name":"Bush Fire Neighbourhood Safer Place","location":"1334 Gilbert Road, Coleambally","suburb":"Coleambally","type":"Building","point_type":155}},{"type":"Feature","geometry":{"type":"Point","coordinates":[147.58466,-34.8683]},"properties":{"name":"Bush Fire Neighbourhood Safer Place","location":"Main Street, Junee","suburb":"Junee","type":"Open Space","point_type":155}},{"type":"Feature","geometry":{"type":"Point","coordinates":[152.97793,-31.18934]},"properties":{"name":"Bush Fire Neighbourhood Safer Place","location":"Rankine Street, Crescent Head","suburb":"Crescent Head","type":"Building","point_type":155}},{"type":"Feature","geometry":{"type":"Point","coordinates":[152.83001,-31.07306]},"properties":{"name":"Bush Fire Neighbourhood Safer Place","location":"Sea Street, West Kempsey","suburb":"West Kempsey","type":"Open Space","point_type":155}},{"type":"Feature","geometry":{"type":"Point","coordinates":[152.62669,-30.93163]},"properties":{"name":"Bush Fire Neighbourhood Safer Place","location":"Armidale Road, Willawarrin","suburb":"Willawarrin","type":"Open Space","point_type":155}},{"type":"Feature","geometry":{"type":"Point","coordinates":[153.04665,-30.88938]},"properties":{"name":"Bush Fire Neighbourhood Safer Place","location":"2 Sportsmans Way, South West Rocks","suburb":"South West Rocks","type":"Building","point_type":155}},{"type":"Feature","geometry":{"type":"Point","coordinates":[153.05271,-31.05542]},"properties":{"name":"Bush Fire Neighbourhood Safer Place","location":"Reserve Road, Hat Head","suburb":"Hat Head","type":"Building","point_type":155}},{"type":"Feature","geometry":{"type":"Point","coordinates":[152.95365,-31.02719]},"properties":{"name":"Bush Fire Neighbourhood Safer Place","location":"Barnard Street, Gladstone","suburb":"Gladstone","type":"Open Space","point_type":155}},{"type":"Feature","geometry":{"type":"Point","coordinates":[152.99192,-30.81954]},"properties":{"name":"Bush Fire Neighbourhood Safer Place","location":"Banksia Street, Stuarts Point","suburb":"Stuarts Point","type":"Open Space","point_type":155}},{"type":"Feature","geometry":{"type":"Point","coordinates":[150.8148,-34.76757]},"properties":{"name":"Bush Fire Neighbourhood Safer Place","location":"Crooked River Road, Gerroa","suburb":"Gerroa","type":"Open Space","point_type":155}},{"type":"Feature","geometry":{"type":"Point","coordinates":[150.7696,-34.72043]},"properties":{"name":"Bush Fire Neighbourhood Safer Place","location":"205 Foxground Road, Foxground","suburb":"Foxground","type":"Building","point_type":155}},{"type":"Feature","geometry":{"type":"Point","coordinates":[151.13565,-33.71214]},"properties":{"name":"Bush Fire Neighbourhood Safer Place","location":"Westbrook Avenue & Kintore Street, Wahroonga","suburb":"Wahroonga","type":"Open Space","point_type":155}},{"type":"Feature","geometry":{"type":"Point","coordinates":[151.13143,-33.7261]},"properties":{"name":"Bush Fire Neighbourhood Safer Place","location":"Karuah Road, Turramurra","suburb":"Turramurra","type":"Open Space","point_type":155}},{"type":"Feature","geometry":{"type":"Point","coordinates":[151.14561,-33.72218]},"properties":{"name":"Bush Fire Neighbourhood Safer Place","location":"3 Kent Road, North Turramurra","suburb":"North Turramurra","type":"Open Space","point_type":155}},{"type":"Feature","geometry":{"type":"Point","coordinates":[151.16006,-33.72841]},"properties":{"name":"Bush Fire Neighbourhood Safer Place","location":"Memorial Avenue, St Ives","suburb":"St Ives","type":"Open Space","point_type":155}},{"type":"Feature","geometry":{"type":"Point","coordinates":[151.14189,-33.74323]},"properties":{"name":"Bush Fire Neighbourhood Safer Place","location":"Alma Street, Pymble","suburb":"Pymble","type":"Open Space","point_type":155}},{"type":"Feature","geometry":{"type":"Point","coordinates":[151.15714,-33.76535]},"properties":{"name":"Bush Fire Neighbourhood Safer Place","location":"20 Lorne Avenue, Killara","suburb":"Killara","type":"Open Space","point_type":155}},{"type":"Feature","geometry":{"type":"Point","coordinates":[151.18109,-33.77732]},"properties":{"name":"Bush Fire Neighbourhood Safer Place","location":"60A Clanville Road, Roseville","suburb":"Roseville","type":"Open Space","point_type":155}},{"type":"Feature","geometry":{"type":"Point","coordinates":[152.56729,-28.89138]},"properties":{"name":"Bush Fire Neighbourhood Safer Place","location":"Court Street, Tabulam","suburb":"Tabulam","type":"Open Space","point_type":155}},{"type":"Feature","geometry":{"type":"Point","coordinates":[151.58166,-32.90284]},"properties":{"name":"Bush Fire Neighbourhood Safer Place","location":"70 Carrington Street, West Wallsend","suburb":"West Wallsend","type":"Open Space","point_type":155}},{"type":"Feature","geometry":{"type":"Point","coordinates":[151.61995,-32.91957]},"properties":{"name":"Bush Fire Neighbourhood Safer Place","location":"17 Country Grove Drive, Cameron Park","suburb":"Cameron Park","type":"Open Space","point_type":155}},{"type":"Feature","geometry":{"type":"Point","coordinates":[151.63987,-32.9288]},"properties":{"name":"Bush Fire Neighbourhood Safer Place","location":"524 - 534 Main Road, Glendale","suburb":"Glendale","type":"Open Space","point_type":155}},{"type":"Feature","geometry":{"type":"Point","coordinates":[151.6437,-32.97252]},"properties":{"name":"Bush Fire Neighbourhood Safer Place","location":"John Street, Warners Bay","suburb":"Warners Bay","type":"Open Space","point_type":155}},{"type":"Feature","geometry":{"type":"Point","coordinates":[151.67773,-33.0203]},"properties":{"name":"Bush Fire Neighbourhood Safer Place","location":"49 Luskin Road, Belmont North","suburb":"Belmont North","type":"Open Space","point_type":155}},{"type":"Feature","geometry":{"type":"Point","coordinates":[151.65441,-33.04906]},"properties":{"name":"Bush Fire Neighbourhood Safer Place","location":"690A Pacific Highway, Belmont South","suburb":"Belmont South","type":"Open Space","point_type":155}},{"type":"Feature","geometry":{"type":"Point","coordinates":[151.587,-33.0617]},"properties":{"name":"Bush Fire Neighbourhood Safer Place","location":"39A Alexander Parade, Arcadia Vale","suburb":"Arcadia Vale","type":"Open Space","point_type":155}},{"type":"Feature","geometry":{"type":"Point","coordinates":[151.59367,-33.04497]},"properties":{"name":"Bush Fire Neighbourhood Safer Place","location":"Cnr of Fishing Point Road and The Circlet, Rathmines","suburb":"Rathmines","type":"Open Space","point_type":155}},{"type":"Feature","geometry":{"type":"Point","coordinates":[151.59657,-32.99481]},"properties":{"name":"Bush Fire Neighbourhood Safer Place","location":"38 Margaret Street, Fennell Bay","suburb":"Fennell Bay","type":"Open Space","point_type":155}},{"type":"Feature","geometry":{"type":"Point","coordinates":[151.1834,-33.8341]},"properties":{"name":"Bush Fire Neighbourhood Safer Place","location":"Bay Street, Greenwich","suburb":"Greenwich","type":"Open Space","point_type":155}},{"type":"Feature","geometry":{"type":"Point","coordinates":[151.17343,-33.82765]},"properties":{"name":"Bush Fire Neighbourhood Safer Place","location":"Kelly's Esplanade, Longueville","suburb":"Longueville","type":"Open Space","point_type":155}},{"type":"Feature","geometry":{"type":"Point","coordinates":[151.17223,-33.81427]},"properties":{"name":"Bush Fire Neighbourhood Safer Place","location":"Phoenix Street, Lane Cove","suburb":"Lane Cove","type":"Open Space","point_type":155}},{"type":"Feature","geometry":{"type":"Point","coordinates":[151.16683,-33.8306]},"properties":{"name":"Bush Fire Neighbourhood Safer Place","location":"Kenneth Street, Longueville","suburb":"Longueville","type":"Open Space","point_type":155}},{"type":"Feature","geometry":{"type":"Point","coordinates":[151.15056,-33.82413]},"properties":{"name":"Bush Fire Neighbourhood Safer Place","location":"348 Burns Bay Road, Lane Cove","suburb":"Lane Cove","type":"Open Space","point_type":155}},{"type":"Feature","geometry":{"type":"Point","coordinates":[151.16446,-33.82091]},"properties":{"name":"Bush Fire Neighbourhood Safer Place","location":"61 Tambourine Bay Road, Riverview","suburb":"Riverview","type":"Open Space","point_type":155}},{"type":"Feature","geometry":{"type":"Point","coordinates":[146.40879,-34.6076]},"properties":{"name":"Bush Fire Neighbourhood Safer Place","location":"Intersection of Euroley Road and Irrigation Way, Yanco","suburb":"Yanco","type":"Open Space","point_type":155}},{"type":"Feature","geometry":{"type":"Point","coordinates":[146.57352,-34.28889]},"properties":{"name":"Bush Fire Neighbourhood Safer Place","location":"Mulga Street, Barellan","suburb":"Barellan","type":"Open Space","point_type":155}},{"type":"Feature","geometry":{"type":"Point","coordinates":[153.225,-28.69215]},"properties":{"name":"Bush Fire Neighbourhood Safer Place","location":"Koonorigan Road (near Nimbin Road), Koonorigan","suburb":"Koonorigan","type":"Building","point_type":155}},{"type":"Feature","geometry":{"type":"Point","coordinates":[153.27335,-28.79579]},"properties":{"name":"Bush Fire Neighbourhood Safer Place","location":"109 Alexandra Parade, North Lismore","suburb":"North Lismore","type":"Building","point_type":155}},{"type":"Feature","geometry":{"type":"Point","coordinates":[153.32056,-28.68298]},"properties":{"name":"Bush Fire Neighbourhood Safer Place","location":"15 Cowley Road, Dunoon","suburb":"Dunoon","type":"Building","point_type":155}},{"type":"Feature","geometry":{"type":"Point","coordinates":[149.90883,-33.52461]},"properties":{"name":"Bush Fire Neighbourhood Safer Place","location":"Cnr of Sodwalls Road and Diamond Swamp Road, Tarana","suburb":"Tarana","type":"Building","point_type":155}},{"type":"Feature","geometry":{"type":"Point","coordinates":[149.97638,-33.35476]},"properties":{"name":"Bush Fire Neighbourhood Safer Place","location":"Cnr of Lime Street and Villiers Street, Portland","suburb":"Portland","type":"Open Space","point_type":155}},{"type":"Feature","geometry":{"type":"Point","coordinates":[150.11444,-33.44368]},"properties":{"name":"Bush Fire Neighbourhood Safer Place","location":"501 Great Western Highway, Marrangarroo","suburb":"Marrangarroo","type":"Building","point_type":155}},{"type":"Feature","geometry":{"type":"Point","coordinates":[150.03195,-33.48374]},"properties":{"name":"Bush Fire Neighbourhood Safer Place","location":"Bathurst Street, Rydal","suburb":"Rydal","type":"Open Space","point_type":155}},{"type":"Feature","geometry":{"type":"Point","coordinates":[150.14258,-33.48142]},"properties":{"name":"Bush Fire Neighbourhood Safer Place","location":"Barton Street, Lithgow","suburb":"Lithgow","type":"Open Space","point_type":155}},{"type":"Feature","geometry":{"type":"Point","coordinates":[150.21502,-33.04041]},"properties":{"name":"Bush Fire Neighbourhood Safer Place","location":"Jamison Street, Glen Alice","suburb":"Glen Alice","type":"Building","point_type":155}},{"type":"Feature","geometry":{"type":"Point","coordinates":[150.93977,-33.96008]},"properties":{"name":"Bush Fire Neighbourhood Safer Place","location":"Australis Avenue, Wattle Grove","suburb":"Wattle Grove","type":"Open Space","point_type":155}},{"type":"Feature","geometry":{"type":"Point","coordinates":[150.89797,-33.94758]},"properties":{"name":"Bush Fire Neighbourhood Safer Place","location":"Ingham Drive, Casula","suburb":"Casula","type":"Open Space","point_type":155}},{"type":"Feature","geometry":{"type":"Point","coordinates":[150.72661,-33.93882]},"properties":{"name":"Bush Fire Neighbourhood Safer Place","location":"Greendale Road (near Hutchinson Road), Bringelly","suburb":"Bringelly","type":"Open Space","point_type":155}},{"type":"Feature","geometry":{"type":"Point","coordinates":[150.80842,-33.94796]},"properties":{"name":"Bush Fire Neighbourhood Safer Place","location":"Corner Edmonson Avenue and Fifth Avenue, Austral","suburb":"Austral","type":"Open Space","point_type":155}},{"type":"Feature","geometry":{"type":"Point","coordinates":[150.80748,-33.92894]},"properties":{"name":"Bush Fire Neighbourhood Safer Place","location":"Corner of Fourth Avenue and Eleventh Avenue, Austral","suburb":"Austral","type":"Open Space","point_type":155}},{"type":"Feature","geometry":{"type":"Point","coordinates":[150.95466,-33.95371]},"properties":{"name":"Bush Fire Neighbourhood Safer Place","location":"Heathcoate Road, Hammondville","suburb":"Hammondville","type":"Open Space","point_type":155}},{"type":"Feature","geometry":{"type":"Point","coordinates":[150.67589,-31.51759]},"properties":{"name":"Bush Fire Neighbourhood Safer Place","location":"Loder Street, Quirindi","suburb":"Quirindi","type":"Open Space","point_type":155}},{"type":"Feature","geometry":{"type":"Point","coordinates":[150.65407,-31.51368]},"properties":{"name":"Bush Fire Neighbourhood Safer Place","location":"Cnr of Borambil Road & Kamilaroi Hwy, Quirindi","suburb":"Quirindi","type":"Open Space","point_type":155}},{"type":"Feature","geometry":{"type":"Point","coordinates":[150.68488,-31.50991]},"properties":{"name":"Bush Fire Neighbourhood Safer Place","location":"Henry Street, Quirindi","suburb":"Quirindi","type":"Open Space","point_type":155}},{"type":"Feature","geometry":{"type":"Point","coordinates":[150.73958,-31.26128]},"properties":{"name":"Bush Fire Neighbourhood Safer Place","location":"Alford Street, Currububula","suburb":"Currububula","type":"Open Space","point_type":155}},{"type":"Feature","geometry":{"type":"Point","coordinates":[150.43275,-31.40052]},"properties":{"name":"Bush Fire Neighbourhood Safer Place","location":"Adjacent to Mooki River Bridge, Coonabarabran Road, Caroona","suburb":"Caroona","type":"Open Space","point_type":155}},{"type":"Feature","geometry":{"type":"Point","coordinates":[150.24942,-31.39442]},"properties":{"name":"Bush Fire Neighbourhood Safer Place","location":"1 Darby Road, Spring Ridge","suburb":"Spring Ridge","type":"Building","point_type":155}},{"type":"Feature","geometry":{"type":"Point","coordinates":[151.56269,-32.73641]},"properties":{"name":"Bush Fire Neighbourhood Safer Place","location":"Cnr James Street & Odd Street, Horseshoe Bend","suburb":"Horseshoe Bend","type":"Open Space","point_type":155}},{"type":"Feature","geometry":{"type":"Point","coordinates":[151.25257,-33.80623]},"properties":{"name":"Bush Fire Neighbourhood Safer Place","location":"Sandy Bay, Clontarf","suburb":"Clontarf","type":"Open Space","point_type":155}},{"type":"Feature","geometry":{"type":"Point","coordinates":[151.28862,-33.79779]},"properties":{"name":"Bush Fire Neighbourhood Safer Place","location":"South Steyne, Manly","suburb":"Manly","type":"Open Space","point_type":155}},{"type":"Feature","geometry":{"type":"Point","coordinates":[151.25561,-33.79498]},"properties":{"name":"Bush Fire Neighbourhood Safer Place","location":"Sydney Road, Balgowlah","suburb":"Balgowlah","type":"Open Space","point_type":155}},{"type":"Feature","geometry":{"type":"Point","coordinates":[151.26884,-33.78921]},"properties":{"name":"Bush Fire Neighbourhood Safer Place","location":"Quirk Road, Manly West","suburb":"Manly West","type":"Open Space","point_type":155}},{"type":"Feature","geometry":{"type":"Point","coordinates":[151.28719,-33.80653]},"properties":{"name":"Bush Fire Neighbourhood Safer Place","location":"Stuart Street, Little Manly","suburb":"Little Manly","type":"Open Space","point_type":155}},{"type":"Feature","geometry":{"type":"Point","coordinates":[149.96997,-32.79671]},"properties":{"name":"Bush Fire Neighbourhood Safer Place","location":"21 Cudgegong Street, Rylstone","suburb":"Rylstone","type":"Open Space","point_type":155}},{"type":"Feature","geometry":{"type":"Point","coordinates":[149.6508,-32.68682]},"properties":{"name":"Bush Fire Neighbourhood Safer Place","location":"2 Horse Flat Lane, Mullamuddy","suburb":"Mullamuddy","type":"Open Space","point_type":155}},{"type":"Feature","geometry":{"type":"Point","coordinates":[149.84627,-32.65634]},"properties":{"name":"Bush Fire Neighbourhood Safer Place","location":"Swanston Street, Lue (Opposite 31 Swanston Street)","suburb":"Lue","type":"Open Space","point_type":155}},{"type":"Feature","geometry":{"type":"Point","coordinates":[149.7541,-32.45208]},"properties":{"name":"Bush Fire Neighbourhood Safer Place","location":"1357 Wollar Road, Cooyal","suburb":"Cooyal","type":"Open Space","point_type":155}},{"type":"Feature","geometry":{"type":"Point","coordinates":[149.27643,-32.37518]},"properties":{"name":"Bush Fire Neighbourhood Safer Place","location":"2907 Goolma Road, Goolma","suburb":"Goolma","type":"Open Space","point_type":155}},{"type":"Feature","geometry":{"type":"Point","coordinates":[149.53863,-32.35772]},"properties":{"name":"Bush Fire Neighbourhood Safer Place","location":"7 - 19 Nandoura Street, Gulgong","suburb":"Gulgong","type":"Open Space","point_type":155}},{"type":"Feature","geometry":{"type":"Point","coordinates":[149.97033,-32.86282]},"properties":{"name":"Bush Fire Neighbourhood Safer Place","location":"79 Cooper Drive, Kandos","suburb":"Kandos","type":"Open Space","point_type":155}},{"type":"Feature","geometry":{"type":"Point","coordinates":[144.59454,-35.78143]},"properties":{"name":"Bush Fire Neighbourhood Safer Place","location":"Fitzroy Road, Bunnaloo","suburb":"Bunnaloo","type":"Open Space","point_type":155}},{"type":"Feature","geometry":{"type":"Point","coordinates":[144.74606,-36.10414]},"properties":{"name":"Bush Fire Neighbourhood Safer Place","location":"Perricoota Road, Moama","suburb":"Moama","type":"Open Space","point_type":155}},{"type":"Feature","geometry":{"type":"Point","coordinates":[144.89534,-35.81507]},"properties":{"name":"Bush Fire Neighbourhood Safer Place","location":"Corner of Morris Street and Forest Street, Mathoura","suburb":"Mathoura","type":"Open Space","point_type":155}},{"type":"Feature","geometry":{"type":"Point","coordinates":[150.6661,-32.45873]},"properties":{"name":"Bush Fire Neighbourhood Safer Place","location":"670 Martindale Road, Martindale","suburb":"Martindale","type":"Building","point_type":155}},{"type":"Feature","geometry":{"type":"Point","coordinates":[150.46649,-32.38633]},"properties":{"name":"Bush Fire Neighbourhood Safer Place","location":"1361 Bylong Valley Way, Baerami","suburb":"Baerami","type":"Building","point_type":155}},{"type":"Feature","geometry":{"type":"Point","coordinates":[152.92675,-30.70967]},"properties":{"name":"Bush Fire Neighbourhood Safer Place","location":"Dudley Street, Macksville","suburb":"Macksville","type":"Open Space","point_type":155}},{"type":"Feature","geometry":{"type":"Point","coordinates":[152.95038,-30.59008]},"properties":{"name":"Bush Fire Neighbourhood Safer Place","location":"451 Valla Road, Valla","suburb":"Valla","type":"Building","point_type":155}},{"type":"Feature","geometry":{"type":"Point","coordinates":[152.82915,-30.73849]},"properties":{"name":"Bush Fire Neighbourhood Safer Place","location":"1029 Taylors Arm Road, Utungun","suburb":"Utungun","type":"Building","point_type":155}},{"type":"Feature","geometry":{"type":"Point","coordinates":[152.71676,-30.76781]},"properties":{"name":"Bush Fire Neighbourhood Safer Place","location":"Cnr Northbank Road and Taylors Arm Road, Taylors Arm","suburb":"Taylors Arm","type":"Open Space","point_type":155}},{"type":"Feature","geometry":{"type":"Point","coordinates":[152.99283,-30.74576]},"properties":{"name":"Bush Fire Neighbourhood Safer Place","location":"West Street, Scotts Head","suburb":"Scotts Head","type":"Building","point_type":155}},{"type":"Feature","geometry":{"type":"Point","coordinates":[152.98752,-30.65425]},"properties":{"name":"Bush Fire Neighbourhood Safer Place","location":"2191 Giinagay Way Nambucca Heads","suburb":"Nambucca Heads","type":"Building","point_type":155}},{"type":"Feature","geometry":{"type":"Point","coordinates":[149.95303,-30.59816]},"properties":{"name":"Bush Fire Neighbourhood Safer Place","location":"Baranbah Street, Baan Baa","suburb":"Baan Baa","type":"Building","point_type":155}},{"type":"Feature","geometry":{"type":"Point","coordinates":[149.93118,-30.3399]},"properties":{"name":"Bush Fire Neighbourhood Safer Place","location":"370 Eulah Creek Road, Eulah Creek","suburb":"Eulah Creek","type":"Building","point_type":155}},{"type":"Feature","geometry":{"type":"Point","coordinates":[149.76341,-30.33475]},"properties":{"name":"Bush Fire Neighbourhood Safer Place","location":"Wukawa Street, Narrabri","suburb":"Narrabri","type":"Open Space","point_type":155}},{"type":"Feature","geometry":{"type":"Point","coordinates":[146.55023,-34.74599]},"properties":{"name":"Bush Fire Neighbourhood Safer Place","location":"Cnr Cadell Street and Twynam Street, Narrandera","suburb":"Narrandera","type":"Open Space","point_type":155}},{"type":"Feature","geometry":{"type":"Point","coordinates":[148.22169,-32.56755]},"properties":{"name":"Bush Fire Neighbourhood Safer Place","location":"Newell Highway, Tomingley","suburb":"Tomingley","type":"Building","point_type":155}},{"type":"Feature","geometry":{"type":"Point","coordinates":[148.24463,-32.2268]},"properties":{"name":"Bush Fire Neighbourhood Safer Place","location":"Culling Street, Narromine","suburb":"Narromine","type":"Open Space","point_type":155}},{"type":"Feature","geometry":{"type":"Point","coordinates":[147.97595,-32.03235]},"properties":{"name":"Bush Fire Neighbourhood Safer Place","location":"Cnr Goan & Harris Street, Trangie","suburb":"Trangie","type":"Open Space","point_type":155}},{"type":"Feature","geometry":{"type":"Point","coordinates":[147.95236,-31.98511]},"properties":{"name":"Bush Fire Neighbourhood Safer Place","location":"Mitchell Highway, Trangie","suburb":"Trangie","type":"Open Space","point_type":155}},{"type":"Feature","geometry":{"type":"Point","coordinates":[151.66931,-32.89505]},"properties":{"name":"Bush Fire Neighbourhood Safer Place","location":"6 Frances Street, Wallsend","suburb":"Wallsend","type":"Open Space","point_type":155}},{"type":"Feature","geometry":{"type":"Point","coordinates":[151.70856,-32.93178]},"properties":{"name":"Bush Fire Neighbourhood Safer Place","location":"24 Orchardtown Road, New Lambton","suburb":"New Lambton","type":"Open Space","point_type":155}},{"type":"Feature","geometry":{"type":"Point","coordinates":[151.75535,-32.94295]},"properties":{"name":"Bush Fire Neighbourhood Safer Place","location":"Mitchell Street, Merewether","suburb":"Merewether","type":"Open Space","point_type":155}},{"type":"Feature","geometry":{"type":"Point","coordinates":[151.71231,-32.91629]},"properties":{"name":"Bush Fire Neighbourhood Safer Place","location":"102 Durham Road, Lambton","suburb":"Lambton","type":"Open Space","point_type":155}},{"type":"Feature","geometry":{"type":"Point","coordinates":[151.67375,-32.91698]},"properties":{"name":"Bush Fire Neighbourhood Safer Place","location":"125A Croudace Road, Elermore Vale (at rear of Elermore Vale Shopping Centre)","suburb":"Elermore Vale","type":"Open Space","point_type":155}},{"type":"Feature","geometry":{"type":"Point","coordinates":[151.68829,-32.90068]},"properties":{"name":"Bush Fire Neighbourhood Safer Place","location":"48 Mordue Parade, Jesmond","suburb":"Jesmond","type":"Open Space","point_type":155}},{"type":"Feature","geometry":{"type":"Point","coordinates":[151.75681,-32.94731]},"properties":{"name":"Bush Fire Neighbourhood Safer Place","location":"Watkin Street","suburb":"Merewether","type":"Open Space","point_type":155}},{"type":"Feature","geometry":{"type":"Point","coordinates":[151.64552,-32.80015]},"properties":{"name":"Bush Fire Neighbourhood Safer Place","location":"261 - 265 Anderson Drive, Beresfield","suburb":"Beresfield","type":"Open Space","point_type":155}},{"type":"Feature","geometry":{"type":"Point","coordinates":[149.74456,-33.84324]},"properties":{"name":"Bush Fire Neighbourhood Safer Place","location":"Reserve Avenue, Black Springs","suburb":"Black Springs","type":"Open Space","point_type":155}},{"type":"Feature","geometry":{"type":"Point","coordinates":[149.85568,-33.69981]},"properties":{"name":"Bush Fire Neighbourhood Safer Place","location":"North Street, Oberon","suburb":"Oberon","type":"Open Space","point_type":155}},{"type":"Feature","geometry":{"type":"Point","coordinates":[149.52939,-33.94331]},"properties":{"name":"Bush Fire Neighbourhood Safer Place","location":"Tuena Street, Burraga","suburb":"Burraga","type":"Open Space","point_type":155}},{"type":"Feature","geometry":{"type":"Point","coordinates":[149.10038,-33.30971]},"properties":{"name":"Bush Fire Neighbourhood Safer Place","location":"Huntley Road, Orange","suburb":"Orange","type":"Open Space","point_type":155}},{"type":"Feature","geometry":{"type":"Point","coordinates":[149.15242,-33.39853]},"properties":{"name":"Bush Fire Neighbourhood Safer Place","location":"Seaton Street, Spring Hill","suburb":"Spring Hill","type":"Building","point_type":155}},{"type":"Feature","geometry":{"type":"Point","coordinates":[149.11937,-33.28301]},"properties":{"name":"Bush Fire Neighbourhood Safer Place","location":"Seymour Street, Orange","suburb":"Orange","type":"Building","point_type":155}},{"type":"Feature","geometry":{"type":"Point","coordinates":[149.11183,-33.27045]},"properties":{"name":"Bush Fire Neighbourhood Safer Place","location":"Leeds Parade, Orange","suburb":"Orange","type":"Building","point_type":155}},{"type":"Feature","geometry":{"type":"Point","coordinates":[147.70803,-32.92262]},"properties":{"name":"Bush Fire Neighbourhood Safer Place","location":"Cnr Parkes and Gobondery Streets, Trundle","suburb":"Trundle","type":"Open Space","point_type":155}},{"type":"Feature","geometry":{"type":"Point","coordinates":[148.18723,-32.72702]},"properties":{"name":"Bush Fire Neighbourhood Safer Place","location":"Corner Boori Street and Bogan Street, Peak Hill","suburb":"Peak Hill","type":"Open Space","point_type":155}},{"type":"Feature","geometry":{"type":"Point","coordinates":[147.56442,-32.63378]},"properties":{"name":"Bush Fire Neighbourhood Safer Place","location":"Cnr Cardigan and Anderson Street, Tullamore","suburb":"Tullamore","type":"Open Space","point_type":155}},{"type":"Feature","geometry":{"type":"Point","coordinates":[150.68958,-33.79588]},"properties":{"name":"Bush Fire Neighbourhood Safer Place","location":"Corner of Westerly Way and Glengarry Drive, Glenmore Park","suburb":"Glenmore Park","type":"Open Space","point_type":155}},{"type":"Feature","geometry":{"type":"Point","coordinates":[150.67007,-33.78862]},"properties":{"name":"Bush Fire Neighbourhood Safer Place","location":"Town Terrace, Glenmore Park","suburb":"Glenmore Park","type":"Open Space","point_type":155}},{"type":"Feature","geometry":{"type":"Point","coordinates":[150.64836,-33.76714]},"properties":{"name":"Bush Fire Neighbourhood Safer Place","location":"Leonay Parade, Leonay","suburb":"Leonay","type":"Open Space","point_type":155}},{"type":"Feature","geometry":{"type":"Point","coordinates":[150.73315,-33.7433]},"properties":{"name":"Bush Fire Neighbourhood Safer Place","location":"Brookfield Avenue (near Barley Glen), Werrington Downs","suburb":"Werrington Downs","type":"Open Space","point_type":155}},{"type":"Feature","geometry":{"type":"Point","coordinates":[150.6777,-33.66976]},"properties":{"name":"Bush Fire Neighbourhood Safer Place","location":"Castle Street, Castlereagh","suburb":"Castlereagh","type":"Open Space","point_type":155}},{"type":"Feature","geometry":{"type":"Point","coordinates":[150.64174,-33.86585]},"properties":{"name":"Bush Fire Neighbourhood Safer Place","location":"Park Road, Wallacia","suburb":"Wallacia","type":"Open Space","point_type":155}},{"type":"Feature","geometry":{"type":"Point","coordinates":[150.68778,-33.87456]},"properties":{"name":"Bush Fire Neighbourhood Safer Place","location":"Campbell Street, Luddenham","suburb":"Luddenham","type":"Open Space","point_type":155}},{"type":"Feature","geometry":{"type":"Point","coordinates":[150.6514,-33.83657]},"properties":{"name":"Bush Fire Neighbourhood Safer Place","location":"Cnr Mulga Road and Littlefields Road, Mulgoa","suburb":"Mulgoa","type":"Open Space","point_type":155}},{"type":"Feature","geometry":{"type":"Point","coordinates":[150.65326,-33.79831]},"properties":{"name":"Bush Fire Neighbourhood Safer Place","location":"Mulgoa Road, Mulgoa","suburb":"Mulgoa","type":"Open Space","point_type":155}},{"type":"Feature","geometry":{"type":"Point","coordinates":[150.6768,-33.79445]},"properties":{"name":"Bush Fire Neighbourhood Safer Place","location":"Cnr of Ridgetop Drive and Shearwater Drive, Glenmore Park","suburb":"Glenmore Park","type":"Open Space","point_type":155}},{"type":"Feature","geometry":{"type":"Point","coordinates":[150.66681,-33.79412]},"properties":{"name":"Bush Fire Neighbourhood Safer Place","location":"Oriole Street, Glenmore Park","suburb":"Glenmore Park","type":"Open Space","point_type":155}},{"type":"Feature","geometry":{"type":"Point","coordinates":[150.66556,-33.77871]},"properties":{"name":"Bush Fire Neighbourhood Safer Place","location":"Glenmore Parkway (near Floribunda Avenue), Glenmore Park","suburb":"Glenmore Park","type":"Open Space","point_type":155}},{"type":"Feature","geometry":{"type":"Point","coordinates":[150.64639,-33.74374]},"properties":{"name":"Bush Fire Neighbourhood Safer Place","location":"Corner of Glen Road and Outlook Avenue, Emu Heights","suburb":"Emu Heights","type":"Open Space","point_type":155}},{"type":"Feature","geometry":{"type":"Point","coordinates":[150.74624,-33.74187]},"properties":{"name":"Bush Fire Neighbourhood Safer Place","location":"John Batman Ave, Werrington County","suburb":"Werrington County","type":"Open Space","point_type":155}},{"type":"Feature","geometry":{"type":"Point","coordinates":[150.64955,-33.73836]},"properties":{"name":"Bush Fire Neighbourhood Safer Place","location":"Cnr of Wedmore Road & Litton Street, Emu Heights","suburb":"Emu Heights","type":"Open Space","point_type":155}},{"type":"Feature","geometry":{"type":"Point","coordinates":[150.72006,-33.70902]},"properties":{"name":"Bush Fire Neighbourhood Safer Place","location":"Andromeda Drive, Cranebrook","suburb":"Cranebrook","type":"Open Space","point_type":155}},{"type":"Feature","geometry":{"type":"Point","coordinates":[150.74788,-33.70754]},"properties":{"name":"Bush Fire Neighbourhood Safer Place","location":"Seventh Avenue, Llandilo","suburb":"Llandilo","type":"Open Space","point_type":155}},{"type":"Feature","geometry":{"type":"Point","coordinates":[150.78113,-33.67703]},"properties":{"name":"Bush Fire Neighbourhood Safer Place","location":"Sixth Road, Berkshire Park","suburb":"Berkshire Park","type":"Open Space","point_type":155}},{"type":"Feature","geometry":{"type":"Point","coordinates":[150.73768,-33.6455]},"properties":{"name":"Bush Fire Neighbourhood Safer Place","location":"Carrington Road, Londonderry","suburb":"Londonderry","type":"Open Space","point_type":155}},{"type":"Feature","geometry":{"type":"Point","coordinates":[151.29687,-33.69946]},"properties":{"name":"Bush Fire Neighbourhood Safer Place","location":"Namona Street, Mona Vale","suburb":"Mona Vale","type":"Building","point_type":155}},{"type":"Feature","geometry":{"type":"Point","coordinates":[151.29966,-33.69717]},"properties":{"name":"Bush Fire Neighbourhood Safer Place","location":"4 Jacksons Road, Warriewood","suburb":"Warriewood","type":"Building","point_type":155}},{"type":"Feature","geometry":{"type":"Point","coordinates":[151.30397,-33.69691]},"properties":{"name":"Bush Fire Neighbourhood Safer Place","location":"1472 Pittwater Road, Warriewood","suburb":"Warriewood","type":"Building","point_type":155}},{"type":"Feature","geometry":{"type":"Point","coordinates":[151.30934,-33.6794]},"properties":{"name":"Bush Fire Neighbourhood Safer Place","location":"Golf Avenue, Mona Vale","suburb":"Mona Vale","type":"Building","point_type":155}},{"type":"Feature","geometry":{"type":"Point","coordinates":[151.29331,-33.67809]},"properties":{"name":"Bush Fire Neighbourhood Safer Place","location":"82 Mona Vale Road, Mona Vale","suburb":"Mona Vale","type":"Building","point_type":155}},{"type":"Feature","geometry":{"type":"Point","coordinates":[151.30356,-33.67895]},"properties":{"name":"Bush Fire Neighbourhood Safer Place","location":"1610 Pittwater Road, Mona Vale","suburb":"Mona Vale","type":"Building","point_type":155}},{"type":"Feature","geometry":{"type":"Point","coordinates":[151.30392,-33.67638]},"properties":{"name":"Bush Fire Neighbourhood Safer Place","location":"1606 Pittwater Road, Mona Vale","suburb":"Mona Vale","type":"Building","point_type":155}},{"type":"Feature","geometry":{"type":"Point","coordinates":[151.3055,-33.67599]},"properties":{"name":"Bush Fire Neighbourhood Safer Place","location":"10 Park Street, Mona Vale","suburb":"Mona Vale","type":"Building","point_type":155}},{"type":"Feature","geometry":{"type":"Point","coordinates":[151.30104,-33.67121]},"properties":{"name":"Bush Fire Neighbourhood Safer Place","location":"1825 Pittwater Road, Bayview","suburb":"Bayview","type":"Building","point_type":155}},{"type":"Feature","geometry":{"type":"Point","coordinates":[151.309,-33.66028]},"properties":{"name":"Bush Fire Neighbourhood Safer Place","location":"Kalinya Street, Newport","suburb":"Newport","type":"Building","point_type":155}},{"type":"Feature","geometry":{"type":"Point","coordinates":[151.31812,-33.65738]},"properties":{"name":"Bush Fire Neighbourhood Safer Place","location":"Bishop Street, Newport","suburb":"Newport","type":"Open Space","point_type":155}},{"type":"Feature","geometry":{"type":"Point","coordinates":[151.31969,-33.65715]},"properties":{"name":"Bush Fire Neighbourhood Safer Place","location":"11 - 13 The Boulevarde, Newport","suburb":"Newport","type":"Building","point_type":155}},{"type":"Feature","geometry":{"type":"Point","coordinates":[151.32291,-33.6538]},"properties":{"name":"Bush Fire Neighbourhood Safer Place","location":"394 Barrenjoey Road, Newport","suburb":"Newport","type":"Building","point_type":155}},{"type":"Feature","geometry":{"type":"Point","coordinates":[151.31646,-33.60114]},"properties":{"name":"Bush Fire Neighbourhood Safer Place","location":"Iluka Road, Palm Beach (opposite Nabilla Road)","suburb":"Palm Beach","type":"Open Space","point_type":155}},{"type":"Feature","geometry":{"type":"Point","coordinates":[151.32845,-33.63541]},"properties":{"name":"Bush Fire Neighbourhood Safer Place","location":"Old Barrenjoey Road, Avalon Beach","suburb":"Avalon Beach","type":"Open Space","point_type":155}},{"type":"Feature","geometry":{"type":"Point","coordinates":[151.3247,-33.59068]},"properties":{"name":"Bush Fire Neighbourhood Safer Place","location":"Governor Phillip Park, off Beach Road, Palm Beach","suburb":"Palm Beach","type":"Building","point_type":155}},{"type":"Feature","geometry":{"type":"Point","coordinates":[151.30592,-33.69652]},"properties":{"name":"Bush Fire Neighbourhood Safer Place","location":"1472 Pittwater Road, Warriewood","suburb":"Warriewood","type":"Open Space","point_type":155}},{"type":"Feature","geometry":{"type":"Point","coordinates":[151.30374,-33.67869]},"properties":{"name":"Bush Fire Neighbourhood Safer Place","location":"1610 Pittwater Road, Mona Vale","suburb":"Mona Vale","type":"Open Space","point_type":155}},{"type":"Feature","geometry":{"type":"Point","coordinates":[151.3091,-33.65848]},"properties":{"name":"Bush Fire Neighbourhood Safer Place","location":"Cnr Kalinya Street and Gladstone Street, Newport","suburb":"Newport","type":"Open Space","point_type":155}},{"type":"Feature","geometry":{"type":"Point","coordinates":[151.32199,-33.65412]},"properties":{"name":"Bush Fire Neighbourhood Safer Place","location":"Barrenjoey Road, Newport Beach","suburb":"Newport Beach","type":"Open Space","point_type":155}},{"type":"Feature","geometry":{"type":"Point","coordinates":[151.331,-33.63645]},"properties":{"name":"Bush Fire Neighbourhood Safer Place","location":"Barrenjoey Road, Avalon Beach","suburb":"Avalon Beach","type":"Open Space","point_type":155}},{"type":"Feature","geometry":{"type":"Point","coordinates":[151.33029,-33.61147]},"properties":{"name":"Bush Fire Neighbourhood Safer Place","location":"Surf Road, Whale Beach","suburb":"Whale Beach","type":"Building","point_type":155}},{"type":"Feature","geometry":{"type":"Point","coordinates":[151.30507,-33.66797]},"properties":{"name":"Bush Fire Neighbourhood Safer Place","location":"Mona Street, Mona Vale","suburb":"Mona Vale","type":"Open Space","point_type":155}},{"type":"Feature","geometry":{"type":"Point","coordinates":[151.28486,-33.64449]},"properties":{"name":"Bush Fire Neighbourhood Safer Place","location":"McCarrs Creek Road, Church Point","suburb":"Church Point","type":"Open Space","point_type":155}},{"type":"Feature","geometry":{"type":"Point","coordinates":[151.30324,-33.66131]},"properties":{"name":"Bush Fire Neighbourhood Safer Place","location":"Pittwater Road (adjacent to Boat Ramp), Bayview","suburb":"Bayview","type":"Open Space","point_type":155}},{"type":"Feature","geometry":{"type":"Point","coordinates":[152.14377,-32.72048]},"properties":{"name":"Bush Fire Neighbourhood Safer Place","location":"Cnr of Victoria Parade and Stockton Street, Nelson Bay","suburb":"Nelson Bay","type":"Open Space","point_type":155}},{"type":"Feature","geometry":{"type":"Point","coordinates":[152.06451,-32.70148]},"properties":{"name":"Bush Fire Neighbourhood Safer Place","location":"Corner of Mitchell Avenue and Soldiers Point Road, Soldiers Point","suburb":"Soldiers Point","type":"Open Space","point_type":155}},{"type":"Feature","geometry":{"type":"Point","coordinates":[152.08584,-32.78225]},"properties":{"name":"Bush Fire Neighbourhood Safer Place","location":"Blake Parade, Anna Bay","suburb":"Anna Bay","type":"Open Space","point_type":155}},{"type":"Feature","geometry":{"type":"Point","coordinates":[152.03958,-32.73021]},"properties":{"name":"Bush Fire Neighbourhood Safer Place","location":"52 Cook Parade, Lemon Tree Passage","suburb":"Lemon Tree Passage","type":"Open Space","point_type":155}},{"type":"Feature","geometry":{"type":"Point","coordinates":[152.14819,-32.71863]},"properties":{"name":"Bush Fire Neighbourhood Safer Place","location":"Victoria Parade, Nelson Bay","suburb":"Nelson Bay","type":"Open Space","point_type":155}},{"type":"Feature","geometry":{"type":"Point","coordinates":[152.14498,-32.7201]},"properties":{"name":"Bush Fire Neighbourhood Safer Place","location":"Cnr Victoria Parade and Teramby Street, Nelson Bay","suburb":"Nelson Bay","type":"Open Space","point_type":155}},{"type":"Feature","geometry":{"type":"Point","coordinates":[152.07938,-32.78441]},"properties":{"name":"Bush Fire Neighbourhood Safer Place","location":"Fitzroy Street, Anna Bay","suburb":"Anna Bay","type":"Open Space","point_type":155}},{"type":"Feature","geometry":{"type":"Point","coordinates":[152.07398,-32.78375]},"properties":{"name":"Bush Fire Neighbourhood Safer Place","location":"End of James Paterson Street, Anna Bay","suburb":"Anna Bay","type":"Open Space","point_type":155}},{"type":"Feature","geometry":{"type":"Point","coordinates":[152.08676,-32.77744]},"properties":{"name":"Bush Fire Neighbourhood Safer Place","location":"Gan Gan Road (near Morna Point Road), Anna Bay","suburb":"Anna Bay","type":"Open Space","point_type":155}},{"type":"Feature","geometry":{"type":"Point","coordinates":[151.78387,-32.75988]},"properties":{"name":"Bush Fire Neighbourhood Safer Place","location":"Leisure Way, Raymond Terrace","suburb":"Raymond Terrace","type":"Open Space","point_type":155}},{"type":"Feature","geometry":{"type":"Point","coordinates":[152.11141,-32.78782]},"properties":{"name":"Bush Fire Neighbourhood Safer Place","location":"Graham Street, Boat Harbour","suburb":"Boat Harbour","type":"Open Space","point_type":155}},{"type":"Feature","geometry":{"type":"Point","coordinates":[151.86997,-32.74086]},"properties":{"name":"Bush Fire Neighbourhood Safer Place","location":"7 Grey Gum Street, Medowie","suburb":"Medowie","type":"Open Space","point_type":155}},{"type":"Feature","geometry":{"type":"Point","coordinates":[152.01492,-32.73239]},"properties":{"name":"Bush Fire Neighbourhood Safer Place","location":"Strathmore Street, Mallabula","suburb":"Mallabula","type":"Open Space","point_type":155}},{"type":"Feature","geometry":{"type":"Point","coordinates":[152.15642,-32.71683]},"properties":{"name":"Bush Fire Neighbourhood Safer Place","location":"Shoal Bay Road, Nelson Bay","suburb":"Nelson Bay","type":"Building","point_type":155}},{"type":"Feature","geometry":{"type":"Point","coordinates":[152.1736,-32.72015]},"properties":{"name":"Bush Fire Neighbourhood Safer Place","location":"Intersection of Shoal Bay Road and Government Road, Shoal Bay","suburb":"Shoal Bay","type":"Open Space","point_type":155}},{"type":"Feature","geometry":{"type":"Point","coordinates":[152.17029,-32.74813]},"properties":{"name":"Bush Fire Neighbourhood Safer Place","location":"Cnr Boulder Bay Road and Marine Drive, Fingal Bay","suburb":"Fingal Bay","type":"Open Space","point_type":155}},{"type":"Feature","geometry":{"type":"Point","coordinates":[151.90383,-32.78867]},"properties":{"name":"Bush Fire Neighbourhood Safer Place","location":"Cecilia Close, Salt Ash","suburb":"Salt Ash","type":"Open Space","point_type":155}},{"type":"Feature","geometry":{"type":"Point","coordinates":[151.86055,-32.74054]},"properties":{"name":"Bush Fire Neighbourhood Safer Place","location":"Intersection of Ferodale Road and Kirrang Drive, Medowie","suburb":"Medowie","type":"Open Space","point_type":155}},{"type":"Feature","geometry":{"type":"Point","coordinates":[153.28867,-28.99233]},"properties":{"name":"Bush Fire Neighbourhood Safer Place","location":"Bridge Street, Coraki","suburb":"Coraki","type":"Open Space","point_type":155}},{"type":"Feature","geometry":{"type":"Point","coordinates":[153.4341,-29.01356]},"properties":{"name":"Bush Fire Neighbourhood Safer Place","location":"Little Pitt Street, Broadwater","suburb":"Broadwater","type":"Building","point_type":155}},{"type":"Feature","geometry":{"type":"Point","coordinates":[151.12176,-33.77608]},"properties":{"name":"Bush Fire Neighbourhood Safer Place","location":"Talavera Road, Macquarie Park","suburb":"Macquarie Park","type":"Open Space","point_type":155}},{"type":"Feature","geometry":{"type":"Point","coordinates":[151.1261,-33.82288]},"properties":{"name":"Bush Fire Neighbourhood Safer Place","location":"Cnr of Ryde Road and Monash Road, Gladesville","suburb":"Gladesville","type":"Open Space","point_type":155}},{"type":"Feature","geometry":{"type":"Point","coordinates":[150.59007,-35.16984]},"properties":{"name":"Bush Fire Neighbourhood Safer Place","location":"St Georges Avenue, Sussex Inlet","suburb":"Sussex Inlet","type":"Open Space","point_type":155}},{"type":"Feature","geometry":{"type":"Point","coordinates":[150.60318,-35.15718]},"properties":{"name":"Bush Fire Neighbourhood Safer Place","location":"200 Jacobs Drive, Sussex Inlet","suburb":"Sussex Inlet","type":"Open Space","point_type":155}},{"type":"Feature","geometry":{"type":"Point","coordinates":[150.66816,-35.03694]},"properties":{"name":"Bush Fire Neighbourhood Safer Place","location":"Sydney Street, Huskisson","suburb":"Huskisson","type":"Open Space","point_type":155}},{"type":"Feature","geometry":{"type":"Point","coordinates":[151.24788,-32.5813]},"properties":{"name":"Bush Fire Neighbourhood Safer Place","location":"Cnr of Glendon Road and Roughit Lane, Glendon","suburb":"Glendon","type":"Building","point_type":155}},{"type":"Feature","geometry":{"type":"Point","coordinates":[151.28108,-32.5571]},"properties":{"name":"Bush Fire Neighbourhood Safer Place","location":"Mitchells Flat Road, Mitchells Flat","suburb":"Mitchells Flat","type":"Building","point_type":155}},{"type":"Feature","geometry":{"type":"Point","coordinates":[151.3777,-32.38937]},"properties":{"name":"Bush Fire Neighbourhood Safer Place","location":"Mirannie Road, Mirannie","suburb":"Mirannie","type":"Building","point_type":155}},{"type":"Feature","geometry":{"type":"Point","coordinates":[150.90979,-32.49914]},"properties":{"name":"Bush Fire Neighbourhood Safer Place","location":"Wambo Street, Jerrys Plains","suburb":"Jerrys Plains","type":"Building","point_type":155}},{"type":"Feature","geometry":{"type":"Point","coordinates":[151.29322,-32.33529]},"properties":{"name":"Bush Fire Neighbourhood Safer Place","location":"Carrowbrook Road, Carrowbrook","suburb":"Carrowbrook","type":"Open Space","point_type":155}},{"type":"Feature","geometry":{"type":"Point","coordinates":[151.16894,-32.5466]},"properties":{"name":"Bush Fire Neighbourhood Safer Place","location":"Cnr Bridgman Road and Acacia Circuit, Hunterview","suburb":"Hunterview","type":"Open Space","point_type":155}},{"type":"Feature","geometry":{"type":"Point","coordinates":[148.83365,-36.50498]},"properties":{"name":"Bush Fire Neighbourhood Safer Place","location":"Campbell Street, Dalgety","suburb":"Dalgety","type":"Building","point_type":155}},{"type":"Feature","geometry":{"type":"Point","coordinates":[148.62347,-36.41501]},"properties":{"name":"Bush Fire Neighbourhood Safer Place","location":"Kosciuszko Road, Jindabyne","suburb":"Jindabyne","type":"Building","point_type":155}},{"type":"Feature","geometry":{"type":"Point","coordinates":[148.61608,-36.4476]},"properties":{"name":"Bush Fire Neighbourhood Safer Place","location":"The Snowy River Way, Jindabyne","suburb":"Jindabyne","type":"Open Space","point_type":155}},{"type":"Feature","geometry":{"type":"Point","coordinates":[148.41323,-36.40455]},"properties":{"name":"Bush Fire Neighbourhood Safer Place","location":"Kosciuszko Rd, Perisher","suburb":"Perisher","type":"Open Space","point_type":155}},{"type":"Feature","geometry":{"type":"Point","coordinates":[151.01046,-34.06142]},"properties":{"name":"Bush Fire Neighbourhood Safer Place","location":"61 Cambrai Avenue, Engadine","suburb":"Engadine","type":"Open Space","point_type":155}},{"type":"Feature","geometry":{"type":"Point","coordinates":[151.00548,-34.05936]},"properties":{"name":"Bush Fire Neighbourhood Safer Place","location":"Anzac Avenue, Engadine","suburb":"Engadine","type":"Open Space","point_type":155}},{"type":"Feature","geometry":{"type":"Point","coordinates":[151.08261,-34.0452]},"properties":{"name":"Bush Fire Neighbourhood Safer Place","location":"Gymea Bay Road, Gymea Bay","suburb":"Gymea Bay","type":"Open Space","point_type":155}},{"type":"Feature","geometry":{"type":"Point","coordinates":[151.08485,-34.02622]},"properties":{"name":"Bush Fire Neighbourhood Safer Place","location":"Princes Highway, Kareela","suburb":"Kareela","type":"Open Space","point_type":155}},{"type":"Feature","geometry":{"type":"Point","coordinates":[151.09306,-34.02357]},"properties":{"name":"Bush Fire Neighbourhood Safer Place","location":"Garnet Road, Sylvania","suburb":"Sylvania","type":"Open Space","point_type":155}},{"type":"Feature","geometry":{"type":"Point","coordinates":[151.09356,-34.02046]},"properties":{"name":"Bush Fire Neighbourhood Safer Place","location":"Box Road, Sylvania","suburb":"Sylvania","type":"Open Space","point_type":155}},{"type":"Feature","geometry":{"type":"Point","coordinates":[151.09041,-34.01211]},"properties":{"name":"Bush Fire Neighbourhood Safer Place","location":"The Promenade, Sylvania","suburb":"Sylvania","type":"Open Space","point_type":155}},{"type":"Feature","geometry":{"type":"Point","coordinates":[151.10812,-34.01139]},"properties":{"name":"Bush Fire Neighbourhood Safer Place","location":"Canberra Road, Sylvania","suburb":"Sylvania","type":"Open Space","point_type":155}},{"type":"Feature","geometry":{"type":"Point","coordinates":[151.21124,-34.01154]},"properties":{"name":"Bush Fire Neighbourhood Safer Place","location":"Captain Cook Drive, Kurnell","suburb":"Kurnell","type":"Open Space","point_type":155}},{"type":"Feature","geometry":{"type":"Point","coordinates":[151.08448,-34.00593]},"properties":{"name":"Bush Fire Neighbourhood Safer Place","location":"Cnr Oyster Bay Road and Como Road, Oyster Bay","suburb":"Oyster Bay","type":"Open Space","point_type":155}},{"type":"Feature","geometry":{"type":"Point","coordinates":[151.00917,-34.08579]},"properties":{"name":"Bush Fire Neighbourhood Safer Place","location":"Veno Street, Heathcote","suburb":"Heathcote","type":"Open Space","point_type":155}},{"type":"Feature","geometry":{"type":"Point","coordinates":[151.01123,-34.05464]},"properties":{"name":"Bush Fire Neighbourhood Safer Place","location":"Karamarra Road, Engadine","suburb":"Engadine","type":"Open Space","point_type":155}},{"type":"Feature","geometry":{"type":"Point","coordinates":[151.06793,-33.9997]},"properties":{"name":"Bush Fire Neighbourhood Safer Place","location":"Cremona Road, Como","suburb":"Como","type":"Open Space","point_type":155}},{"type":"Feature","geometry":{"type":"Point","coordinates":[151.00974,-34.07165]},"properties":{"name":"Bush Fire Neighbourhood Safer Place","location":"Cnr of Cooper Street and Old Princess Highway, Engadine","suburb":"Engadine","type":"Open Space","point_type":155}},{"type":"Feature","geometry":{"type":"Point","coordinates":[151.05489,-34.02853]},"properties":{"name":"Bush Fire Neighbourhood Safer Place","location":"Cnr of The Grand Parade and Linden Street, Sutherland","suburb":"Sutherland","type":"Open Space","point_type":155}},{"type":"Feature","geometry":{"type":"Point","coordinates":[151.03437,-34.05596]},"properties":{"name":"Bush Fire Neighbourhood Safer Place","location":"Giles Street, Yarrawarrah","suburb":"Yarrawarrah","type":"Open Space","point_type":155}},{"type":"Feature","geometry":{"type":"Point","coordinates":[151.04424,-34.05133]},"properties":{"name":"Bush Fire Neighbourhood Safer Place","location":"Cnr of Ninth Avenue and Orchid Street, Loftus","suburb":"Loftus","type":"Open Space","point_type":155}},{"type":"Feature","geometry":{"type":"Point","coordinates":[151.03767,-34.02079]},"properties":{"name":"Bush Fire Neighbourhood Safer Place","location":"Cnr of Menia Road and Goorgool Road, Bangor","suburb":"Bangor","type":"Open Space","point_type":155}},{"type":"Feature","geometry":{"type":"Point","coordinates":[151.04793,-34.00811]},"properties":{"name":"Bush Fire Neighbourhood Safer Place","location":"Coolidge Crescent, Bonnet Bay","suburb":"Bonnet Bay","type":"Open Space","point_type":155}},{"type":"Feature","geometry":{"type":"Point","coordinates":[151.06577,-34.0154]},"properties":{"name":"Bush Fire Neighbourhood Safer Place","location":"42A Railway Crescent, Jannali","suburb":"Jannali","type":"Open Space","point_type":155}},{"type":"Feature","geometry":{"type":"Point","coordinates":[151.15126,-34.08433]},"properties":{"name":"Bush Fire Neighbourhood Safer Place","location":"Brighton Street, Bundeena","suburb":"Bundeena","type":"Open Space","point_type":155}},{"type":"Feature","geometry":{"type":"Point","coordinates":[151.40622,-31.29678]},"properties":{"name":"Bush Fire Neighbourhood Safer Place","location":"Sullivan Street, Niangala","suburb":"Niangala","type":"Building","point_type":155}},{"type":"Feature","geometry":{"type":"Point","coordinates":[150.92226,-30.99543]},"properties":{"name":"Bush Fire Neighbourhood Safer Place","location":"1019 Upper Moore Creek Road, Moore Creek","suburb":"Moore Creek","type":"Open Space","point_type":155}},{"type":"Feature","geometry":{"type":"Point","coordinates":[147.5414,-34.44378]},"properties":{"name":"Bush Fire Neighbourhood Safer Place","location":"Cnr Gloucester Street and Loftus Street, Temora","suburb":"Temora","type":"Open Space","point_type":155}},{"type":"Feature","geometry":{"type":"Point","coordinates":[152.01576,-29.04734]},"properties":{"name":"Bush Fire Neighbourhood Safer Place","location":"Petre Street, Tenterfield","suburb":"Tenterfield","type":"Open Space","point_type":155}},{"type":"Feature","geometry":{"type":"Point","coordinates":[151.03753,-33.77018]},"properties":{"name":"Bush Fire Neighbourhood Safer Place","location":"Cnr North Rocks Road & Farnell Avenue, Carlingford","suburb":"Carlingford","type":"Building","point_type":155}},{"type":"Feature","geometry":{"type":"Point","coordinates":[150.99045,-33.76096]},"properties":{"name":"Bush Fire Neighbourhood Safer Place","location":"Conie Avenue (Off Seven Hills Road), Baulkham Hills","suburb":"Baulkham Hills","type":"Building","point_type":155}},{"type":"Feature","geometry":{"type":"Point","coordinates":[150.988,-33.72543]},"properties":{"name":"Bush Fire Neighbourhood Safer Place","location":"131 Showground Road, Castle Hill","suburb":"Castle Hill","type":"Open Space","point_type":155}},{"type":"Feature","geometry":{"type":"Point","coordinates":[151.02835,-33.74703]},"properties":{"name":"Bush Fire Neighbourhood Safer Place","location":"42 Hill Road, West Pennant Hills","suburb":"West Pennant Hills","type":"Open Space","point_type":155}},{"type":"Feature","geometry":{"type":"Point","coordinates":[150.96813,-33.70243]},"properties":{"name":"Bush Fire Neighbourhood Safer Place","location":"10 Marella Avenue, Kellyville","suburb":"Kellyville","type":"Open Space","point_type":155}},{"type":"Feature","geometry":{"type":"Point","coordinates":[150.98635,-33.37932]},"properties":{"name":"Bush Fire Neighbourhood Safer Place","location":"5602-5624 Old Northern Road, Wisemans Ferry","suburb":"Wisemans Ferry","type":"Open Space","point_type":155}},{"type":"Feature","geometry":{"type":"Point","coordinates":[150.95515,-33.50398]},"properties":{"name":"Bush Fire Neighbourhood Safer Place","location":"1 Paul's Road, South Maroota","suburb":"South Maroota","type":"Building","point_type":155}},{"type":"Feature","geometry":{"type":"Point","coordinates":[150.99408,-33.45509]},"properties":{"name":"Bush Fire Neighbourhood Safer Place","location":"4540 Old Northern Road, Maroota","suburb":"Maroota","type":"Building","point_type":155}},{"type":"Feature","geometry":{"type":"Point","coordinates":[150.87219,-33.50027]},"properties":{"name":"Bush Fire Neighbourhood Safer Place","location":"951 Sackville Ferry Road, Sackville North","suburb":"Sackville North","type":"Open Space","point_type":155}},{"type":"Feature","geometry":{"type":"Point","coordinates":[150.90183,-33.45594]},"properties":{"name":"Bush Fire Neighbourhood Safer Place","location":"351-353 River Road, Lower Portland","suburb":"Lower Portland","type":"Open Space","point_type":155}},{"type":"Feature","geometry":{"type":"Point","coordinates":[150.92982,-33.68395]},"properties":{"name":"Bush Fire Neighbourhood Safer Place","location":"404 Commercial Road, Rouse Hill","suburb":"Rouse Hill","type":"Open Space","point_type":155}},{"type":"Feature","geometry":{"type":"Point","coordinates":[150.92149,-33.43232]},"properties":{"name":"Bush Fire Neighbourhood Safer Place","location":"1558 River Road, Lower Portland","suburb":"Lower Portland","type":"Building","point_type":155}},{"type":"Feature","geometry":{"type":"Point","coordinates":[151.02508,-33.67598]},"properties":{"name":"Bush Fire Neighbourhood Safer Place","location":"662A Old Northern Road, Dural","suburb":"Dural","type":"Building","point_type":155}},{"type":"Feature","geometry":{"type":"Point","coordinates":[151.00504,-33.59281]},"properties":{"name":"Bush Fire Neighbourhood Safer Place","location":"2658 Old Northern Road, Glenorie","suburb":"Glenorie","type":"Building","point_type":155}},{"type":"Feature","geometry":{"type":"Point","coordinates":[147.69949,-35.92667]},"properties":{"name":"Bush Fire Neighbourhood Safer Place","location":"River Road, Jingellic","suburb":"Jingellic","type":"Open Space","point_type":155}},{"type":"Feature","geometry":{"type":"Point","coordinates":[148.0518,-35.97055]},"properties":{"name":"Bush Fire Neighbourhood Safer Place","location":"Corner of Welaregang Road and Lower Mannus Creek Road, Tooma","suburb":"Tooma","type":"Open Space","point_type":155}},{"type":"Feature","geometry":{"type":"Point","coordinates":[148.00829,-35.77463]},"properties":{"name":"Bush Fire Neighbourhood Safer Place","location":"Lauder Street, Tumbarumba","suburb":"Tumbarumba","type":"Open Space","point_type":155}},{"type":"Feature","geometry":{"type":"Point","coordinates":[147.86048,-35.66768]},"properties":{"name":"Bush Fire Neighbourhood Safer Place","location":"Wagga Road, Rosewood","suburb":"Rosewood","type":"Building","point_type":155}},{"type":"Feature","geometry":{"type":"Point","coordinates":[148.22784,-35.14916]},"properties":{"name":"Bush Fire Neighbourhood Safer Place","location":"Brungle Road, Brungle","suburb":"Brungle","type":"Building","point_type":155}},{"type":"Feature","geometry":{"type":"Point","coordinates":[148.23183,-35.30715]},"properties":{"name":"Bush Fire Neighbourhood Safer Place","location":"Clarence Street, Tumut","suburb":"Tumut","type":"Open Space","point_type":155}},{"type":"Feature","geometry":{"type":"Point","coordinates":[148.30285,-35.57829]},"properties":{"name":"Bush Fire Neighbourhood Safer Place","location":"Cnr Murray Jackson Drive & Bridle Street, Talbingo","suburb":"Talbingo","type":"Open Space","point_type":155}},{"type":"Feature","geometry":{"type":"Point","coordinates":[148.11877,-35.4079]},"properties":{"name":"Bush Fire Neighbourhood Safer Place","location":"Cnr Wondalga Road & Greenhills Road, Wondalga","suburb":"Wondalga","type":"Building","point_type":155}},{"type":"Feature","geometry":{"type":"Point","coordinates":[148.16378,-35.35456]},"properties":{"name":"Bush Fire Neighbourhood Safer Place","location":"Batlow Road, Gilmore","suburb":"Gilmore","type":"Building","point_type":155}},{"type":"Feature","geometry":{"type":"Point","coordinates":[148.32557,-35.31802]},"properties":{"name":"Bush Fire Neighbourhood Safer Place","location":"Lacmalac Road, Lacmalac","suburb":"Lacmalac","type":"Building","point_type":155}},{"type":"Feature","geometry":{"type":"Point","coordinates":[148.06296,-35.31486]},"properties":{"name":"Bush Fire Neighbourhood Safer Place","location":"Campbell Street, Adelong","suburb":"Adelong","type":"Open Space","point_type":155}},{"type":"Feature","geometry":{"type":"Point","coordinates":[153.3704,-28.33199]},"properties":{"name":"Bush Fire Neighbourhood Safer Place","location":"Byangum Road, Murwillumbah","suburb":"Murwillumbah","type":"Building","point_type":155}},{"type":"Feature","geometry":{"type":"Point","coordinates":[153.43511,-28.31372]},"properties":{"name":"Bush Fire Neighbourhood Safer Place","location":"McLeods Street, Condong","suburb":"Condong","type":"Open Space","point_type":155}},{"type":"Feature","geometry":{"type":"Point","coordinates":[153.20563,-28.35545]},"properties":{"name":"Bush Fire Neighbourhood Safer Place","location":"Coolman Street, Tyalgum","suburb":"Tyalgum","type":"Open Space","point_type":155}},{"type":"Feature","geometry":{"type":"Point","coordinates":[153.46742,-28.43623]},"properties":{"name":"Bush Fire Neighbourhood Safer Place","location":"Fourth Avenue, Burringbar","suburb":"Burringbar","type":"Open Space","point_type":155}},{"type":"Feature","geometry":{"type":"Point","coordinates":[150.35044,-32.13959]},"properties":{"name":"Bush Fire Neighbourhood Safer Place","location":"Dutton Street, Merriwa","suburb":"Merriwa","type":"Open Space","point_type":155}},{"type":"Feature","geometry":{"type":"Point","coordinates":[149.979,-32.01]},"properties":{"name":"Bush Fire Neighbourhood Safer Place","location":"Uarbry Road, Cassilis","suburb":"Cassilis","type":"Open Space","point_type":155}},{"type":"Feature","geometry":{"type":"Point","coordinates":[150.83536,-31.76343]},"properties":{"name":"Bush Fire Neighbourhood Safer Place","location":"72-108 Mayne Street, Murrurundi","suburb":"Murrurundi","type":"Open Space","point_type":155}},{"type":"Feature","geometry":{"type":"Point","coordinates":[150.84427,-32.03824]},"properties":{"name":"Bush Fire Neighbourhood Safer Place","location":"Doyle Street, Scone","suburb":"Scone","type":"Open Space","point_type":155}},{"type":"Feature","geometry":{"type":"Point","coordinates":[150.88513,-32.16078]},"properties":{"name":"Bush Fire Neighbourhood Safer Place","location":"Macqueen Street, Aberdeen","suburb":"Aberdeen","type":"Open Space","point_type":155}},{"type":"Feature","geometry":{"type":"Point","coordinates":[149.81944,-34.40368]},"properties":{"name":"Bush Fire Neighbourhood Safer Place","location":"Orchard Street, Taralga","suburb":"Taralga","type":"Building","point_type":155}},{"type":"Feature","geometry":{"type":"Point","coordinates":[149.36469,-34.32308]},"properties":{"name":"Bush Fire Neighbourhood Safer Place","location":"Bishop Street, Binda","suburb":"Binda","type":"Building","point_type":155}},{"type":"Feature","geometry":{"type":"Point","coordinates":[149.26537,-34.78502]},"properties":{"name":"Bush Fire Neighbourhood Safer Place","location":"Nelango Street, Gunning","suburb":"Gunning","type":"Open Space","point_type":155}},{"type":"Feature","geometry":{"type":"Point","coordinates":[149.82613,-34.40433]},"properties":{"name":"Bush Fire Neighbourhood Safer Place","location":"Walsh Street, Taralga","suburb":"Taralga","type":"Open Space","point_type":155}},{"type":"Feature","geometry":{"type":"Point","coordinates":[149.15013,-34.08007]},"properties":{"name":"Bush Fire Neighbourhood Safer Place","location":"Tuena Street, Bigga","suburb":"Bigga","type":"Open Space","point_type":155}},{"type":"Feature","geometry":{"type":"Point","coordinates":[149.43038,-34.91577]},"properties":{"name":"Bush Fire Neighbourhood Safer Place","location":"Bourke Street, Collector","suburb":"Collector","type":"Building","point_type":155}},{"type":"Feature","geometry":{"type":"Point","coordinates":[147.38017,-35.17178]},"properties":{"name":"Bush Fire Neighbourhood Safer Place","location":"Lake Street, Lake Albert","suburb":"Lake Albert","type":"Open Space","point_type":155}},{"type":"Feature","geometry":{"type":"Point","coordinates":[147.34523,-35.15122]},"properties":{"name":"Bush Fire Neighbourhood Safer Place","location":"Red Hill Road and Bourke Street, Wagga Wagga","suburb":"Wagga Wagga","type":"Open Space","point_type":155}},{"type":"Feature","geometry":{"type":"Point","coordinates":[147.46295,-35.1492]},"properties":{"name":"Bush Fire Neighbourhood Safer Place","location":"Dunn Avenue, Forest Hill","suburb":"Forest Hill","type":"Open Space","point_type":155}},{"type":"Feature","geometry":{"type":"Point","coordinates":[148.11803,-30.02969]},"properties":{"name":"Bush Fire Neighbourhood Safer Place","location":"Pitt Street, Walgett","suburb":"Walgett","type":"Open Space","point_type":155}},{"type":"Feature","geometry":{"type":"Point","coordinates":[147.97629,-29.42739]},"properties":{"name":"Bush Fire Neighbourhood Safer Place","location":"Corner of Kaolin Street and Agate Street, Lightning Ridge","suburb":"Lightning Ridge","type":"Open Space","point_type":155}},{"type":"Feature","geometry":{"type":"Point","coordinates":[148.58032,-29.54198]},"properties":{"name":"Bush Fire Neighbourhood Safer Place","location":"Herbert Street, Collarenebri","suburb":"Collarenebri","type":"Open Space","point_type":155}},{"type":"Feature","geometry":{"type":"Point","coordinates":[147.69126,-30.4636]},"properties":{"name":"Bush Fire Neighbourhood Safer Place","location":"Colin Street, Carinda","suburb":"Carinda","type":"Open Space","point_type":155}},{"type":"Feature","geometry":{"type":"Point","coordinates":[148.96635,-30.1033]},"properties":{"name":"Bush Fire Neighbourhood Safer Place","location":"Waterloo Street, Burren Junction","suburb":"Burren Junction","type":"Open Space","point_type":155}},{"type":"Feature","geometry":{"type":"Point","coordinates":[147.71814,-31.83639]},"properties":{"name":"Bush Fire Neighbourhood Safer Place","location":"Narromine Street, Nevertire","suburb":"Nevertire","type":"Open Space","point_type":155}},{"type":"Feature","geometry":{"type":"Point","coordinates":[147.83104,-31.69705]},"properties":{"name":"Bush Fire Neighbourhood Safer Place","location":"Stafford Street, Warren","suburb":"Warren","type":"Open Space","point_type":155}},{"type":"Feature","geometry":{"type":"Point","coordinates":[147.83829,-31.69501]},"properties":{"name":"Bush Fire Neighbourhood Safer Place","location":"Udora Road, Warren","suburb":"Warren","type":"Open Space","point_type":155}},{"type":"Feature","geometry":{"type":"Point","coordinates":[151.24715,-33.7838]},"properties":{"name":"Bush Fire Neighbourhood Safer Place","location":"Corner of Bardoo Avenu and Wonga Street, North Balgowlah","suburb":"North Balgowlah","type":"Building","point_type":155}},{"type":"Feature","geometry":{"type":"Point","coordinates":[151.21705,-33.76161]},"properties":{"name":"Bush Fire Neighbourhood Safer Place","location":"Cnr of Warringah Road and Starkey Street, Forestville","suburb":"Forestville","type":"Building","point_type":155}},{"type":"Feature","geometry":{"type":"Point","coordinates":[151.29931,-33.70215]},"properties":{"name":"Bush Fire Neighbourhood Safer Place","location":"Lake Park Road, North Narrabeen","suburb":"North Narrabeen","type":"Open Space","point_type":155}},{"type":"Feature","geometry":{"type":"Point","coordinates":[151.28913,-33.76637]},"properties":{"name":"Bush Fire Neighbourhood Safer Place","location":"Abbot Road, North Curl Curl","suburb":"North Curl Curl","type":"Open Space","point_type":155}},{"type":"Feature","geometry":{"type":"Point","coordinates":[151.27417,-33.75888]},"properties":{"name":"Bush Fire Neighbourhood Safer Place","location":"Federal Parade, Brookvale","suburb":"Brookvale","type":"Open Space","point_type":155}},{"type":"Feature","geometry":{"type":"Point","coordinates":[151.27708,-33.75106]},"properties":{"name":"Bush Fire Neighbourhood Safer Place","location":"McIntosh Road, Naraweena","suburb":"Naraweena","type":"Open Space","point_type":155}},{"type":"Feature","geometry":{"type":"Point","coordinates":[151.24377,-33.75063]},"properties":{"name":"Bush Fire Neighbourhood Safer Place","location":"Patanga Road, Frenchs Forest","suburb":"Frenchs Forest","type":"Open Space","point_type":155}},{"type":"Feature","geometry":{"type":"Point","coordinates":[151.21986,-33.741]},"properties":{"name":"Bush Fire Neighbourhood Safer Place","location":"Forest Way (near Bambara Road), Belrose","suburb":"Belrose","type":"Open Space","point_type":155}},{"type":"Feature","geometry":{"type":"Point","coordinates":[151.21064,-33.74085]},"properties":{"name":"Bush Fire Neighbourhood Safer Place","location":"Blackbutts Road, Forestville","suburb":"Forestville","type":"Open Space","point_type":155}},{"type":"Feature","geometry":{"type":"Point","coordinates":[151.28452,-33.73929]},"properties":{"name":"Bush Fire Neighbourhood Safer Place","location":"South Creek Road, Cromer","suburb":"Cromer","type":"Open Space","point_type":155}},{"type":"Feature","geometry":{"type":"Point","coordinates":[151.27966,-33.73552]},"properties":{"name":"Bush Fire Neighbourhood Safer Place","location":"Grover Avenue, North Cromer","suburb":"North Cromer","type":"Open Space","point_type":155}},{"type":"Feature","geometry":{"type":"Point","coordinates":[151.29225,-33.72938]},"properties":{"name":"Bush Fire Neighbourhood Safer Place","location":"Blandford Street, Collaroy Plateau","suburb":"Collaroy Plateau","type":"Open Space","point_type":155}},{"type":"Feature","geometry":{"type":"Point","coordinates":[151.22246,-33.68061]},"properties":{"name":"Bush Fire Neighbourhood Safer Place","location":"Kurara Close, Terrey Hills","suburb":"Terrey Hills","type":"Open Space","point_type":155}},{"type":"Feature","geometry":{"type":"Point","coordinates":[151.24674,-33.78553]},"properties":{"name":"Bush Fire Neighbourhood Safer Place","location":"Woolgoolga Street, North Balgowlah","suburb":"North Balgowlah","type":"Open Space","point_type":155}},{"type":"Feature","geometry":{"type":"Point","coordinates":[149.4009,-32.02061]},"properties":{"name":"Bush Fire Neighbourhood Safer Place","location":"Wargundy Street, Dunedoo","suburb":"Dunedoo","type":"Open Space","point_type":155}},{"type":"Feature","geometry":{"type":"Point","coordinates":[149.54579,-32.01497]},"properties":{"name":"Bush Fire Neighbourhood Safer Place","location":"Corner of Clarke Street and Garland Street, Leadville","suburb":"Leadville","type":"Building","point_type":155}},{"type":"Feature","geometry":{"type":"Point","coordinates":[149.23245,-31.82542]},"properties":{"name":"Bush Fire Neighbourhood Safer Place","location":"Denman Street, Merrygoen","suburb":"Merrygoen","type":"Building","point_type":155}},{"type":"Feature","geometry":{"type":"Point","coordinates":[149.12035,-31.82311]},"properties":{"name":"Bush Fire Neighbourhood Safer Place","location":"Bandulla Street, Mendooran","suburb":"Mendooran","type":"Open Space","point_type":155}},{"type":"Feature","geometry":{"type":"Point","coordinates":[149.72153,-31.82159]},"properties":{"name":"Bush Fire Neighbourhood Safer Place","location":"Binnia Street, Coolah","suburb":"Coolah","type":"Open Space","point_type":155}},{"type":"Feature","geometry":{"type":"Point","coordinates":[149.37735,-31.55574]},"properties":{"name":"Bush Fire Neighbourhood Safer Place","location":"Cnr Bullinda Street and Yeulba Street, Binnaway","suburb":"Binnaway","type":"Open Space","point_type":155}},{"type":"Feature","geometry":{"type":"Point","coordinates":[149.5067,-31.34356]},"properties":{"name":"Bush Fire Neighbourhood Safer Place","location":"Edwards Street, Purlewaugh","suburb":"Purlewaugh","type":"Building","point_type":155}},{"type":"Feature","geometry":{"type":"Point","coordinates":[149.39368,-31.33216]},"properties":{"name":"Bush Fire Neighbourhood Safer Place","location":"South Street, Ulamambri","suburb":"Ulamambri","type":"Open Space","point_type":155}},{"type":"Feature","geometry":{"type":"Point","coordinates":[149.91001,-31.09777]},"properties":{"name":"Bush Fire Neighbourhood Safer Place","location":"Corner of Wondoba Street and Nombi Street, Mullaley","suburb":"Mullaley","type":"Open Space","point_type":155}},{"type":"Feature","geometry":{"type":"Point","coordinates":[149.06466,-30.95149]},"properties":{"name":"Bush Fire Neighbourhood Safer Place","location":"Cnr Darling Street and Queen Street, Baradine","suburb":"Baradine","type":"Open Space","point_type":155}},{"type":"Feature","geometry":{"type":"Point","coordinates":[149.27827,-31.26905]},"properties":{"name":"Bush Fire Neighbourhood Safer Place","location":"Newell Highway, Coonabarabran","suburb":"Coonabarabran","type":"Open Space","point_type":155}},{"type":"Feature","geometry":{"type":"Point","coordinates":[147.92911,-34.03823]},"properties":{"name":"Bush Fire Neighbourhood Safer Place","location":"Cnr Caldwell Street and Young Street, Bimbi","suburb":"Bimbi","type":"Building","point_type":155}},{"type":"Feature","geometry":{"type":"Point","coordinates":[147.79366,-34.00997]},"properties":{"name":"Bush Fire Neighbourhood Safer Place","location":"Cnr Bland Road and Second Street, Quandialla","suburb":"Quandialla","type":"Open Space","point_type":155}},{"type":"Feature","geometry":{"type":"Point","coordinates":[148.16158,-33.90618]},"properties":{"name":"Bush Fire Neighbourhood Safer Place","location":"Cnr Henry Lawson Way and Lawson Drive, Grenfell.","suburb":"Grenfell","type":"Open Space","point_type":155}},{"type":"Feature","geometry":{"type":"Point","coordinates":[147.73986,-33.84377]},"properties":{"name":"Bush Fire Neighbourhood Safer Place","location":"Mid Western Highway, Caragabal","suburb":"Caragabal","type":"Open Space","point_type":155}},{"type":"Feature","geometry":{"type":"Point","coordinates":[149.05153,-32.72411]},"properties":{"name":"Bush Fire Neighbourhood Safer Place","location":"Corner of Naroogal Street and Mackeral Street, Mumbil","suburb":"Mumbil","type":"Open Space","point_type":155}},{"type":"Feature","geometry":{"type":"Point","coordinates":[149.10629,-32.66802]},"properties":{"name":"Bush Fire Neighbourhood Safer Place","location":"State Water Road, Mumbil","suburb":"Mumbil","type":"Open Space","point_type":155}},{"type":"Feature","geometry":{"type":"Point","coordinates":[148.94747,-32.56158]},"properties":{"name":"Bush Fire Neighbourhood Safer Place","location":"100 Simpson Street, Wellington","suburb":"Wellington","type":"Open Space","point_type":155}},{"type":"Feature","geometry":{"type":"Point","coordinates":[148.93994,-32.54836]},"properties":{"name":"Bush Fire Neighbourhood Safer Place","location":"Market Square, Wellington","suburb":"Wellington","type":"Open Space","point_type":155}},{"type":"Feature","geometry":{"type":"Point","coordinates":[148.83119,-32.40108]},"properties":{"name":"Bush Fire Neighbourhood Safer Place","location":"21 Wellington Street, Geurie","suburb":"Geurie","type":"Open Space","point_type":155}},{"type":"Feature","geometry":{"type":"Point","coordinates":[149.07824,-32.80397]},"properties":{"name":"Bush Fire Neighbourhood Safer Place","location":"Molong Street, Stuart Town","suburb":"Stuart Town","type":"Building","point_type":155}},{"type":"Feature","geometry":{"type":"Point","coordinates":[149.10935,-32.68665]},"properties":{"name":"Bush Fire Neighbourhood Safer Place","location":"Fashions Mount Road, Mumbil","suburb":"Mumbil","type":"Building","point_type":155}},{"type":"Feature","geometry":{"type":"Point","coordinates":[148.93346,-32.62348]},"properties":{"name":"Bush Fire Neighbourhood Safer Place","location":"158 Caves Road, Apsley","suburb":"Apsley","type":"Open Space","point_type":155}},{"type":"Feature","geometry":{"type":"Point","coordinates":[148.98567,-32.57984]},"properties":{"name":"Bush Fire Neighbourhood Safer Place","location":"300 Nanima Village Road, Wellington","suburb":"Wellington","type":"Open Space","point_type":155}},{"type":"Feature","geometry":{"type":"Point","coordinates":[149.09246,-32.93862]},"properties":{"name":"Bush Fire Neighbourhood Safer Place","location":"Cnr Nubrigyn Street and Bent Street, Euchareena","suburb":"Euchareena","type":"Building","point_type":155}},{"type":"Feature","geometry":{"type":"Point","coordinates":[151.19057,-33.82408]},"properties":{"name":"Bush Fire Neighbourhood Safer Place","location":"Pacific Highway, St Leonards","suburb":"St Leonards","type":"Open Space","point_type":155}},{"type":"Feature","geometry":{"type":"Point","coordinates":[151.2089,-33.80908]},"properties":{"name":"Bush Fire Neighbourhood Safer Place","location":"Harden Avenue, Northbridge","suburb":"Northbridge","type":"Open Space","point_type":155}},{"type":"Feature","geometry":{"type":"Point","coordinates":[151.18193,-33.79991]},"properties":{"name":"Bush Fire Neighbourhood Safer Place","location":"Orchard Road, Chatswood","suburb":"Chatswood","type":"Open Space","point_type":155}},{"type":"Feature","geometry":{"type":"Point","coordinates":[151.20597,-33.79617]},"properties":{"name":"Bush Fire Neighbourhood Safer Place","location":"Warrane Road, Willoughby East","suburb":"Willoughby East","type":"Open Space","point_type":155}},{"type":"Feature","geometry":{"type":"Point","coordinates":[151.20288,-33.81171]},"properties":{"name":"Bush Fire Neighbourhood Safer Place","location":"2 Small Street, Willoughby","suburb":"Willoughby","type":"Open Space","point_type":155}},{"type":"Feature","geometry":{"type":"Point","coordinates":[150.49446,-34.35474]},"properties":{"name":"Bush Fire Neighbourhood Safer Place","location":"West Parade, Hill Top","suburb":"Hill Top","type":"Building","point_type":155}},{"type":"Feature","geometry":{"type":"Point","coordinates":[150.48682,-34.40062]},"properties":{"name":"Bush Fire Neighbourhood Safer Place","location":"28 Railway Avenue, Colo Vale","suburb":"Colo Vale","type":"Building","point_type":155}},{"type":"Feature","geometry":{"type":"Point","coordinates":[150.5429,-34.37019]},"properties":{"name":"Bush Fire Neighbourhood Safer Place","location":"Everest Street, Yerrinbool","suburb":"Yerrinbool","type":"Building","point_type":155}},{"type":"Feature","geometry":{"type":"Point","coordinates":[150.4783,-34.42441]},"properties":{"name":"Bush Fire Neighbourhood Safer Place","location":"Gantry Place, Willow Vale","suburb":"Willow Vale","type":"Open Space","point_type":155}},{"type":"Feature","geometry":{"type":"Point","coordinates":[150.44939,-34.45144]},"properties":{"name":"Bush Fire Neighbourhood Safer Place","location":"25 Regent Street, Mittagong","suburb":"Mittagong","type":"Open Space","point_type":155}},{"type":"Feature","geometry":{"type":"Point","coordinates":[150.42358,-34.44103]},"properties":{"name":"Bush Fire Neighbourhood Safer Place","location":"14 Currockbilly Street, Welby","suburb":"Welby","type":"Building","point_type":155}},{"type":"Feature","geometry":{"type":"Point","coordinates":[150.33339,-34.49063]},"properties":{"name":"Bush Fire Neighbourhood Safer Place","location":"Corner of Old Hume Highway and Market Place, Berrima","suburb":"Berrima","type":"Open Space","point_type":155}},{"type":"Feature","geometry":{"type":"Point","coordinates":[150.15864,-34.69234]},"properties":{"name":"Bush Fire Neighbourhood Safer Place","location":"63 Railway Parade, Wingello","suburb":"Wingello","type":"Open Space","point_type":155}},{"type":"Feature","geometry":{"type":"Point","coordinates":[150.41772,-34.47948]},"properties":{"name":"Bush Fire Neighbourhood Safer Place","location":"Bong Bong Street, Bowral","suburb":"Bowral","type":"Open Space","point_type":155}},{"type":"Feature","geometry":{"type":"Point","coordinates":[150.21379,-34.67079]},"properties":{"name":"Bush Fire Neighbourhood Safer Place","location":"281 Kareela Road, Penrose","suburb":"Penrose","type":"Building","point_type":155}},{"type":"Feature","geometry":{"type":"Point","coordinates":[150.58093,-34.29101]},"properties":{"name":"Bush Fire Neighbourhood Safer Place","location":"225-227 Great Southern Road, Bargo","suburb":"Bargo","type":"Open Space","point_type":155}},{"type":"Feature","geometry":{"type":"Point","coordinates":[150.59131,-34.22724]},"properties":{"name":"Bush Fire Neighbourhood Safer Place","location":"Harper Close, Tahmoor","suburb":"Tahmoor","type":"Building","point_type":155}},{"type":"Feature","geometry":{"type":"Point","coordinates":[150.57251,-34.07519]},"properties":{"name":"Bush Fire Neighbourhood Safer Place","location":"Russell Street, The Oaks","suburb":"The Oaks","type":"Building","point_type":155}},{"type":"Feature","geometry":{"type":"Point","coordinates":[150.59335,-34.22246]},"properties":{"name":"Bush Fire Neighbourhood Safer Place","location":"Cnr of Thirlmere Way and Remembrance Drive, Tahmoor","suburb":"Tahmoor","type":"Open Space","point_type":155}},{"type":"Feature","geometry":{"type":"Point","coordinates":[150.71058,-34.20796]},"properties":{"name":"Bush Fire Neighbourhood Safer Place","location":"415 Douglas Park Drive, Douglas Park","suburb":"Douglas Park","type":"Open Space","point_type":155}},{"type":"Feature","geometry":{"type":"Point","coordinates":[150.69441,-34.23412]},"properties":{"name":"Bush Fire Neighbourhood Safer Place","location":"Broughton Street, Wilton","suburb":"Wilton","type":"Building","point_type":155}},{"type":"Feature","geometry":{"type":"Point","coordinates":[150.61176,-34.16603]},"properties":{"name":"Bush Fire Neighbourhood Safer Place","location":"55-56 Argyle Street, Picton","suburb":"Picton","type":"Building","point_type":155}},{"type":"Feature","geometry":{"type":"Point","coordinates":[150.50949,-34.07945]},"properties":{"name":"Bush Fire Neighbourhood Safer Place","location":"Burragorang Road, Oakdale","suburb":"Oakdale","type":"Building","point_type":155}},{"type":"Feature","geometry":{"type":"Point","coordinates":[150.57905,-34.28928]},"properties":{"name":"Bush Fire Neighbourhood Safer Place","location":"80-90 Railside Avenue, Bargo","suburb":"Bargo","type":"Open Space","point_type":155}},{"type":"Feature","geometry":{"type":"Point","coordinates":[150.57056,-34.20422]},"properties":{"name":"Bush Fire Neighbourhood Safer Place","location":"Oaks Street, Thirlmere","suburb":"Thirlmere","type":"Open Space","point_type":155}},{"type":"Feature","geometry":{"type":"Point","coordinates":[150.78763,-34.20057]},"properties":{"name":"Bush Fire Neighbourhood Safer Place","location":"Appin Road, Appin","suburb":"Appin","type":"Open Space","point_type":155}},{"type":"Feature","geometry":{"type":"Point","coordinates":[150.94022,-34.30088]},"properties":{"name":"Bush Fire Neighbourhood Safer Place","location":"Lawrence Hargrave Drive, Austinmer","suburb":"Austinmer","type":"Open Space","point_type":155}},{"type":"Feature","geometry":{"type":"Point","coordinates":[150.98084,-34.19034]},"properties":{"name":"Bush Fire Neighbourhood Safer Place","location":"Walker Street, Helensburgh","suburb":"Helensburgh","type":"Open Space","point_type":155}},{"type":"Feature","geometry":{"type":"Point","coordinates":[151.43993,-33.35102]},"properties":{"name":"Bush Fire Neighbourhood Safer Place","location":"Kurraba Road, Berkeley Vale","suburb":"Berkeley Vale","type":"Open Space","point_type":155}},{"type":"Feature","geometry":{"type":"Point","coordinates":[151.54201,-33.27008]},"properties":{"name":"Bush Fire Neighbourhood Safer Place","location":"Beach Parade, Canton Beach","suburb":"Canton Beach","type":"Open Space","point_type":155}},{"type":"Feature","geometry":{"type":"Point","coordinates":[151.54349,-33.25856]},"properties":{"name":"Bush Fire Neighbourhood Safer Place","location":"Peel Street, Toukley","suburb":"Toukley","type":"Open Space","point_type":155}},{"type":"Feature","geometry":{"type":"Point","coordinates":[151.54379,-33.23525]},"properties":{"name":"Bush Fire Neighbourhood Safer Place","location":"Buff Point Avenue, Buff Point","suburb":"Buff Point","type":"Open Space","point_type":155}},{"type":"Feature","geometry":{"type":"Point","coordinates":[151.50714,-33.23297]},"properties":{"name":"Bush Fire Neighbourhood Safer Place","location":"Intersection of Panorama Avenue and Restlea Avenue, Charmhaven","suburb":"Charmhaven","type":"Open Space","point_type":155}},{"type":"Feature","geometry":{"type":"Point","coordinates":[151.57387,-33.19531]},"properties":{"name":"Bush Fire Neighbourhood Safer Place","location":"86-88 Anita Avenue, Lake Munmorah","suburb":"Lake Munmorah","type":"Open Space","point_type":155}},{"type":"Feature","geometry":{"type":"Point","coordinates":[151.5657,-33.1753]},"properties":{"name":"Bush Fire Neighbourhood Safer Place","location":"Lloyd Avenue, Chain Valley Bay","suburb":"Chain Valley Bay","type":"Open Space","point_type":155}},{"type":"Feature","geometry":{"type":"Point","coordinates":[151.56863,-33.17226]},"properties":{"name":"Bush Fire Neighbourhood Safer Place","location":"End of Mulloway Road, Chain Valley Bay","suburb":"Chain Valley Bay","type":"Open Space","point_type":155}},{"type":"Feature","geometry":{"type":"Point","coordinates":[151.5391,-33.15262]},"properties":{"name":"Bush Fire Neighbourhood Safer Place","location":"2 Dunvegan Street, Mannering Park","suburb":"Mannering Park","type":"Open Space","point_type":155}},{"type":"Feature","geometry":{"type":"Point","coordinates":[151.59061,-33.14268]},"properties":{"name":"Bush Fire Neighbourhood Safer Place","location":"70 Gamban Road, Gwandalan","suburb":"Gwandalan","type":"Open Space","point_type":155}},{"type":"Feature","geometry":{"type":"Point","coordinates":[151.5893,-33.13478]},"properties":{"name":"Bush Fire Neighbourhood Safer Place","location":"Between 32 and 34 Noamunga Cres, Gwandalan","suburb":"Gwandalan","type":"Open Space","point_type":155}},{"type":"Feature","geometry":{"type":"Point","coordinates":[151.56272,-33.13488]},"properties":{"name":"Bush Fire Neighbourhood Safer Place","location":"Between 33 and 35 Kullaroo Road, Summerland Point","suburb":"Summerland Point","type":"Open Space","point_type":155}},{"type":"Feature","geometry":{"type":"Point","coordinates":[148.68188,-35.1386]},"properties":{"name":"Bush Fire Neighbourhood Safer Place","location":"5 Nottingham Road, Wee Jasper","suburb":"Wee Jasper","type":"Open Space","point_type":155}},{"type":"Feature","geometry":{"type":"Point","coordinates":[148.87577,-35.13814]},"properties":{"name":"Bush Fire Neighbourhood Safer Place","location":"1732 Mountain Creek Road, The Mullion","suburb":"The Mullion","type":"Building","point_type":155}},{"type":"Feature","geometry":{"type":"Point","coordinates":[148.67324,-35.11092]},"properties":{"name":"Bush Fire Neighbourhood Safer Place","location":"6426 Wee Jasper Road, Wee Jasper","suburb":"Wee Jasper","type":"Building","point_type":155}},{"type":"Feature","geometry":{"type":"Point","coordinates":[148.55619,-34.03873]},"properties":{"name":"Bush Fire Neighbourhood Safer Place","location":"Campbell Street, Koorawatha","suburb":"Koorawatha","type":"Open Space","point_type":155}},{"type":"Feature","geometry":{"type":"Point","coordinates":[148.30287,-34.31686]},"properties":{"name":"Bush Fire Neighbourhood Safer Place","location":"Lachlan Street, Young","suburb":"Young","type":"Open Space","point_type":155}},{"type":"Feature","geometry":{"type":"Point","coordinates":[148.29718,-34.31169]},"properties":{"name":"Bush Fire Neighbourhood Safer Place","location":"Corner of Lynch Street and Lovell Street, Young","suburb":"Young","type":"Open Space","point_type":155}},{"type":"Feature","geometry":{"type":"Point","coordinates":[148.30143,-34.32444]},"properties":{"name":"Bush Fire Neighbourhood Safer Place","location":"Trafalgar Street, Young","suburb":"Young","type":"Open Space","point_type":155}},{"type":"Feature","geometry":{"type":"Point","coordinates":[148.44693,-34.16117]},"properties":{"name":"Bush Fire Neighbourhood Safer Place","location":"Bendick Murrell Street, Bendick Murrell","suburb":"Bendick Murrell","type":"Building","point_type":155}},{"type":"Feature","geometry":{"type":"Point","coordinates":[150.53446,-34.25393]},"properties":{"name":"Bush Fire Neighbourhood Safer Place","location":"West Parade, Buxton","suburb":"Buxton","type":"Building","point_type":155}},{"type":"Feature","geometry":{"type":"Point","coordinates":[150.58061,-34.29446]},"properties":{"name":"Bush Fire Neighbourhood Safer Place","location":"Radnor Road, Bargo","suburb":"Bargo","type":"Building","point_type":155}},{"type":"Feature","geometry":{"type":"Point","coordinates":[151.13052,-34.07757]},"properties":{"name":"Bush Fire Neighbourhood Safer Place","location":"Karra Karook Street North (Off Pacific Crescent), Maianbar","suburb":"Maianbar","type":"Open Space","point_type":155}},{"type":"Feature","geometry":{"type":"Point","coordinates":[151.05642,-34.03719]},"properties":{"name":"Bush Fire Neighbourhood Safer Place","location":"Rawson Avenue, Sutherland","suburb":"Sutherland","type":"Open Space","point_type":155}},{"type":"Feature","geometry":{"type":"Point","coordinates":[151.05612,-34.03029]},"properties":{"name":"Bush Fire Neighbourhood Safer Place","location":"Robertson Street, Sutherland","suburb":"Sutherland","type":"Open Space","point_type":155}},{"type":"Feature","geometry":{"type":"Point","coordinates":[151.01424,-34.06501]},"properties":{"name":"Bush Fire Neighbourhood Safer Place","location":"Waratah Road, Engadine","suburb":"Engadine","type":"Open Space","point_type":155}},{"type":"Feature","geometry":{"type":"Point","coordinates":[151.05948,-34.03109]},"properties":{"name":"Bush Fire Neighbourhood Safer Place","location":"Eton Street, Sutherland","suburb":"Sutherland","type":"Open Space","point_type":155}},{"type":"Feature","geometry":{"type":"Point","coordinates":[148.34241,-34.19136]},"properties":{"name":"Bush Fire Neighbourhood Safer Place","location":"Scenice Road, Monteagle","suburb":"Monteagle","type":"Building","point_type":155}},{"type":"Feature","geometry":{"type":"Point","coordinates":[145.8338,-31.50367]},"properties":{"name":"Bush Fire Neighbourhood Safer Place","location":"Maidens Avenue, Cobar","suburb":"Cobar","type":"Open Space","point_type":155}},{"type":"Feature","geometry":{"type":"Point","coordinates":[142.41811,-32.39078]},"properties":{"name":"Bush Fire Neighbourhood Safer Place","location":"Bourke Street, Menindee","suburb":"Menindee","type":"Open Space","point_type":155}},{"type":"Feature","geometry":{"type":"Point","coordinates":[146.37268,-33.21341]},"properties":{"name":"Bush Fire Neighbourhood Safer Place","location":"Nympaa Street, Murrin Bridge","suburb":"Murrin Bridge","type":"Open Space","point_type":155}},{"type":"Feature","geometry":{"type":"Point","coordinates":[145.87926,-32.83922]},"properties":{"name":"Bush Fire Neighbourhood Safer Place","location":"Main Street, Mount Hope","suburb":"Mount Hope","type":"Building","point_type":155}},{"type":"Feature","geometry":{"type":"Point","coordinates":[148.15078,-35.51953]},"properties":{"name":"Bush Fire Neighbourhood Safer Place","location":"Corner of Memorial Ave & Wakefield Ave, Batlow","suburb":"Batlow","type":"Open Space","point_type":155}},{"type":"Feature","geometry":{"type":"Point","coordinates":[147.87833,-34.11812]},"properties":{"name":"Bush Fire Neighbourhood Safer Place","location":"Weedallion Street, Bribbaree","suburb":"Bribbaree","type":"Open Space","point_type":155}},{"type":"Feature","geometry":{"type":"Point","coordinates":[148.12505,-36.21701]},"properties":{"name":"Bush Fire Neighbourhood Safer Place","location":"Corner of Mitchell Avenue and Pendergast Road, Khancoban","suburb":"Khancoban","type":"Building","point_type":155}},{"type":"Feature","geometry":{"type":"Point","coordinates":[144.30237,-32.8957]},"properties":{"name":"Bush Fire Neighbourhood Safer Place","location":"Leichhardt Street, Ivanhoe","suburb":"Ivanhoe","type":"Open Space","point_type":155}},{"type":"Feature","geometry":{"type":"Point","coordinates":[153.55159,-28.53921]},"properties":{"name":"Bush Fire Neighbourhood Safer Place","location":"Mullumbimby Street, Brunswick Heads","suburb":"Brunswick Heads","type":"Open Space","point_type":155}},{"type":"Feature","geometry":{"type":"Point","coordinates":[153.57521,-28.63698]},"properties":{"name":"Bush Fire Neighbourhood Safer Place","location":"Ewingsdale Road, Byron Bay","suburb":"Byron Bay","type":"Open Space","point_type":155}},{"type":"Feature","geometry":{"type":"Point","coordinates":[153.34826,-29.40745]},"properties":{"name":"Bush Fire Neighbourhood Safer Place","location":"Young Street, Iluka","suburb":"Iluka","type":"Open Space","point_type":155}},{"type":"Feature","geometry":{"type":"Point","coordinates":[153.57485,-28.36011]},"properties":{"name":"Bush Fire Neighbourhood Safer Place","location":"Tweed Coast Way, Hastings Point (opposite Hastings Point Holiday Park)","suburb":"Hastings Point","type":"Open Space","point_type":155}},{"type":"Feature","geometry":{"type":"Point","coordinates":[153.56485,-28.39002]},"properties":{"name":"Bush Fire Neighbourhood Safer Place","location":"Philp Street, Pottsville","suburb":"Pottsville","type":"Open Space","point_type":155}},{"type":"Feature","geometry":{"type":"Point","coordinates":[153.39256,-28.32228]},"properties":{"name":"Bush Fire Neighbourhood Safer Place","location":"Corner Moobal Street and Queensland Road, Murwillumbah","suburb":"Murwillumbah","type":"Open Space","point_type":155}},{"type":"Feature","geometry":{"type":"Point","coordinates":[153.56798,-28.33735]},"properties":{"name":"Bush Fire Neighbourhood Safer Place","location":"Tallowood Avenue, Cabarita","suburb":"Cabarita","type":"Open Space","point_type":155}},{"type":"Feature","geometry":{"type":"Point","coordinates":[153.2281,-29.98359]},"properties":{"name":"Bush Fire Neighbourhood Safer Place","location":"Corner of Red Rock Road and Lawson Street, Red Rock","suburb":"Red Rock","type":"Open Space","point_type":155}},{"type":"Feature","geometry":{"type":"Point","coordinates":[153.19781,-30.11196]},"properties":{"name":"Bush Fire Neighbourhood Safer Place","location":"Fawcett Street, Woolgoolga","suburb":"Woolgoolga","type":"Open Space","point_type":155}},{"type":"Feature","geometry":{"type":"Point","coordinates":[153.00206,-30.27412]},"properties":{"name":"Bush Fire Neighbourhood Safer Place","location":"Dairyville Road, Upper Orara","suburb":"Upper Orara","type":"Open Space","point_type":155}},{"type":"Feature","geometry":{"type":"Point","coordinates":[151.1575,-30.87961]},"properties":{"name":"Bush Fire Neighbourhood Safer Place","location":"Corner of Memorial Drive and Havannah Street, Bendemeer","suburb":"Bendemeer","type":"Open Space","point_type":155}},{"type":"Feature","geometry":{"type":"Point","coordinates":[152.90344,-30.45364]},"properties":{"name":"Bush Fire Neighbourhood Safer Place","location":"Waterfall Way, Bellingen (Opposite Golf Course)","suburb":"Bellingen","type":"Open Space","point_type":155}},{"type":"Feature","geometry":{"type":"Point","coordinates":[150.65324,-35.10002]},"properties":{"name":"Bush Fire Neighbourhood Safer Place","location":"19 King George Street, Erowal Bay","suburb":"Erowal Bay","type":"Open Space","point_type":155}},{"type":"Feature","geometry":{"type":"Point","coordinates":[150.62685,-35.10547]},"properties":{"name":"Bush Fire Neighbourhood Safer Place","location":"Paradise Beach Road, Sanctuary Point","suburb":"Sanctuary Point","type":"Open Space","point_type":155}},{"type":"Feature","geometry":{"type":"Point","coordinates":[150.56231,-35.09289]},"properties":{"name":"Bush Fire Neighbourhood Safer Place","location":"Basin View Parade, Basin View","suburb":"Basin View","type":"Open Space","point_type":155}},{"type":"Feature","geometry":{"type":"Point","coordinates":[150.55571,-34.93671]},"properties":{"name":"Bush Fire Neighbourhood Safer Place","location":"Intersection of Albatross Road and BTU Road, Nowra Hill","suburb":"Nowra Hill","type":"Open Space","point_type":155}},{"type":"Feature","geometry":{"type":"Point","coordinates":[146.83313,-36.03696]},"properties":{"name":"Bush Fire Neighbourhood Safer Place","location":"Splitters Creek Road, Splitters Creek","suburb":"Splitters Creek","type":"Building","point_type":155}},{"type":"Feature","geometry":{"type":"Point","coordinates":[147.03586,-35.51994]},"properties":{"name":"Bush Fire Neighbourhood Safer Place","location":"Olympic Highway, Henty","suburb":"Henty","type":"Open Space","point_type":155}},{"type":"Feature","geometry":{"type":"Point","coordinates":[146.99436,-35.83623]},"properties":{"name":"Bush Fire Neighbourhood Safer Place","location":"Main Street, Gerogery (near Olympic Highway)","suburb":"Gerogery","type":"Building","point_type":155}},{"type":"Feature","geometry":{"type":"Point","coordinates":[146.37501,-36.02373]},"properties":{"name":"Bush Fire Neighbourhood Safer Place","location":"Hume Street, Corowa","suburb":"Corowa","type":"Open Space","point_type":155}},{"type":"Feature","geometry":{"type":"Point","coordinates":[150.37832,-35.54496]},"properties":{"name":"Bush Fire Neighbourhood Safer Place","location":"Murramerang Road, Kioloa","suburb":"Kioloa","type":"Open Space","point_type":155}},{"type":"Feature","geometry":{"type":"Point","coordinates":[150.45025,-35.38495]},"properties":{"name":"Bush Fire Neighbourhood Safer Place","location":"Queanbeyan Avenue, Burrill Lake","suburb":"Burrill Lake","type":"Open Space","point_type":155}},{"type":"Feature","geometry":{"type":"Point","coordinates":[150.39793,-35.50724]},"properties":{"name":"Bush Fire Neighbourhood Safer Place","location":"Tingira Drive, Bawley Point","suburb":"Bawley Point","type":"Open Space","point_type":155}},{"type":"Feature","geometry":{"type":"Point","coordinates":[150.47391,-35.339]},"properties":{"name":"Bush Fire Neighbourhood Safer Place","location":"Corner of Ocean Street and Golf Avenue, Mollymook","suburb":"Mollymook","type":"Open Space","point_type":155}},{"type":"Feature","geometry":{"type":"Point","coordinates":[150.48888,-35.26963]},"properties":{"name":"Bush Fire Neighbourhood Safer Place","location":"7025 Lake Conjola Entrance Road, Lake Conjola","suburb":"Lake Conjola","type":"Building","point_type":155}},{"type":"Feature","geometry":{"type":"Point","coordinates":[150.7356,-34.90721]},"properties":{"name":"Bush Fire Neighbourhood Safer Place","location":"Greenwell Point Road, Greenwell Point","suburb":"Greenwell Point","type":"Open Space","point_type":155}},{"type":"Feature","geometry":{"type":"Point","coordinates":[150.59974,-34.84646]},"properties":{"name":"Bush Fire Neighbourhood Safer Place","location":"Cambewarra Road, Bomaderry","suburb":"Bomaderry","type":"Open Space","point_type":155}},{"type":"Feature","geometry":{"type":"Point","coordinates":[150.69491,-34.77857]},"properties":{"name":"Bush Fire Neighbourhood Safer Place","location":"Corner of Gillam Street and Alexandra Street, Berry","suburb":"Berry","type":"Open Space","point_type":155}},{"type":"Feature","geometry":{"type":"Point","coordinates":[150.5364,-34.73641]},"properties":{"name":"Bush Fire Neighbourhood Safer Place","location":"Moss Vale Road, Kangaroo Valley","suburb":"Kangaroo Valley","type":"Open Space","point_type":155}},{"type":"Feature","geometry":{"type":"Point","coordinates":[150.55624,-34.82588]},"properties":{"name":"Bush Fire Neighbourhood Safer Place","location":"The Concourse, Cambewarra Village","suburb":"Cambewarra Village","type":"Open Space","point_type":155}},{"type":"Feature","geometry":{"type":"Point","coordinates":[150.5965,-34.8635]},"properties":{"name":"Bush Fire Neighbourhood Safer Place","location":"Fairway Drive, North Nowra","suburb":"North Nowra","type":"Open Space","point_type":155}},{"type":"Feature","geometry":{"type":"Point","coordinates":[149.58601,-32.59797]},"properties":{"name":"Bush Fire Neighbourhood Safer Place","location":"75 Denison Street, Mudgee","suburb":"Mudgee","type":"Open Space","point_type":155}},{"type":"Feature","geometry":{"type":"Point","coordinates":[150.07407,-36.36027]},"properties":{"name":"Bush Fire Neighbourhood Safer Place","location":"Wallaga Lake Road, Wallaga Lake","suburb":"Wallaga Lake","type":"Open Space","point_type":155}},{"type":"Feature","geometry":{"type":"Point","coordinates":[149.62041,-37.00711]},"properties":{"name":"Bush Fire Neighbourhood Safer Place","location":"Davidson Road, Burragate","suburb":"Burragate","type":"Building","point_type":155}},{"type":"Feature","geometry":{"type":"Point","coordinates":[150.12728,-36.163]},"properties":{"name":"Bush Fire Neighbourhood Safer Place","location":"Noble Parade, Dalmeny","suburb":"Dalmeny","type":"Open Space","point_type":155}},{"type":"Feature","geometry":{"type":"Point","coordinates":[150.44665,-35.39563]},"properties":{"name":"Bush Fire Neighbourhood Safer Place","location":"Off Seaside Parade, Dolphin Point","suburb":"Dolphin Point","type":"Open Space","point_type":155}},{"type":"Feature","geometry":{"type":"Point","coordinates":[146.30337,-34.93374]},"properties":{"name":"Bush Fire Neighbourhood Safer Place","location":"Browley Street, Morundah","suburb":"Morundah","type":"Open Space","point_type":155}},{"type":"Feature","geometry":{"type":"Point","coordinates":[152.79653,-31.32671]},"properties":{"name":"Bush Fire Neighbourhood Safer Place","location":"Corner of Mooney Street and Hacks Ferry Road, Telegraph Point","suburb":"Telegraph Point","type":"Open Space","point_type":155}},{"type":"Feature","geometry":{"type":"Point","coordinates":[150.59292,-34.87292]},"properties":{"name":"Bush Fire Neighbourhood Safer Place","location":"Corner of Junction Street and West Street, Nowra","suburb":"Nowra","type":"Open Space","point_type":155}},{"type":"Feature","geometry":{"type":"Point","coordinates":[150.43042,-35.31965]},"properties":{"name":"Bush Fire Neighbourhood Safer Place","location":"Croobyar Road, Milton","suburb":"Milton","type":"Open Space","point_type":155}},{"type":"Feature","geometry":{"type":"Point","coordinates":[150.47497,-35.35708]},"properties":{"name":"Bush Fire Neighbourhood Safer Place","location":"Wason Street, Ulladulla","suburb":"Ulladulla","type":"Open Space","point_type":155}},{"type":"Feature","geometry":{"type":"Point","coordinates":[150.55741,-35.19536]},"properties":{"name":"Bush Fire Neighbourhood Safer Place","location":"Goonawarra Drive, Cudmirrah","suburb":"Cudmirrah","type":"Open Space","point_type":155}},{"type":"Feature","geometry":{"type":"Point","coordinates":[153.42889,-29.11303]},"properties":{"name":"Bush Fire Neighbourhood Safer Place","location":"Booyong Street, Evans Head","suburb":"Evans Head","type":"Open Space","point_type":155}},{"type":"Feature","geometry":{"type":"Point","coordinates":[149.81347,-35.64102]},"properties":{"name":"Bush Fire Neighbourhood Safer Place","location":"Araluen Road, Araluen","suburb":"Araluen","type":"Open Space","point_type":155}},{"type":"Feature","geometry":{"type":"Point","coordinates":[149.74267,-35.56864]},"properties":{"name":"Bush Fire Neighbourhood Safer Place","location":"Hill Street, Majors Creek","suburb":"Majors Creek","type":"Open Space","point_type":155}},{"type":"Feature","geometry":{"type":"Point","coordinates":[149.81578,-36.82839]},"properties":{"name":"Bush Fire Neighbourhood Safer Place","location":"Princes Highway, Wolumla","suburb":"Wolumla","type":"Open Space","point_type":155}},{"type":"Feature","geometry":{"type":"Point","coordinates":[151.96762,-32.65418]},"properties":{"name":"Bush Fire Neighbourhood Safer Place","location":"Memorial Drive, Karuah","suburb":"Karuah","type":"Open Space","point_type":155}},{"type":"Feature","geometry":{"type":"Point","coordinates":[144.12659,-35.62311]},"properties":{"name":"Bush Fire Neighbourhood Safer Place","location":"Gonn Street, Barham","suburb":"Barham","type":"Open Space","point_type":155}},{"type":"Feature","geometry":{"type":"Point","coordinates":[144.0344,-35.08546]},"properties":{"name":"Bush Fire Neighbourhood Safer Place","location":"Brougham Street, Moulamein","suburb":"Moulamein","type":"Open Space","point_type":155}},{"type":"Feature","geometry":{"type":"Point","coordinates":[143.60845,-35.34845]},"properties":{"name":"Bush Fire Neighbourhood Safer Place","location":"Murray Downs Drive, Murray Downs","suburb":"Murray Downs","type":"Open Space","point_type":155}},{"type":"Feature","geometry":{"type":"Point","coordinates":[143.33906,-35.02321]},"properties":{"name":"Bush Fire Neighbourhood Safer Place","location":"Murray Street, Tooleybuc","suburb":"Tooleybuc","type":"Open Space","point_type":155}},{"type":"Feature","geometry":{"type":"Point","coordinates":[144.39836,-35.46481]},"properties":{"name":"Bush Fire Neighbourhood Safer Place","location":"Dampier Street, Wakool","suburb":"Wakool","type":"Open Space","point_type":155}},{"type":"Feature","geometry":{"type":"Point","coordinates":[147.06627,-35.38702]},"properties":{"name":"Bush Fire Neighbourhood Safer Place","location":"Yerong Creek - Mangoplah Road, Yerong Creek","suburb":"Yerong Creek","type":"Open Space","point_type":155}},{"type":"Feature","geometry":{"type":"Point","coordinates":[146.71974,-35.224]},"properties":{"name":"Bush Fire Neighbourhood Safer Place","location":"Day Street, Lockhart","suburb":"Lockhart","type":"Open Space","point_type":155}},{"type":"Feature","geometry":{"type":"Point","coordinates":[146.60634,-35.1095]},"properties":{"name":"Bush Fire Neighbourhood Safer Place","location":"Eades Street, Boree Creek","suburb":"Boree Creek","type":"Building","point_type":155}},{"type":"Feature","geometry":{"type":"Point","coordinates":[147.11811,-35.27054]},"properties":{"name":"Bush Fire Neighbourhood Safer Place","location":"Corner of Urana Street and Day Street, The Rock","suburb":"The Rock","type":"Open Space","point_type":155}},{"type":"Feature","geometry":{"type":"Point","coordinates":[146.27299,-35.33499]},"properties":{"name":"Bush Fire Neighbourhood Safer Place","location":"Federation Way, Urana","suburb":"Urana","type":"Open Space","point_type":155}},{"type":"Feature","geometry":{"type":"Point","coordinates":[149.44496,-35.25389]},"properties":{"name":"Bush Fire Neighbourhood Safer Place","location":"Gibraltar Street, Bungendore","suburb":"Bungendore","type":"Open Space","point_type":155}},{"type":"Feature","geometry":{"type":"Point","coordinates":[149.80047,-35.44244]},"properties":{"name":"Bush Fire Neighbourhood Safer Place","location":"Corner of Wilson Street and Wallace Street, Braidwood","suburb":"Braidwood","type":"Open Space","point_type":155}},{"type":"Feature","geometry":{"type":"Point","coordinates":[153.58287,-28.84964]},"properties":{"name":"Bush Fire Neighbourhood Safer Place","location":"Links Avenue (Near Chickiba Drive), East Ballina","suburb":"East Ballina","type":"Open Space","point_type":155}},{"type":"Feature","geometry":{"type":"Point","coordinates":[153.46258,-28.27649]},"properties":{"name":"Bush Fire Neighbourhood Safer Place","location":"Bawden Street, Tumbulgum","suburb":"Tumbulgum","type":"Open Space","point_type":155}},{"type":"Feature","geometry":{"type":"Point","coordinates":[145.42532,-29.75291]},"properties":{"name":"Bush Fire Neighbourhood Safer Place","location":"Aubrey Street, Fords Bridge","suburb":"Fords Bridge","type":"Building","point_type":155}},{"type":"Feature","geometry":{"type":"Point","coordinates":[145.1186,-30.54604]},"properties":{"name":"Bush Fire Neighbourhood Safer Place","location":"Louth Road, Louth","suburb":"Louth","type":"Open Space","point_type":155}},{"type":"Feature","geometry":{"type":"Point","coordinates":[146.40254,-30.66229]},"properties":{"name":"Bush Fire Neighbourhood Safer Place","location":"Cobar Street, Byrock","suburb":"Byrock","type":"Building","point_type":155}},{"type":"Feature","geometry":{"type":"Point","coordinates":[146.86647,-29.97487]},"properties":{"name":"Bush Fire Neighbourhood Safer Place","location":"Cnr of Burban St and Arthur Hall VC Way, Brewarrina","suburb":"Brewarrina","type":"Open Space","point_type":155}},{"type":"Feature","geometry":{"type":"Point","coordinates":[145.94332,-30.09279]},"properties":{"name":"Bush Fire Neighbourhood Safer Place","location":"Wilson Street, Bourke","suburb":"Bourke","type":"Open Space","point_type":155}},{"type":"Feature","geometry":{"type":"Point","coordinates":[150.42919,-33.72106]},"properties":{"name":"Bush Fire Neighbourhood Safer Place","location":"7 New Street, Lawson","suburb":"Lawson","type":"Building","point_type":155}},{"type":"Feature","geometry":{"type":"Point","coordinates":[150.4537,-33.72242]},"properties":{"name":"Bush Fire Neighbourhood Safer Place","location":"1 Rosedale Avenue, Hazelbrook","suburb":"Hazelbrook","type":"Building","point_type":155}},{"type":"Feature","geometry":{"type":"Point","coordinates":[150.57828,-33.68973]},"properties":{"name":"Bush Fire Neighbourhood Safer Place","location":"Hawkesbury Road, Springwood","suburb":"Springwood","type":"Building","point_type":155}},{"type":"Feature","geometry":{"type":"Point","coordinates":[150.61726,-33.75161]},"properties":{"name":"Bush Fire Neighbourhood Safer Place","location":"Matthew Parade, Blaxland","suburb":"Blaxland","type":"Open Space","point_type":155}},{"type":"Feature","geometry":{"type":"Point","coordinates":[150.62485,-33.7462]},"properties":{"name":"Bush Fire Neighbourhood Safer Place","location":"Old Bathurst Road, Blaxland","suburb":"Blaxland","type":"Building","point_type":155}},{"type":"Feature","geometry":{"type":"Point","coordinates":[150.62947,-33.73158]},"properties":{"name":"Bush Fire Neighbourhood Safer Place","location":"Corner of Elizabeth Road and Rusden Road, Mount Riverview","suburb":"Mount Riverview","type":"Building","point_type":155}},{"type":"Feature","geometry":{"type":"Point","coordinates":[148.30279,-31.66724]},"properties":{"name":"Bush Fire Neighbourhood Safer Place","location":"Corner of Oxley Highway and Coonamble Street, Collie","suburb":"Collie","type":"Building","point_type":155}},{"type":"Feature","geometry":{"type":"Point","coordinates":[150.15305,-29.80106]},"properties":{"name":"Bush Fire Neighbourhood Safer Place","location":"Terry Hie Hie Road, Terry Hie Hie","suburb":"Terry Hie Hie","type":"Building","point_type":155}},{"type":"Feature","geometry":{"type":"Point","coordinates":[147.98354,-29.43525]},"properties":{"name":"Bush Fire Neighbourhood Safer Place","location":"Corner of Cardinal Street and Opal Street, Lightning Ridge","suburb":"Lightning Ridge","type":"Open Space","point_type":155}},{"type":"Feature","geometry":{"type":"Point","coordinates":[150.50543,-30.89503]},"properties":{"name":"Bush Fire Neighbourhood Safer Place","location":"Keepit Dam Road, Lake Keepit","suburb":"Lake Keepit","type":"Open Space","point_type":155}},{"type":"Feature","geometry":{"type":"Point","coordinates":[148.11808,-30.02359]},"properties":{"name":"Bush Fire Neighbourhood Safer Place","location":"Corner of Pitt Street and Euroka Street, Walgett","suburb":"Walgett","type":"Open Space","point_type":155}},{"type":"Feature","geometry":{"type":"Point","coordinates":[150.73181,-31.26404]},"properties":{"name":"Bush Fire Neighbourhood Safer Place","location":"25 Davis Street, Currabubula","suburb":"Currabubula","type":"Building","point_type":155}},{"type":"Feature","geometry":{"type":"Point","coordinates":[150.26798,-31.11634]},"properties":{"name":"Bush Fire Neighbourhood Safer Place","location":"Goran Street, Curlewis","suburb":"Curlewis","type":"Open Space","point_type":155}},{"type":"Feature","geometry":{"type":"Point","coordinates":[149.73642,-32.6902]},"properties":{"name":"Bush Fire Neighbourhood Safer Place","location":"288 Riverlea Road, Riverlea","suburb":"Riverlea","type":"Open Space","point_type":155}},{"type":"Feature","geometry":{"type":"Point","coordinates":[152.37542,-28.92734]},"properties":{"name":"Bush Fire Neighbourhood Safer Place","location":"Corner of Allison Street and Bruxner Highway, Drake Village","suburb":"Drake Village","type":"Open Space","point_type":155}},{"type":"Feature","geometry":{"type":"Point","coordinates":[151.69381,-29.315]},"properties":{"name":"Bush Fire Neighbourhood Safer Place","location":"Bates Road, Torrington","suburb":"Torrington","type":"Building","point_type":155}},{"type":"Feature","geometry":{"type":"Point","coordinates":[151.11771,-29.85437]},"properties":{"name":"Bush Fire Neighbourhood Safer Place","location":"Hall Street, Gilgai","suburb":"Gilgai","type":"Building","point_type":155}},{"type":"Feature","geometry":{"type":"Point","coordinates":[151.67638,-30.21985]},"properties":{"name":"Bush Fire Neighbourhood Safer Place","location":"Dutton Parade, Guyra","suburb":"Guyra","type":"Open Space","point_type":155}},{"type":"Feature","geometry":{"type":"Point","coordinates":[146.92272,-34.76893]},"properties":{"name":"Bush Fire Neighbourhood Safer Place","location":"Matong Street, Matong","suburb":"Matong","type":"Building","point_type":155}},{"type":"Feature","geometry":{"type":"Point","coordinates":[147.34497,-34.82789]},"properties":{"name":"Bush Fire Neighbourhood Safer Place","location":"Lyne Street, Marrar","suburb":"Marrar","type":"Open Space","point_type":155}},{"type":"Feature","geometry":{"type":"Point","coordinates":[147.03899,-34.79286]},"properties":{"name":"Bush Fire Neighbourhood Safer Place","location":"Ford Street, Ganmain","suburb":"Ganmain","type":"Building","point_type":155}},{"type":"Feature","geometry":{"type":"Point","coordinates":[146.90212,-34.35748]},"properties":{"name":"Bush Fire Neighbourhood Safer Place","location":"Ariah Street, Ardlethan","suburb":"Ardlethan","type":"Open Space","point_type":155}},{"type":"Feature","geometry":{"type":"Point","coordinates":[151.0705,-30.17139]},"properties":{"name":"Bush Fire Neighbourhood Safer Place","location":"Bombelli Street, Bundarra","suburb":"Bundarra","type":"Open Space","point_type":155}},{"type":"Feature","geometry":{"type":"Point","coordinates":[150.56869,-29.87074]},"properties":{"name":"Bush Fire Neighbourhood Safer Place","location":"Frazer Street, Bingara","suburb":"Bingara","type":"Open Space","point_type":155}},{"type":"Feature","geometry":{"type":"Point","coordinates":[151.19411,-33.66721]},"properties":{"name":"Bush Fire Neighbourhood Safer Place","location":"The Greenway, Duffys Forest","suburb":"Duffys Forest","type":"Open Space","point_type":155}},{"type":"Feature","geometry":{"type":"Point","coordinates":[150.37138,-33.707]},"properties":{"name":"Bush Fire Neighbourhood Safer Place","location":"Matcham Avenue, Wentworth Falls","suburb":"WENTWORTH FALLS","type":"Open Space","point_type":155}},{"type":"Feature","geometry":{"type":"Point","coordinates":[150.54496,-33.69144]},"properties":{"name":"Bush Fire Neighbourhood Safer Place","location":"Corner of Grose Road and Great Western Highway, Faulconbridge","suburb":"Faulconbridge","type":"Building","point_type":155}},{"type":"Feature","geometry":{"type":"Point","coordinates":[150.13417,-30.49343]},"properties":{"name":"Bush Fire Neighbourhood Safer Place","location":"2249 Harparary Road, Maules Creek","suburb":"Maules Creek","type":"Building","point_type":155}},{"type":"Feature","geometry":{"type":"Point","coordinates":[150.56989,-33.69854]},"properties":{"name":"Bush Fire Neighbourhood Safer Place","location":"Corner of Hawkesbury Road and Macquarie Road, Springwood","suburb":"Springwood","type":"Building","point_type":155}},{"type":"Feature","geometry":{"type":"Point","coordinates":[150.33225,-33.71365]},"properties":{"name":"Bush Fire Neighbourhood Safer Place","location":"Megalong Street, Leura","suburb":"Leura","type":"Open Space","point_type":155}},{"type":"Feature","geometry":{"type":"Point","coordinates":[150.4741,-33.73302]},"properties":{"name":"Bush Fire Neighbourhood Safer Place","location":"88-89 Great Western Highway, Woodford","suburb":"Woodford","type":"Building","point_type":155}},{"type":"Feature","geometry":{"type":"Point","coordinates":[150.42276,-34.48674]},"properties":{"name":"Bush Fire Neighbourhood Safer Place","location":"Corner of Sheffield Road and Park Road, Bowral","suburb":"Bowral","type":"Open Space","point_type":155}},{"type":"Feature","geometry":{"type":"Point","coordinates":[150.30547,-34.65247]},"properties":{"name":"Bush Fire Neighbourhood Safer Place","location":"70 Erith Street, Bundanoon","suburb":"Bundanoon","type":"Open Space","point_type":155}},{"type":"Feature","geometry":{"type":"Point","coordinates":[150.31799,-34.61151]},"properties":{"name":"Bush Fire Neighbourhood Safer Place","location":"Exeter Road, Exeter","suburb":"Exeter","type":"Open Space","point_type":155}},{"type":"Feature","geometry":{"type":"Point","coordinates":[150.37352,-34.54087]},"properties":{"name":"Bush Fire Neighbourhood Safer Place","location":"Lackey Road, Moss Vale","suburb":"Moss Vale","type":"Open Space","point_type":155}},{"type":"Feature","geometry":{"type":"Point","coordinates":[150.8592,-33.68131]},"properties":{"name":"Bush Fire Neighbourhood Safer Place","location":"Corner of Garfield Road West and Carlton Street, Riverstone","suburb":"Riverstone","type":"Open Space","point_type":155}},{"type":"Feature","geometry":{"type":"Point","coordinates":[151.71629,-31.51374]},"properties":{"name":"Bush Fire Neighbourhood Safer Place","location":"Brackendale Road, Nowendoc","suburb":"Nowendoc","type":"Building","point_type":155}},{"type":"Feature","geometry":{"type":"Point","coordinates":[147.45264,-29.11613]},"properties":{"name":"Bush Fire Neighbourhood Safer Place","location":"Walgett Street, Goodooga","suburb":"Goodooga","type":"Open Space","point_type":155}},{"type":"Feature","geometry":{"type":"Point","coordinates":[147.72696,-34.46782]},"properties":{"name":"Bush Fire Neighbourhood Safer Place","location":"Burley Griffin Way, Springdale","suburb":"Springdale","type":"Building","point_type":155}},{"type":"Feature","geometry":{"type":"Point","coordinates":[147.22004,-34.35127]},"properties":{"name":"Bush Fire Neighbourhood Safer Place","location":"Corner of Coolamon Street and Wellman Street, Ariah Park","suburb":"Ariah Park","type":"Open Space","point_type":155}},{"type":"Feature","geometry":{"type":"Point","coordinates":[150.55599,-33.6995]},"properties":{"name":"Bush Fire Neighbourhood Safer Place","location":"345 Great Western Highway, Springwood","suburb":"Springwood","type":"Building","point_type":155}},{"type":"Feature","geometry":{"type":"Point","coordinates":[147.20158,-33.92195]},"properties":{"name":"Bush Fire Neighbourhood Safer Place","location":"Corner of Mid Western Highway and Newell Highway, West Wyalong","suburb":"West Wyalong","type":"Open Space","point_type":155}},{"type":"Feature","geometry":{"type":"Point","coordinates":[146.62222,-33.87112]},"properties":{"name":"Bush Fire Neighbourhood Safer Place","location":"Cow St, Weethalle","suburb":"Weethalle","type":"Open Space","point_type":155}},{"type":"Feature","geometry":{"type":"Point","coordinates":[146.88238,-33.99395]},"properties":{"name":"Bush Fire Neighbourhood Safer Place","location":"Tallimba Street, Tallimba","suburb":"Tallimba","type":"Open Space","point_type":155}},{"type":"Feature","geometry":{"type":"Point","coordinates":[146.98038,-33.63605]},"properties":{"name":"Bush Fire Neighbourhood Safer Place","location":"Crown Camp Road, Ungarie","suburb":"Ungarie","type":"Open Space","point_type":155}},{"type":"Feature","geometry":{"type":"Point","coordinates":[147.08844,-34.30715]},"properties":{"name":"Bush Fire Neighbourhood Safer Place","location":"Hill Street, Mirrool","suburb":"Mirrool","type":"Open Space","point_type":155}},{"type":"Feature","geometry":{"type":"Point","coordinates":[146.66407,-33.65216]},"properties":{"name":"Bush Fire Neighbourhood Safer Place","location":"Bradburys Lane, Kikoira","suburb":"Kikoira","type":"Building","point_type":155}},{"type":"Feature","geometry":{"type":"Point","coordinates":[147.38642,-34.14525]},"properties":{"name":"Bush Fire Neighbourhood Safer Place","location":"Corner of Loftus Street and Queen Street, Barmedman","suburb":"Barmedman","type":"Open Space","point_type":155}},{"type":"Feature","geometry":{"type":"Point","coordinates":[147.2511,-33.51555]},"properties":{"name":"Bush Fire Neighbourhood Safer Place","location":"Bena Street, Burcher","suburb":"Burcher","type":"Building","point_type":155}},{"type":"Feature","geometry":{"type":"Point","coordinates":[147.35669,-32.24306]},"properties":{"name":"Bush Fire Neighbourhood Safer Place","location":"Corner of Moodana Street and Bulbodney Street, Tottenham","suburb":"Tottenham","type":"Building","point_type":155}},{"type":"Feature","geometry":{"type":"Point","coordinates":[147.45834,-32.80753]},"properties":{"name":"Bush Fire Neighbourhood Safer Place","location":"Wilmatha Fifield Road, Fifield","suburb":"Fifield","type":"Building","point_type":155}},{"type":"Feature","geometry":{"type":"Point","coordinates":[146.37739,-33.3009]},"properties":{"name":"Bush Fire Neighbourhood Safer Place","location":"Holt Street, Lake Cargelligo","suburb":"Lake Cogellico","type":"Open Space","point_type":155}},{"type":"Feature","geometry":{"type":"Point","coordinates":[149.90028,-36.11649]},"properties":{"name":"Bush Fire Neighbourhood Safer Place","location":"Gulph Street, Nerrigundah","suburb":"Nerrigundah","type":"Building","point_type":155}},{"type":"Feature","geometry":{"type":"Point","coordinates":[147.20403,-34.81188]},"properties":{"name":"Bush Fire Neighbourhood Safer Place","location":"Lewis Street, Coolamon","suburb":"Coolamon","type":"Open Space","point_type":155}},{"type":"Feature","geometry":{"type":"Point","coordinates":[146.78336,-34.73717]},"properties":{"name":"Bush Fire Neighbourhood Safer Place","location":"Corner Binya Street and Balaro Street, Grong Grong","suburb":"Grong Grong","type":"Open Space","point_type":155}},{"type":"Feature","geometry":{"type":"Point","coordinates":[148.27118,-35.35124]},"properties":{"name":"Bush Fire Neighbourhood Safer Place","location":"Tumut Plains Road, Tumut Plains","suburb":"Tumut Plains","type":"Open Space","point_type":155}},{"type":"Feature","geometry":{"type":"Point","coordinates":[149.91175,-37.24595]},"properties":{"name":"Bush Fire Neighbourhood Safer Place","location":"Gleeson Road, Wonboyn","suburb":"Wonboyn","type":"Building","point_type":155}},{"type":"Feature","geometry":{"type":"Point","coordinates":[147.03518,-35.66837]},"properties":{"name":"Bush Fire Neighbourhood Safer Place","location":"Corner of Balfour Street and Blair Street, Culcairn","suburb":"Culcairn","type":"Building","point_type":155}},{"type":"Feature","geometry":{"type":"Point","coordinates":[147.51325,-35.20899]},"properties":{"name":"Bush Fire Neighbourhood Safer Place","location":"30 Kyeamba Street, Ladysmith","suburb":"Ladysmith","type":"Open Space","point_type":155}},{"type":"Feature","geometry":{"type":"Point","coordinates":[147.53574,-35.10787]},"properties":{"name":"Bush Fire Neighbourhood Safer Place","location":"4 Barney Street, Oura","suburb":"Oura","type":"Open Space","point_type":155}},{"type":"Feature","geometry":{"type":"Point","coordinates":[146.79835,-35.4603]},"properties":{"name":"Bush Fire Neighbourhood Safer Place","location":"Manson Street, Pleasant Hills","suburb":"Pleasant Hills","type":"Building","point_type":155}},{"type":"Feature","geometry":{"type":"Point","coordinates":[146.58235,-35.59533]},"properties":{"name":"Bush Fire Neighbourhood Safer Place","location":"Kindra Street (Urana Road), Rand","suburb":"Rand","type":"Open Space","point_type":155}},{"type":"Feature","geometry":{"type":"Point","coordinates":[147.29898,-35.12888]},"properties":{"name":"Bush Fire Neighbourhood Safer Place","location":"2-4 Benedict Avenue, San Isidore","suburb":"San Isidore","type":"Building","point_type":155}},{"type":"Feature","geometry":{"type":"Point","coordinates":[147.73895,-35.27649]},"properties":{"name":"Bush Fire Neighbourhood Safer Place","location":"41 Sydney Street, Tarcutta","suburb":"Tarcutta","type":"Open Space","point_type":155}},{"type":"Feature","geometry":{"type":"Point","coordinates":[147.24533,-35.19308]},"properties":{"name":"Bush Fire Neighbourhood Safer Place","location":"33-45 Morgan Street, Uranquinty","suburb":"Uranquinty","type":"Open Space","point_type":155}},{"type":"Feature","geometry":{"type":"Point","coordinates":[149.44999,-30.21704]},"properties":{"name":"Bush Fire Neighbourhood Safer Place","location":"Maitland Street, Wee Waa","suburb":"Wee Waa","type":"Open Space","point_type":155}},{"type":"Feature","geometry":{"type":"Point","coordinates":[147.14994,-33.09268]},"properties":{"name":"Bush Fire Neighbourhood Safer Place","location":"off Diggers Avenue, Condobolin","suburb":"Condobolin","type":"Open Space","point_type":155}},{"type":"Feature","geometry":{"type":"Point","coordinates":[151.36034,-33.43357]},"properties":{"name":"Bush Fire Neighbourhood Safer Place","location":"Coburg Street, East Gosford","suburb":"East Gosford","type":"Open Space","point_type":155}},{"type":"Feature","geometry":{"type":"Point","coordinates":[151.19227,-33.30081]},"properties":{"name":"Bush Fire Neighbourhood Safer Place","location":"2 Waratah Road, Mangrove Mountain","suburb":"Mangrove Mountain","type":"Building","point_type":155}},{"type":"Feature","geometry":{"type":"Point","coordinates":[148.59796,-32.34014]},"properties":{"name":"Bush Fire Neighbourhood Safer Place","location":"Obley Road, Cumboogle","suburb":"Cumboogle","type":"Building","point_type":155}},{"type":"Feature","geometry":{"type":"Point","coordinates":[149.03664,-32.11258]},"properties":{"name":"Bush Fire Neighbourhood Safer Place","location":"Dubbo Street, Elong Elong","suburb":"Elong Elong","type":"Building","point_type":155}},{"type":"Feature","geometry":{"type":"Point","coordinates":[151.00333,-33.66615]},"properties":{"name":"Bush Fire Neighbourhood Safer Place","location":"Cnr Kenthurst Road and Jones Road, Kenthurst","suburb":"Kenthurst","type":"Building","point_type":155}},{"type":"Feature","geometry":{"type":"Point","coordinates":[148.53833,-32.28514]},"properties":{"name":"Bush Fire Neighbourhood Safer Place","location":"Sappa Bulga Road, Minore","suburb":"Minore","type":"Building","point_type":155}},{"type":"Feature","geometry":{"type":"Point","coordinates":[151.09439,-33.66687]},"properties":{"name":"Bush Fire Neighbourhood Safer Place","location":"Kookaburra Road, Hornsby Heights","suburb":"Hornsby Heights","type":"Building","point_type":155}},{"type":"Feature","geometry":{"type":"Point","coordinates":[151.14877,-33.70232]},"properties":{"name":"Bush Fire Neighbourhood Safer Place","location":"Bobbin Head Road, North Turramurra","suburb":"North Turramurra","type":"Building","point_type":155}},{"type":"Feature","geometry":{"type":"Point","coordinates":[150.59194,-34.58784]},"properties":{"name":"Bush Fire Neighbourhood Safer Place","location":"1-3 Caalong Street, Robertson","suburb":"Robertson","type":"Building","point_type":155}},{"type":"Feature","geometry":{"type":"Point","coordinates":[151.14408,-33.61415]},"properties":{"name":"Bush Fire Neighbourhood Safer Place","location":"Warrina Street, Berowra Heights","suburb":"Berowra Heights","type":"Building","point_type":155}},{"type":"Feature","geometry":{"type":"Point","coordinates":[152.46548,-31.60791]},"properties":{"name":"Bush Fire Neighbourhood Safer Place","location":"Showground Road, Comboyne","suburb":"Comboyne","type":"Open Space","point_type":155}},{"type":"Feature","geometry":{"type":"Point","coordinates":[152.36186,-31.8742]},"properties":{"name":"Bush Fire Neighbourhood Safer Place","location":"Gloucester Road, Wingham","suburb":"Wingham","type":"Open Space","point_type":155}},{"type":"Feature","geometry":{"type":"Point","coordinates":[152.37409,-31.8517]},"properties":{"name":"Bush Fire Neighbourhood Safer Place","location":"Coghlan Avenue (off Comboyne Road), Wingham","suburb":"Wingham","type":"Open Space","point_type":155}},{"type":"Feature","geometry":{"type":"Point","coordinates":[152.62224,-28.73665]},"properties":{"name":"Bush Fire Neighbourhood Safer Place","location":"Koreelah Street, Bonalbo","suburb":"Bonalbo","type":"Building","point_type":155}},{"type":"Feature","geometry":{"type":"Point","coordinates":[153.17502,-28.74714]},"properties":{"name":"Bush Fire Neighbourhood Safer Place","location":"Rock Valley Road, Rock Valley","suburb":"Rock Valley","type":"Building","point_type":155}},{"type":"Feature","geometry":{"type":"Point","coordinates":[148.31073,-36.50118]},"properties":{"name":"Bush Fire Neighbourhood Safer Place","location":"Friday Drive, Thredbo","suburb":"Thredbo","type":"Building","point_type":155}},{"type":"Feature","geometry":{"type":"Point","coordinates":[151.07163,-33.71885]},"properties":{"name":"Bush Fire Neighbourhood Safer Place","location":"Coral Heath Ave, Westleigh","suburb":"Westleigh","type":"Open Space","point_type":155}},{"type":"Feature","geometry":{"type":"Point","coordinates":[151.17082,-33.76009]},"properties":{"name":"Bush Fire Neighbourhood Safer Place","location":"Rosebery Road, Killara","suburb":"Killara","type":"Open Space","point_type":155}},{"type":"Feature","geometry":{"type":"Point","coordinates":[151.08813,-33.72287]},"properties":{"name":"Bush Fire Neighbourhood Safer Place","location":"1A Dartford Road, Thornleigh","suburb":"Thornleigh","type":"Building","point_type":155}},{"type":"Feature","geometry":{"type":"Point","coordinates":[151.10918,-33.6824]},"properties":{"name":"Bush Fire Neighbourhood Safer Place","location":"Mills Avenue, Asquith","suburb":"Asquith","type":"Open Space","point_type":155}},{"type":"Feature","geometry":{"type":"Point","coordinates":[150.63704,-34.07101]},"properties":{"name":"Bush Fire Neighbourhood Safer Place","location":"Corner of Burragorang Rd and Clyde Place, Mt Hunter","suburb":"Mt Hunter","type":"Building","point_type":155}},{"type":"Feature","geometry":{"type":"Point","coordinates":[150.22646,-34.60802]},"properties":{"name":"Bush Fire Neighbourhood Safer Place","location":"Hume Highway, Suttons Forest","suburb":"Suttons Forest","type":"Open Space","point_type":155}},{"type":"Feature","geometry":{"type":"Point","coordinates":[150.69681,-35.00966]},"properties":{"name":"Bush Fire Neighbourhood Safer Place","location":"Parkes Crescent Park, Callala Beach","suburb":"Callala Beach","type":"Open Space","point_type":155}},{"type":"Feature","geometry":{"type":"Point","coordinates":[150.5104,-35.25872]},"properties":{"name":"Bush Fire Neighbourhood Safer Place","location":"Cnr The Barbette & The Palisade, Manyana","suburb":"Manyana","type":"Building","point_type":155}},{"type":"Feature","geometry":{"type":"Point","coordinates":[151.16865,-33.58874]},"properties":{"name":"Bush Fire Neighbourhood Safer Place","location":"Franser Road, Cowan","suburb":"Cowan","type":"Building","point_type":155}},{"type":"Feature","geometry":{"type":"Point","coordinates":[151.27759,-33.22331]},"properties":{"name":"Bush Fire Neighbourhood Safer Place","location":"Yarramalong Road (cnr Leewood Close) Yarramalong","suburb":"Yarramalong","type":"Building","point_type":155}},{"type":"Feature","geometry":{"type":"Point","coordinates":[149.2301,-35.37284]},"properties":{"name":"Bush Fire Neighbourhood Safer Place","location":"Thornton Road, Karabor","suburb":"Karabor","type":"Open Space","point_type":155}},{"type":"Feature","geometry":{"type":"Point","coordinates":[149.20845,-35.36075]},"properties":{"name":"Bush Fire Neighbourhood Safer Place","location":"Maloney Street, West Queanbeyan","suburb":"West Queanbeyan","type":"Open Space","point_type":155}},{"type":"Feature","geometry":{"type":"Point","coordinates":[149.20004,-35.38528]},"properties":{"name":"Bush Fire Neighbourhood Safer Place","location":"Jerrabomberra Parkway, Jerrabomberra","suburb":"Jerrabomberra","type":"Open Space","point_type":155}},{"type":"Feature","geometry":{"type":"Point","coordinates":[149.24384,-35.34711]},"properties":{"name":"Bush Fire Neighbourhood Safer Place","location":"Yass Road, Queanbeyan","suburb":"Queanbeyan","type":"Open Space","point_type":155}},{"type":"Feature","geometry":{"type":"Point","coordinates":[151.0255,-34.03413]},"properties":{"name":"Bush Fire Neighbourhood Safer Place","location":"access via Warrangaree Drive, Woronora Heights","suburb":"Woronora Heights","type":"Open Space","point_type":155}},{"type":"Feature","geometry":{"type":"Point","coordinates":[145.99755,-34.56753]},"properties":{"name":"Bush Fire Neighbourhood Safer Place","location":"King Street, Darlington Point","suburb":"Darlington Point","type":"Open Space","point_type":155}},{"type":"Feature","geometry":{"type":"Point","coordinates":[150.67662,-34.00309]},"properties":{"name":"Bush Fire Neighbourhood Safer Place","location":"140 Cut Hill Road, Cobbitty","suburb":"Cobbitty","type":"Open Space","point_type":155}},{"type":"Feature","geometry":{"type":"Point","coordinates":[150.1282,-35.81161]},"properties":{"name":"Bush Fire Neighbourhood Safer Place","location":"Eurobodalla Training Ground, Bimbimbie Road, Mogo","suburb":"Mogo","type":"Building","point_type":155}},{"type":"Feature","geometry":{"type":"Point","coordinates":[151.19025,-31.48187]},"properties":{"name":"Bush Fire Neighbourhood Safer Place","location":"761 Barry Road, Hanging Rock","suburb":"Hanging Rock","type":"Building","point_type":155}},{"type":"Feature","geometry":{"type":"Point","coordinates":[142.56966,-33.38333]},"properties":{"name":"Bush Fire Neighbourhood Safer Place","location":"McKinlay Street, Pooncarie","suburb":"Pooncarrie","type":"Open Space","point_type":155}},{"type":"Feature","geometry":{"type":"Point","coordinates":[142.22242,-34.18046]},"properties":{"name":"Bush Fire Neighbourhood Safer Place","location":"Adelaide Street, Gol Gol","suburb":"Gol Gol","type":"Open Space","point_type":155}},{"type":"Feature","geometry":{"type":"Point","coordinates":[142.18236,-34.16985]},"properties":{"name":"Bush Fire Neighbourhood Safer Place","location":"Chapman Street, Buronga","suburb":"Buronga","type":"Open Space","point_type":155}},{"type":"Feature","geometry":{"type":"Point","coordinates":[141.93029,-34.09769]},"properties":{"name":"Bush Fire Neighbourhood Safer Place","location":"Armstrong Avenue, Wentworth","suburb":"Wentworth","type":"Open Space","point_type":155}},{"type":"Feature","geometry":{"type":"Point","coordinates":[147.51637,-34.83627]},"properties":{"name":"Bush Fire Neighbourhood Safer Place","location":"38 Broad Street, Old Junee","suburb":"Old Junee","type":"Building","point_type":155}},{"type":"Feature","geometry":{"type":"Point","coordinates":[153.10093,-29.50043]},"properties":{"name":"Bush Fire Neighbourhood Safer Place","location":"Bridge Street, Lawrence","suburb":"Lawrence","type":"Open Space","point_type":155}},{"type":"Feature","geometry":{"type":"Point","coordinates":[149.20043,-35.43692]},"properties":{"name":"Bush Fire Neighbourhood Safer Place","location":"Fernleigh Drive, Fernleigh","suburb":"Fernleigh","type":"Building","point_type":155}},{"type":"Feature","geometry":{"type":"Point","coordinates":[149.22772,-35.54809]},"properties":{"name":"Bush Fire Neighbourhood Safer Place","location":"Cnr Burra Road and Lagoon Road, Burra","suburb":"Burra","type":"Building","point_type":155}},{"type":"Feature","geometry":{"type":"Point","coordinates":[149.30695,-35.25841]},"properties":{"name":"Bush Fire Neighbourhood Safer Place","location":"Bingley Road, Wamboin","suburb":"Wamboin","type":"Building","point_type":155}},{"type":"Feature","geometry":{"type":"Point","coordinates":[147.88486,-34.49408]},"properties":{"name":"Bush Fire Neighbourhood Safer Place","location":"Corner of O'Brien Street and Dudauman Street, Stockinbingal","suburb":"Stockinbingal","type":"Open Space","point_type":155}},{"type":"Feature","geometry":{"type":"Point","coordinates":[147.73967,-34.81537]},"properties":{"name":"Bush Fire Neighbourhood Safer Place","location":"Olympic Highway (near Crowther Street), Illabo","suburb":"Illabo","type":"Open Space","point_type":155}},{"type":"Feature","geometry":{"type":"Point","coordinates":[147.72488,-35.05428]},"properties":{"name":"Bush Fire Neighbourhood Safer Place","location":"Jewnee Street, Wantabadgery","suburb":"Wantabadgery","type":"Building","point_type":155}},{"type":"Feature","geometry":{"type":"Point","coordinates":[146.71831,-35.3562]},"properties":{"name":"Bush Fire Neighbourhood Safer Place","location":"Osborne Yerong Creek Road, Osborne","suburb":"Osborne","type":"Open Space","point_type":155}},{"type":"Feature","geometry":{"type":"Point","coordinates":[148.77485,-35.9972]},"properties":{"name":"Bush Fire Neighbourhood Safer Place","location":"Off Snowy Mountains Highway, Adaminaby","suburb":"Adaminaby","type":"Open Space","point_type":155}},{"type":"Feature","geometry":{"type":"Point","coordinates":[148.44227,-36.44273]},"properties":{"name":"Bush Fire Neighbourhood Safer Place","location":"Alpine Way, Thredbo Valley","suburb":"Thredbo Valley","type":"Building","point_type":155}},{"type":"Feature","geometry":{"type":"Point","coordinates":[148.38089,-35.93599]},"properties":{"name":"Bush Fire Neighbourhood Safer Place","location":"Murralin Road (Centre of Town Complex), Cabramurra","suburb":"Cabramurra","type":"Building","point_type":155}},{"type":"Feature","geometry":{"type":"Point","coordinates":[146.17208,-35.55499]},"properties":{"name":"Bush Fire Neighbourhood Safer Place","location":"Patey Street, Oaklands","suburb":"Oaklands","type":"Open Space","point_type":155}},{"type":"Feature","geometry":{"type":"Point","coordinates":[147.7627,-35.4883]},"properties":{"name":"Bush Fire Neighbourhood Safer Place","location":"11 Mate Street, Humula","suburb":"Humula","type":"Building","point_type":155}},{"type":"Feature","geometry":{"type":"Point","coordinates":[142.01321,-33.84529]},"properties":{"name":"Bush Fire Neighbourhood Safer Place","location":"Ellerslie North Road, Ellerslie","suburb":"Ellerslie","type":"Building","point_type":155}},{"type":"Feature","geometry":{"type":"Point","coordinates":[147.30298,-35.15126]},"properties":{"name":"Bush Fire Neighbourhood Safer Place","location":"Sturt Street, Kapooka","suburb":"Kapooka","type":"Building","point_type":155}},{"type":"Feature","geometry":{"type":"Point","coordinates":[152.98855,-29.28374]},"properties":{"name":"Bush Fire Neighbourhood Safer Place","location":"5341 Summerland Way, Whiporie","suburb":"Whipore","type":"Building","point_type":155}},{"type":"Feature","geometry":{"type":"Point","coordinates":[151.12852,-31.45989]},"properties":{"name":"Bush Fire Neighbourhood Safer Place","location":"Jenkins Street, Nundle","suburb":"Nundle","type":"Open Space","point_type":155}},{"type":"Feature","geometry":{"type":"Point","coordinates":[150.62615,-33.69251]},"properties":{"name":"Bush Fire Neighbourhood Safer Place","location":"244 Singles Ridge Road, Yellow Rock","suburb":"Yellow Rock","type":"Building","point_type":155}},{"type":"Feature","geometry":{"type":"Point","coordinates":[153.60387,-28.83165]},"properties":{"name":"Bush Fire Neighbourhood Safer Place","location":"Headland Drive, Skennars Head","suburb":"Skennars Head","type":"Open Space","point_type":155}},{"type":"Feature","geometry":{"type":"Point","coordinates":[149.82899,-31.34554]},"properties":{"name":"Bush Fire Neighbourhood Safer Place","location":"Tambar Street, Tambar Springs","suburb":"TAMBAR SPRINGS","type":"Open Space","point_type":155}},{"type":"Feature","geometry":{"type":"Point","coordinates":[151.01849,-33.69308]},"properties":{"name":"Bush Fire Neighbourhood Safer Place","location":"Kenthurst Road, Dural","suburb":"Dural","type":"Open Space","point_type":155}},{"type":"Feature","geometry":{"type":"Point","coordinates":[153.4034,-28.3286]},"properties":{"name":"Bush Fire Neighbourhood Safer Place","location":"Wollumbin Street, Murwillumbah","suburb":"Murwillumbah","type":"Building","point_type":155}},{"type":"Feature","geometry":{"type":"Point","coordinates":[151.23238,-31.92132]},"properties":{"name":"Bush Fire Neighbourhood Safer Place","location":"Park Street, Moonan Flat","suburb":"Moonan Flat","type":"Open Space","point_type":155}},{"type":"Feature","geometry":{"type":"Point","coordinates":[148.4057,-33.99534]},"properties":{"name":"Bush Fire Neighbourhood Safer Place","location":"York Street, Greenethorpe","suburb":"Greenethorpe","type":"Building","point_type":155}},{"type":"Feature","geometry":{"type":"Point","coordinates":[150.72489,-30.75627]},"properties":{"name":"Bush Fire Neighbourhood Safer Place","location":"Corner of Rowan Street and South Street, Manilla","suburb":"Manilla","type":"Open Space","point_type":155}},{"type":"Feature","geometry":{"type":"Point","coordinates":[151.05382,-31.05717]},"properties":{"name":"Bush Fire Neighbourhood Safer Place","location":"Denman Avenue, Kootingal","suburb":"Kootingal","type":"Open Space","point_type":155}},{"type":"Feature","geometry":{"type":"Point","coordinates":[151.06994,-31.0189]},"properties":{"name":"Bush Fire Neighbourhood Safer Place","location":"Corner of Park Avenue and New England Highway, Moonbi","suburb":"Moonbi","type":"Open Space","point_type":155}},{"type":"Feature","geometry":{"type":"Point","coordinates":[151.00715,-33.96122]},"properties":{"name":"Bush Fire Neighbourhood Safer Place","location":"Victor Avenue, Panania","suburb":"Picnic Point","type":"Open Space","point_type":155}},{"type":"Feature","geometry":{"type":"Point","coordinates":[150.99113,-33.9018]},"properties":{"name":"Bush Fire Neighbourhood Safer Place","location":"Kurrajong Avenue, Georges Hall","suburb":"Bass Hill","type":"Open Space","point_type":155}},{"type":"Feature","geometry":{"type":"Point","coordinates":[150.13641,-36.09628]},"properties":{"name":"Bush Fire Neighbourhood Safer Place","location":"Intersection of Long Point Street and Bodalla Road, Potato Point","suburb":"Potato Point","type":"Open Space","point_type":155}},{"type":"Feature","geometry":{"type":"Point","coordinates":[151.30844,-33.68587]},"properties":{"name":"Bush Fire Neighbourhood Safer Place","location":"Coronation Street, Mona Vale","suburb":"Mona Vale","type":"Open Space","point_type":155}},{"type":"Feature","geometry":{"type":"Point","coordinates":[153.34284,-29.0715]},"properties":{"name":"Bush Fire Neighbourhood Safer Place","location":"Pacific Highway, Woodburn","suburb":"Woodburn","type":"Open Space","point_type":155}},{"type":"Feature","geometry":{"type":"Point","coordinates":[151.28455,-33.69803]},"properties":{"name":"Bush Fire Neighbourhood Safer Place","location":"28-30 Cooleena Road, Elanora Heights","suburb":"Elanora Heights","type":"Open Space","point_type":155}},{"type":"Feature","geometry":{"type":"Point","coordinates":[151.22762,-33.68247]},"properties":{"name":"Bush Fire Neighbourhood Safer Place","location":"Yulong Avenue, Terrey Hills","suburb":"Terrey Hills","type":"Open Space","point_type":155}},{"type":"Feature","geometry":{"type":"Point","coordinates":[151.21657,-33.77293]},"properties":{"name":"Bush Fire Neighbourhood Safer Place","location":"Starkey Street and Melwood Avenue, Forestville","suburb":"Forestville","type":"Open Space","point_type":155}},{"type":"Feature","geometry":{"type":"Point","coordinates":[151.26653,-33.77993]},"properties":{"name":"Bush Fire Neighbourhood Safer Place","location":"Campbell Parade, Manly Vale","suburb":"Manly Vale","type":"Open Space","point_type":155}},{"type":"Feature","geometry":{"type":"Point","coordinates":[151.27173,-33.78084]},"properties":{"name":"Bush Fire Neighbourhood Safer Place","location":"Campbell Parade, Manly Vale","suburb":"Manly Vale","type":"Open Space","point_type":155}},{"type":"Feature","geometry":{"type":"Point","coordinates":[151.26498,-33.73083]},"properties":{"name":"Bush Fire Neighbourhood Safer Place","location":"Corner of Macquarie Street and Toronto Avenue, Cromer","suburb":"Cromer","type":"Open Space","point_type":155}},{"type":"Feature","geometry":{"type":"Point","coordinates":[149.1454,-35.95207]},"properties":{"name":"Bush Fire Neighbourhood Safer Place","location":"7 Monaro Highway, Bredbo","suburb":"Bredbo","type":"Building","point_type":155}},{"type":"Feature","geometry":{"type":"Point","coordinates":[151.14917,-33.69406]},"properties":{"name":"Bush Fire Neighbourhood Safer Place","location":"Du Faur Street, North Turramurra","suburb":"North Turramurra","type":"Open Space","point_type":155}},{"type":"Feature","geometry":{"type":"Point","coordinates":[152.04037,-32.66587]},"properties":{"name":"Bush Fire Neighbourhood Safer Place","location":"The Ridgeway, North Arm Cove","suburb":"North Arm Cove","type":"Building","point_type":155}},{"type":"Feature","geometry":{"type":"Point","coordinates":[150.60951,-33.74416]},"properties":{"name":"Bush Fire Neighbourhood Safer Place","location":"Station Street, Blaxland","suburb":"Blaxland","type":"Open Space","point_type":155}},{"type":"Feature","geometry":{"type":"Point","coordinates":[150.62233,-33.76567]},"properties":{"name":"Bush Fire Neighbourhood Safer Place","location":"2 Ross Street, Glenbrook","suburb":"Glenbrook","type":"Building","point_type":155}},{"type":"Feature","geometry":{"type":"Point","coordinates":[150.56848,-33.69964]},"properties":{"name":"Bush Fire Neighbourhood Safer Place","location":"106-108 Macquarie Road, Springwood","suburb":"Springwood","type":"Building","point_type":155}},{"type":"Feature","geometry":{"type":"Point","coordinates":[150.28523,-33.63286]},"properties":{"name":"Bush Fire Neighbourhood Safer Place","location":"267 Great Western Highway, Blackheath","suburb":"Blackheath","type":"Open Space","point_type":155}},{"type":"Feature","geometry":{"type":"Point","coordinates":[150.0485,-30.71701]},"properties":{"name":"Bush Fire Neighbourhood Safer Place","location":"Kamilaroi Highway, Boggabri","suburb":"Boggabri","type":"Open Space","point_type":155}},{"type":"Feature","geometry":{"type":"Point","coordinates":[151.27614,-29.04878]},"properties":{"name":"Bush Fire Neighbourhood Safer Place","location":"Miller Street, Bonshaw","suburb":"Bonshaw","type":"Building","point_type":155}},{"type":"Feature","geometry":{"type":"Point","coordinates":[148.97132,-30.60581]},"properties":{"name":"Bush Fire Neighbourhood Safer Place","location":"Corner of Anzac Parade and Ryrie Street, Gwabegar","suburb":"Gwabegar","type":"Building","point_type":155}},{"type":"Feature","geometry":{"type":"Point","coordinates":[153.04301,-28.85756]},"properties":{"name":"Bush Fire Neighbourhood Safer Place","location":"West Street, Casino","suburb":"Casino","type":"Open Space","point_type":155}},{"type":"Feature","geometry":{"type":"Point","coordinates":[150.62031,-33.76561]},"properties":{"name":"Bush Fire Neighbourhood Safer Place","location":"1 Wascoe Street, Glenbrook","suburb":"Glenbrook","type":"Building","point_type":155}},{"type":"Feature","geometry":{"type":"Point","coordinates":[150.43064,-33.71832]},"properties":{"name":"Bush Fire Neighbourhood Safer Place","location":"2 Loftus Street, Lawson","suburb":"Lawson","type":"Building","point_type":155}},{"type":"Feature","geometry":{"type":"Point","coordinates":[150.45274,-33.72107]},"properties":{"name":"Bush Fire Neighbourhood Safer Place","location":"194 Great Western Highway, Hazelbrook","suburb":"Hazelbrook","type":"Open Space","point_type":155}},{"type":"Feature","geometry":{"type":"Point","coordinates":[150.60812,-33.67119]},"properties":{"name":"Bush Fire Neighbourhood Safer Place","location":"14 White Cross Road, Winmalee","suburb":"Winmalee","type":"Building","point_type":155}},{"type":"Feature","geometry":{"type":"Point","coordinates":[151.22231,-33.68382]},"properties":{"name":"Bush Fire Neighbourhood Safer Place","location":"Terrigal Road, Terry Hills","suburb":"Terry Hills","type":"Open Space","point_type":155}},{"type":"Feature","geometry":{"type":"Point","coordinates":[150.52285,-34.3053]},"properties":{"name":"Bush Fire Neighbourhood Safer Place","location":"67 Railway Parade, Balmoral","suburb":"Balmoral","type":"Building","point_type":155}},{"type":"Feature","geometry":{"type":"Point","coordinates":[146.95881,-34.32706]},"properties":{"name":"Bush Fire Neighbourhood Safer Place","location":"Moore Street, Beckom","suburb":"Beckom","type":"Building","point_type":155}},{"type":"Feature","geometry":{"type":"Point","coordinates":[151.31292,-33.67834]},"properties":{"name":"Bush Fire Neighbourhood Safer Place","location":"Surfview Road, Mona Vale","suburb":"Mona Vale","type":"Open Space","point_type":155}},{"type":"Feature","geometry":{"type":"Point","coordinates":[151.3511,-32.65418]},"properties":{"name":"Bush Fire Neighbourhood Safer Place","location":"John Rose Avenue, Branxton","suburb":"Branxton","type":"Open Space","point_type":155}},{"type":"Feature","geometry":{"type":"Point","coordinates":[147.36564,-30.88111]},"properties":{"name":"Bush Fire Neighbourhood Safer Place","location":"Marra Road (also known as Gibson Way), The Marra","suburb":"The Marra","type":"Building","point_type":155}},{"type":"Feature","geometry":{"type":"Point","coordinates":[147.03311,-36.10669]},"properties":{"name":"Bush Fire Neighbourhood Safer Place","location":"Murray Street, Lake Hume Village","suburb":"Lake Hume Village","type":"Open Space","point_type":155}},{"type":"Feature","geometry":{"type":"Point","coordinates":[150.18043,-35.83684]},"properties":{"name":"Bush Fire Neighbourhood Safer Place","location":"Intersection of Annetts Parade, Pacific St and Surfside Ave, Mossy Point","suburb":"Mossy Point","type":"Open Space","point_type":155}},{"type":"Feature","geometry":{"type":"Point","coordinates":[150.62458,-35.10363]},"properties":{"name":"Bush Fire Neighbourhood Safer Place","location":"11 Paradise Beach Road, Sanctuary Point","suburb":"Sanctuary Point","type":"Open Space","point_type":155}},{"type":"Feature","geometry":{"type":"Point","coordinates":[149.39192,-36.72481]},"properties":{"name":"Bush Fire Neighbourhood Safer Place","location":"Creewah Road, Creewah","suburb":"Creewah","type":"Building","point_type":155}},{"type":"Feature","geometry":{"type":"Point","coordinates":[151.19874,-33.53445]},"properties":{"name":"Bush Fire Neighbourhood Safer Place","location":"Peats Ferry Road, Mooney Mooney","suburb":"Mooney Mooney","type":"Open Space","point_type":155}},{"type":"Feature","geometry":{"type":"Point","coordinates":[151.27069,-33.55225]},"properties":{"name":"Bush Fire Neighbourhood Safer Place","location":"Brisk Street (East) off Bay Road, Patonga","suburb":"Patonga","type":"Open Space","point_type":155}},{"type":"Feature","geometry":{"type":"Point","coordinates":[153.22449,-28.59452]},"properties":{"name":"Bush Fire Neighbourhood Safer Place","location":"Sibley Street, Nimbin","suburb":"Nimbin","type":"Open Space","point_type":155}},{"type":"Feature","geometry":{"type":"Point","coordinates":[149.55749,-32.79668]},"properties":{"name":"Bush Fire Neighbourhood Safer Place","location":"1896 Windeyer Road, Windeyer","suburb":"Windeyer","type":"Open Space","point_type":155}},{"type":"Feature","geometry":{"type":"Point","coordinates":[151.95162,-32.73628]},"properties":{"name":"Bush Fire Neighbourhood Safer Place","location":"63 Frederick Drive, Oyster Cove","suburb":"Oyster Cove","type":"Open Space","point_type":155}},{"type":"Feature","geometry":{"type":"Point","coordinates":[151.92984,-32.77864]},"properties":{"name":"Bush Fire Neighbourhood Safer Place","location":"Corner of Lemon Tree Passage and Rookes Road, Salt Ash","suburb":"Salt Ash","type":"Open Space","point_type":155}},{"type":"Feature","geometry":{"type":"Point","coordinates":[151.81599,-32.8606]},"properties":{"name":"Bush Fire Neighbourhood Safer Place","location":"Jabiru Drive, Fern Bay","suburb":"Fern Bay","type":"Open Space","point_type":155}},{"type":"Feature","geometry":{"type":"Point","coordinates":[149.01234,-34.12879]},"properties":{"name":"Bush Fire Neighbourhood Safer Place","location":"Corner of Rose Street and Hibernia Street, Reids Flat","suburb":"Reids Flat","type":"Open Space","point_type":155}},{"type":"Feature","geometry":{"type":"Point","coordinates":[147.93813,-35.31599]},"properties":{"name":"Bush Fire Neighbourhood Safer Place","location":"Ellerslie Woolshed Road, Ellerslie","suburb":"Ellerslie","type":"Building","point_type":155}},{"type":"Feature","geometry":{"type":"Point","coordinates":[147.9358,-35.47221]},"properties":{"name":"Bush Fire Neighbourhood Safer Place","location":"Yaven Creek Road, Yaven Creek","suburb":"Yaven Creek","type":"Open Space","point_type":155}},{"type":"Feature","geometry":{"type":"Point","coordinates":[149.42082,-35.76677]},"properties":{"name":"Bush Fire Neighbourhood Safer Place","location":"Corner Jerangle Road and Tinderry Road, Anembo","suburb":"Anembo","type":"Building","point_type":155}},{"type":"Feature","geometry":{"type":"Point","coordinates":[150.14702,-35.90262]},"properties":{"name":"Bush Fire Neighbourhood Safer Place","location":"North Head Drive, Moruya","suburb":"Moruya","type":"Open Space","point_type":155}},{"type":"Feature","geometry":{"type":"Point","coordinates":[150.13694,-36.05034]},"properties":{"name":"Bush Fire Neighbourhood Safer Place","location":"40 Monash Ave, Tuross Head","suburb":"Tuross Head","type":"Open Space","point_type":155}},{"type":"Feature","geometry":{"type":"Point","coordinates":[152.47007,-32.24051]},"properties":{"name":"Bush Fire Neighbourhood Safer Place","location":"86 Moorooba Road","suburb":"Coomba Park","type":"Building","point_type":155}},{"type":"Feature","geometry":{"type":"Point","coordinates":[149.97555,-36.71249]},"properties":{"name":"Bush Fire Neighbourhood Safer Place","location":"1 Andy Poole Drive, Tathra","suburb":"Tathra","type":"Building","point_type":155}},{"type":"Feature","geometry":{"type":"Point","coordinates":[149.23111,-35.42027]},"properties":{"name":"Bush Fire Neighbourhood Safer Place","location":"Rockley Parade, Googong","suburb":"GOOGONG","type":"Open Space","point_type":155}},{"type":"Feature","geometry":{"type":"Point","coordinates":[149.98255,-36.72711]},"properties":{"name":"Bush Fire Neighbourhood Safer Place","location":"6 Andy Poole Drive","suburb":"TATHRA","type":"Building","point_type":155}},{"type":"Feature","geometry":{"type":"Point","coordinates":[152.52722,-32.3334]},"properties":{"name":"Bush Fire Neighbourhood Safer Place","location":"3957 The Lakes Way Elizabeth Beach NSW 2428","suburb":"Elizabeth Beach","type":"Building","point_type":155}},{"type":"Feature","geometry":{"type":"Point","coordinates":[146.32467,-33.61417]},"properties":{"name":"Bush Fire Neighbourhood Safer Place","location":"High Street","suburb":"Naradhan","type":"Building","point_type":155}},{"type":"Feature","geometry":{"type":"Point","coordinates":[148.42967,-35.3985]},"properties":{"name":"Bush Fire Neighbourhood Safer Place","location":"Goobarragandra Road, adjacent to Camp Hudson","suburb":"GOOBARRAGANDRA","type":"Building","point_type":155}},{"type":"Feature","geometry":{"type":"Point","coordinates":[150.28026,-33.50645]},"properties":{"name":"Bush Fire Neighbourhood Safer Place","location":"13 Sandham Road","suburb":"Bell","type":"Building","point_type":155}},{"type":"Feature","geometry":{"type":"Point","coordinates":[148.90896,-34.51648]},"properties":{"name":"Bush Fire Neighbourhood Safer Place","location":"Yass Street, Rye Park","suburb":"Rye Park","type":"Open Space","point_type":155}},{"type":"Feature","geometry":{"type":"Point","coordinates":[148.9939,-34.39244]},"properties":{"name":"Bush Fire Neighbourhood Safer Place","location":"Rugby Road, Rugby","suburb":"Rugby","type":"Building","point_type":155}},{"type":"Feature","geometry":{"type":"Point","coordinates":[149.03205,-34.96869]},"properties":{"name":"Bush Fire Neighbourhood Safer Place","location":"19 East Street","suburb":"MURRUMBATEMAN","type":"Open Space","point_type":155}},{"type":"Feature","geometry":{"type":"Point","coordinates":[143.08916,-30.85144]},"properties":{"name":"Bush Fire Neighbourhood Safer Place","location":"Johnson Street","suburb":"WHITE CLIFFS","type":"Building","point_type":155}},{"type":"Feature","geometry":{"type":"Point","coordinates":[150.08641,-34.72025]},"properties":{"name":"Bush Fire Neighbourhood Safer Place","location":"Memorial Drive","suburb":"TALLONG","type":"Building","point_type":155}},{"type":"Feature","geometry":{"type":"Point","coordinates":[152.53078,-28.89402]},"properties":{"name":"Bush Fire Neighbourhood Safer Place","location":"Walker Street","suburb":"TABULAM","type":"Building","point_type":155}},{"type":"Feature","geometry":{"type":"Point","coordinates":[147.77169,-29.74614]},"properties":{"name":"Bush Fire Neighbourhood Safer Place","location":"Corner of Boorooma and Cumborah Streets","suburb":"CUMBORAH","type":"Building","point_type":155}},{"type":"Feature","geometry":{"type":"Point","coordinates":[153.00676,-30.60609]},"properties":{"name":"Bush Fire Neighbourhood Safer Place","location":"Ocean View Drive","suburb":"VALLA BEACH","type":"Open Space","point_type":155}},{"type":"Feature","geometry":{"type":"Point","coordinates":[152.67893,-31.279]},"properties":{"name":"Bush Fire Neighbourhood Safer Place","location":"Corner Rollands Plains and Bril Bril Roads","suburb":"ROLLANDS PLAINS","type":"Building","point_type":155}},{"type":"Feature","geometry":{"type":"Point","coordinates":[152.70915,-30.34147]},"properties":{"name":"Bush Fire Neighbourhood Safer Place","location":"16 Cedar Street","suburb":"Dorrigo","type":"Open Space","point_type":155}},{"type":"Feature","geometry":{"type":"Point","coordinates":[152.68352,-30.29186]},"properties":{"name":"Bush Fire Neighbourhood Safer Place","location":"Cnr Tyringham Road & Rawson Street","suburb":"North Dorrigo","type":"Open Space","point_type":155}},{"type":"Feature","geometry":{"type":"Point","coordinates":[149.72099,-36.17297]},"properties":{"name":"Bush Fire Neighbourhood Safer Place","location":"Belowra Road","suburb":"Belowra","type":"Building","point_type":155}},{"type":"Feature","geometry":{"type":"Point","coordinates":[146.51625,-35.84676]},"properties":{"name":"Bush Fire Neighbourhood Safer Place","location":"Railway Road","suburb":"Balldale","type":"Building","point_type":155}},{"type":"Feature","geometry":{"type":"Point","coordinates":[150.39754,-28.93087]},"properties":{"name":"Bush Fire Neighbourhood Safer Place","location":"North Star Road","suburb":"North Star","type":"Building","point_type":155}},{"type":"Feature","geometry":{"type":"Point","coordinates":[152.3167,-31.77055]},"properties":{"name":"Bush Fire Neighbourhood Safer Place","location":"1655 Bulga Road","suburb":"Marlee","type":"Building","point_type":155}},{"type":"Feature","geometry":{"type":"Point","coordinates":[149.46492,-32.12344]},"properties":{"name":"Bush Fire Neighbourhood Safer Place","location":"3106 Castlereagh Highway","suburb":"Birriwa","type":"Building","point_type":155}},{"type":"Feature","geometry":{"type":"Point","coordinates":[149.45738,-32.78509]},"properties":{"name":"Bush Fire Neighbourhood Safer Place","location":"16 Lindsay Street","suburb":"Hargraves","type":"Building","point_type":155}},{"type":"Feature","geometry":{"type":"Point","coordinates":[143.40468,-35.15522]},"properties":{"name":"Bush Fire Neighbourhood Safer Place","location":"12 Eagle Lane","suburb":"Koraleigh","type":"Building","point_type":155}},{"type":"Feature","geometry":{"type":"Point","coordinates":[150.54965,-35.20803]},"properties":{"name":"Bush Fire Neighbourhood Safer Place","location":"Beachway Avenue, Berrara","suburb":"Berrara","type":"Open Space","point_type":155}},{"type":"Feature","geometry":{"type":"Point","coordinates":[144.30133,-34.47565]},"properties":{"name":"Bush Fire Neighbourhood Safer Place","location":"7 Yang Yang Street","suburb":"Maude","type":"Building","point_type":155}},{"type":"Feature","geometry":{"type":"Point","coordinates":[150.36772,-33.50573]},"properties":{"name":"Bush Fire Neighbourhood Safer Place","location":"34 The Avenue","suburb":"Mount Wilson","type":"Building","point_type":155}},{"type":"Feature","geometry":{"type":"Point","coordinates":[150.46709,-33.48336]},"properties":{"name":"Bush Fire Neighbourhood Safer Place","location":"252 Mount Irvine Road","suburb":"Mount Irvine","type":"Building","point_type":155}},{"type":"Feature","geometry":{"type":"Point","coordinates":[150.11426,-32.41579]},"properties":{"name":"Bush Fire Neighbourhood Safer Place","location":"7691 Bylong Valley Way","suburb":"Bylong","type":"Building","point_type":155}},{"type":"Feature","geometry":{"type":"Point","coordinates":[149.94663,-32.90353]},"properties":{"name":"Bush Fire Neighbourhood Safer Place","location":"7 Mead Street","suburb":"Clandulla","type":"Open Space","point_type":155}},{"type":"Feature","geometry":{"type":"Point","coordinates":[150.5106,-34.07943]},"properties":{"name":"Bush Fire Neighbourhood Safer Place","location":"1515 Burragorang Road","suburb":"Oakdale","type":"Open Space","point_type":155}},{"type":"Feature","geometry":{"type":"Point","coordinates":[152.91237,-30.41865]},"properties":{"name":"Bush Fire Neighbourhood Safer Place","location":"371 Hydes Creek Road","suburb":"Hydes Creek","type":"Building","point_type":155}},{"type":"Feature","geometry":{"type":"Point","coordinates":[147.3417,-35.0723]},"properties":{"name":"Bush Fire Neighbourhood Safer Place","location":"Cootamundra Boulevarde & Paradise Drive","suburb":"Gobbagombalin","type":"Open Space","point_type":155}},{"type":"Feature","geometry":{"type":"Point","coordinates":[150.22988,-35.70226]},"properties":{"name":"Bush Fire Neighbourhood Safer Place","location":"Corner of Bay Road and Long Beach Road","suburb":"Long Beach","type":"Open Space","point_type":155}},{"type":"Feature","geometry":{"type":"Point","coordinates":[149.82298,-32.8115]},"properties":{"name":"Bush Fire Neighbourhood Safer Place","location":"1858 Cudgegong Rd, Cudgegong NSW 2850","suburb":"Cudgegong","type":"Open Space","point_type":155}},{"type":"Feature","geometry":{"type":"Point","coordinates":[149.82356,-32.81234]},"properties":{"name":"Bush Fire Neighbourhood Safer Place","location":"1858 Cudgegong Rd, Cudgegong NSW 2850","suburb":"Cudgegong","type":"Open Space","point_type":155}},{"type":"Feature","geometry":{"type":"Point","coordinates":[149.47073,-32.51492]},"properties":{"name":"Bush Fire Neighbourhood Safer Place","location":"33 Upper Piambong Road, Piambong NSW 2850","suburb":"Piambong","type":"Building","point_type":155}},{"type":"Feature","geometry":{"type":"Point","coordinates":[149.47073,-32.51492]},"properties":{"name":"Bush Fire Neighbourhood Safer Place","location":"33 Upper Piambong Road, Piambong NSW 2850","suburb":"Piambong","type":"Open Space","point_type":155}},{"type":"Feature","geometry":{"type":"Point","coordinates":[149.78077,-32.50666]},"properties":{"name":"Bush Fire Neighbourhood Safer Place","location":"737 Botobolar Road,Botobolar NSW 2850","suburb":"Botobolar","type":"Building","point_type":155}},{"type":"Feature","geometry":{"type":"Point","coordinates":[149.25895,-32.62255]},"properties":{"name":"Bush Fire Neighbourhood Safer Place","location":"Cudgegong River Holiday Park, 689 Burrendong Dam Road, Yarrabin NSW 2850","suburb":"Yarrabin","type":"Open Space","point_type":155}},{"type":"Feature","geometry":{"type":"Point","coordinates":[149.95033,-32.35913]},"properties":{"name":"Bush Fire Neighbourhood Safer Place","location":"13 Barnett Street, Wollar NSW 2850","suburb":"Wollar","type":"Building","point_type":155}},{"type":"Feature","geometry":{"type":"Point","coordinates":[149.95033,-32.35913]},"properties":{"name":"Bush Fire Neighbourhood Safer Place","location":"13 Barnett Street, Wollar NSW 2850","suburb":"Wollar","type":"Open Space","point_type":155}},{"type":"Feature","geometry":{"type":"Point","coordinates":[149.61868,-32.88719]},"properties":{"name":"Bush Fire Neighbourhood Safer Place","location":"1330 Pyramul Road, Pyramul NSW 2850","suburb":"Pyramul","type":"Building","point_type":155}},{"type":"Feature","geometry":{"type":"Point","coordinates":[149.69665,-32.95074]},"properties":{"name":"Bush Fire Neighbourhood Safer Place","location":"1610 Crudine Road, Crudine NSW 2795","suburb":"Crudine","type":"Building","point_type":155}},{"type":"Feature","geometry":{"type":"Point","coordinates":[149.69665,-32.95074]},"properties":{"name":"Bush Fire Neighbourhood Safer Place","location":"1610 Crudine Road, Crudine NSW 2795","suburb":"Crudine","type":"Open Space","point_type":155}},{"type":"Feature","geometry":{"type":"Point","coordinates":[149.86254,-32.96338]},"properties":{"name":"Bush Fire Neighbourhood Safer Place","location":"35 Ilford Hall Road","suburb":"Ilford","type":"Building","point_type":155}},{"type":"Feature","geometry":{"type":"Point","coordinates":[150.88389,-34.38531]},"properties":{"name":"Bush Fire Neighbourhood Safer Place","location":"17 Para Street","suburb":"Balgownie","type":"Open Space","point_type":155}},{"type":"Feature","geometry":{"type":"Point","coordinates":[152.6269,-29.18229]},"properties":{"name":"Bush Fire Neighbourhood Safer Place","location":"Malabugilmah Drive via 7679 Clarence Way, Malabugilmah","suburb":"Malabugilmah","type":"Building","point_type":155}},{"type":"Feature","geometry":{"type":"Point","coordinates":[150.51191,-34.58628]},"properties":{"name":"Bush Fire Neighbourhood Safer Place","location":"17 Church Street Burrawang","suburb":"Burrawang","type":"Open Space","point_type":155}},{"type":"Feature","geometry":{"type":"Point","coordinates":[151.55938,-32.93403]},"properties":{"name":"Bush Fire Neighbourhood Safer Place","location":"26 The Broadway, Killingworth NSW 2278","suburb":"Killingworth","type":"Open Space","point_type":155}},{"type":"Feature","geometry":{"type":"Point","coordinates":[151.30624,-33.54522]},"properties":{"name":"Bush Fire Neighbourhood Safer Place","location":"9 Diamond Road, Pearl Beach NSW 2256","suburb":"Pearl Beach","type":"Building","point_type":155}},{"type":"Feature","geometry":{"type":"Point","coordinates":[151.55322,-33.23229]},"properties":{"name":"Bush Fire Neighbourhood Safer Place","location":"Noela Place, Budgewoi NSW2262","suburb":"Budgewoi","type":"Open Space","point_type":155}},{"type":"Feature","geometry":{"type":"Point","coordinates":[152.17145,-32.67108]},"properties":{"name":"Bush Fire Neighbourhood Safer Place","location":"Moira Parade Hawks Nest","suburb":"Hawks Nest","type":"Open Space","point_type":155}},{"type":"Feature","geometry":{"type":"Point","coordinates":[152.54243,-30.18914]},"properties":{"name":"Bush Fire Neighbourhood Safer Place","location":"70 Mount Street Dundurrabin","suburb":"Dundurrabin","type":"Building","point_type":155}},{"type":"Feature","geometry":{"type":"Point","coordinates":[153.00344,-28.62217]},"properties":{"name":"Bush Fire Neighbourhood Safer Place","location":"Stratheden Street, Kyogle","suburb":"Kyogle","type":"Building","point_type":155}},{"type":"Feature","geometry":{"type":"Point","coordinates":[152.84881,-30.64754]},"properties":{"name":"Bush Fire Neighbourhood Safer Place","location":"Coronation Street","suburb":"Bowraville","type":"Open Space","point_type":155}},{"type":"Feature","geometry":{"type":"Point","coordinates":[151.22267,-33.2257]},"properties":{"name":"Bush Fire Neighbourhood Safer Place","location":"1066 George Downes Drive, Kulnura","suburb":"KULNURA","type":"Building","point_type":155}},{"type":"Feature","geometry":{"type":"Point","coordinates":[149.90117,-33.02917]},"properties":{"name":"Bush Fire Neighbourhood Safer Place","location":"25 Mount Vincent Road, Running Stream.","suburb":"RUNNING STREAM","type":"Building","point_type":155}},{"type":"Feature","geometry":{"type":"Point","coordinates":[149.74432,-32.27848]},"properties":{"name":"Bush Fire Neighbourhood Safer Place","location":"94 Main Street, Ulan","suburb":"ULAN","type":"Building","point_type":155}},{"type":"Feature","geometry":{"type":"Point","coordinates":[151.14639,-34.08449]},"properties":{"name":"Bush Fire Neighbourhood Safer Place","location":"17-37 Liverpool Street, Bundeena","suburb":"BUNDEENA","type":"Building","point_type":155}},{"type":"Feature","geometry":{"type":"Point","coordinates":[151.13045,-34.07812]},"properties":{"name":"Bush Fire Neighbourhood Safer Place","location":"48-50 Pacific Crescent, Maianbar","suburb":"MAIANBAR","type":"Open Space","point_type":155}},{"type":"Feature","geometry":{"type":"Point","coordinates":[151.14501,-34.08423]},"properties":{"name":"Bush Fire Neighbourhood Safer Place","location":"50 Bundeena Drive, Bundeena","suburb":"BUNDEENA","type":"Building","point_type":155}},{"type":"Feature","geometry":{"type":"Point","coordinates":[149.3463,-36.1777]},"properties":{"name":"Bush Fire Neighbourhood Safer Place","location":"6 Umeralla Street, Numeralla","suburb":"NUMERALLA","type":"Building","point_type":155}},{"type":"Feature","geometry":{"type":"Point","coordinates":[149.97606,-36.6401]},"properties":{"name":"Bush Fire Neighbourhood Safer Place","location":"14 Barrabooka Road, Tanja","suburb":"TANJA","type":"Building","point_type":155}},{"type":"Feature","geometry":{"type":"Point","coordinates":[153.355,-28.85369]},"properties":{"name":"Bush Fire Neighbourhood Safer Place","location":"820 Tregeagle Road, Tregeagle","suburb":"TREGEAGLE","type":"Building","point_type":155}},{"type":"Feature","geometry":{"type":"Point","coordinates":[150.77315,-34.93476]},"properties":{"name":"Bush Fire Neighbourhood Safer Place","location":"Intersection of Plimsoll Place and Haven Street, Culburra Beach.","suburb":"CULBURRA BEACH","type":"Open Space","point_type":155}},{"type":"Feature","geometry":{"type":"Point","coordinates":[150.82275,-35.01447]},"properties":{"name":"Bush Fire Neighbourhood Safer Place","location":"1 Piscator Avenue, Currarong","suburb":"CURRARONG","type":"Open Space","point_type":155}},{"type":"Feature","geometry":{"type":"Point","coordinates":[148.5741,-34.1228]},"properties":{"name":"Bush Fire Neighbourhood Safer Place","location":"777 Karoopa Lane, Crowther","suburb":"CROWTHER","type":"Building","point_type":155}},{"type":"Feature","geometry":{"type":"Point","coordinates":[148.0929,-34.13368]},"properties":{"name":"Bush Fire Neighbourhood Safer Place","location":"22 Blayneys Road, Thuddungra","suburb":"THUDDUNGRA","type":"Building","point_type":155}},{"type":"Feature","geometry":{"type":"Point","coordinates":[148.353,-34.548]},"properties":{"name":"Bush Fire Neighbourhood Safer Place","location":"Iris Street, Harden","suburb":"HARDEN","type":"Open Space","point_type":155}},{"type":"Feature","geometry":{"type":"Point","coordinates":[143.37459,-31.55716]},"properties":{"name":"Bush Fire Neighbourhood Safer Place","location":"Corner of Hood and Myers Streets, Wilcannia","suburb":"Wlicannia","type":"Open Space","point_type":155}},{"type":"Feature","geometry":{"type":"Point","coordinates":[150.60466,-33.89238]},"properties":{"name":"Bush Fire Neighbourhood Safer Place","location":"69 Warradale Road","suburb":"WARRAGAMBA","type":"Open Space","point_type":155}},{"type":"Feature","geometry":{"type":"Point","coordinates":[152.87927,-28.42809]},"properties":{"name":"Bush Fire Neighbourhood Safer Place","location":"34 Terrace Road","suburb":"TERRACE CREEK","type":"Building","point_type":155}},{"type":"Feature","geometry":{"type":"Point","coordinates":[152.88672,-30.24502]},"properties":{"name":"Bush Fire Neighbourhood Safer Place","location":"13 Pine Avenue","suburb":"ULONG","type":"Building","point_type":155}},{"type":"Feature","geometry":{"type":"Point","coordinates":[144.59059,-36.0251]},"properties":{"name":"Bush Fire Neighbourhood Safer Place","location":"Perricoota Road, NSW.","suburb":"MOAMA","type":"Building","point_type":155}},{"type":"Feature","geometry":{"type":"Point","coordinates":[152.96223,-28.51008]},"properties":{"name":"Bush Fire Neighbourhood Safer Place","location":"Worendo Street, Wiangaree","suburb":"WIANGAREE","type":"Open Space","point_type":155}},{"type":"Feature","geometry":{"type":"Point","coordinates":[147.84772,-35.93995]},"properties":{"name":"Bush Fire Neighbourhood Safer Place","location":"1517 Munderoo Ournie Road","suburb":"OURNIE","type":"Building","point_type":155}},{"type":"Feature","geometry":{"type":"Point","coordinates":[149.48792,-32.63924]},"properties":{"name":"Bush Fire Neighbourhood Safer Place","location":"Hill End Road","suburb":"GRATTAI","type":"Building","point_type":155}},{"type":"Feature","geometry":{"type":"Point","coordinates":[147.61642,-29.67071]},"properties":{"name":"Bush Fire Neighbourhood Safer Place","location":"Glengarry Opal Fields","suburb":"Glengarry","type":"Building","point_type":155}},{"type":"Feature","geometry":{"type":"Point","coordinates":[147.67932,-29.63229]},"properties":{"name":"Bush Fire Neighbourhood Safer Place","location":"Grawin Opal Fields","suburb":"GRAWIN OPAL FIELDS","type":"Building","point_type":155}},{"type":"Feature","geometry":{"type":"Point","coordinates":[144.83975,-34.50671]},"properties":{"name":"Bush Fire Neighbourhood Safer Place","location":"450 Morgan Street, Hay","suburb":"HAY","type":"Open Space","point_type":155}},{"type":"Feature","geometry":{"type":"Point","coordinates":[148.75879,-32.33185]},"properties":{"name":"Bush Fire Neighbourhood Safer Place","location":"Corner Boberah and Beni Streets","suburb":"WONGARBON","type":"Open Space","point_type":155}},{"type":"Feature","geometry":{"type":"Point","coordinates":[150.99536,-34.13539]},"properties":{"name":"Bush Fire Neighbourhood Safer Place","location":"McKell Avenue","suburb":"WATERFALL","type":"Building","point_type":155}},{"type":"Feature","geometry":{"type":"Point","coordinates":[149.53158,-34.40085]},"properties":{"name":"Bush Fire Neighbourhood Safer Place","location":"42 Peelwood Road, Laggan","suburb":"LAGGAN","type":"Building","point_type":155}},{"type":"Feature","geometry":{"type":"Point","coordinates":[151.06349,-34.02016]},"properties":{"name":"Bush Fire Neighbourhood Safer Place","location":"69 Jannali Avenue","suburb":"JANNALI","type":"Open Space","point_type":155}},{"type":"Feature","geometry":{"type":"Point","coordinates":[152.54309,-29.06945]},"properties":{"name":"Bush Fire Neighbourhood Safer Place","location":"584 Ewingar Road, Ewingar","suburb":"EWINGAR","type":"Building","point_type":155}},{"type":"Feature","geometry":{"type":"Point","coordinates":[151.30849,-31.81493]},"properties":{"name":"Bush Fire Neighbourhood Safer Place","location":"7731 Hunter Road Ellerston NSW 2337","suburb":"ELLERSTON","type":"Building","point_type":155}},{"type":"Feature","geometry":{"type":"Point","coordinates":[153.48811,-28.54794]},"properties":{"name":"Bush Fire Neighbourhood Safer Place","location":"62 Main Arm Road, Mullumbimby","suburb":"MULLUMBIMBY","type":"Open Space","point_type":155}},{"type":"Feature","geometry":{"type":"Point","coordinates":[150.58611,-35.05485]},"properties":{"name":"Bush Fire Neighbourhood Safer Place","location":"70 Hawken Road","suburb":"Tomerong","type":"Open Space","point_type":155}},{"type":"Feature","geometry":{"type":"Point","coordinates":[152.5961,-28.65401]},"properties":{"name":"Bush Fire Neighbourhood Safer Place","location":"8 Duck Creek Road","suburb":"OLD BONALBO","type":"Building","point_type":155}},{"type":"Feature","geometry":{"type":"Point","coordinates":[145.8891,-34.80397]},"properties":{"name":"Bush Fire Neighbourhood Safer Place","location":"Bencubbin Avenue","suburb":"COLEAMBALLY","type":"Building","point_type":155}},{"type":"Feature","geometry":{"type":"Point","coordinates":[150.37085,-33.71442]},"properties":{"name":"Bush Fire Neighbourhood Safer Place","location":"17 Armstrong St, Wentworth Falls","suburb":"WENTWORTH FALLS","type":"Building","point_type":155}},{"type":"Feature","geometry":{"type":"Point","coordinates":[146.71495,-31.02454]},"properties":{"name":"Bush Fire Neighbourhood Safer Place","location":"Corner of Dalley & Budther Streets, Coolabah","suburb":"COOLABAH","type":"Building","point_type":155}},{"type":"Feature","geometry":{"type":"Point","coordinates":[150.61348,-34.17638]},"properties":{"name":"Bush Fire Neighbourhood Safer Place","location":"157 Menangle Street","suburb":"PICTON","type":"Open Space","point_type":155}},{"type":"Feature","geometry":{"type":"Point","coordinates":[151.3002,-32.61088]},"properties":{"name":"Bush Fire Neighbourhood Safer Place","location":"699 Standen Drive, Lower Belford","suburb":"LOWER BELFORD","type":"Building","point_type":155}},{"type":"Feature","geometry":{"type":"Point","coordinates":[150.14079,-32.83516]},"properties":{"name":"Bush Fire Neighbourhood Safer Place","location":"33 Coolcalwin Street","suburb":"BOWNA","type":"Building","point_type":155}}]}